
     Program PROJWFC v.7.5 starts on 27Aug2026 at 15: 7:11 

     This program is part of the open-source Quantum ESPRESSO suite
     for quantum simulation of materials; please cite
         "P. Giannozzi et al., J. Phys.:Condens. Matter 21 395502 (2009);
         "P. Giannozzi et al., J. Phys.:Condens. Matter 29 465901 (2017);
         "P. Giannozzi et al., J. Chem. Phys. 152 154105 (2020);
          URL http://www.quantum-espresso.org", 
     in publications or presentations arising from this work. More details at
     http://www.quantum-espresso.org/quote

     Parallel version (MPI & OpenMP), running on       4 processor cores
     Number of MPI processes:                 4
     Threads/MPI process:                     1

     MPI processes distributed on     1 nodes
     R & G space division:  proc/nbgrp/npool/nimage =       4
     2988 MiB available memory on the printing compute node when the environment starts


     Reading xml data from directory:

     ./tmp/graphene.save/

     IMPORTANT: XC functional enforced from input :
     Exchange-correlation= PBE
                           (   1   4   3   4   0   0   0)
     Any further DFT definition will be discarded
     Please, verify this is what you really want


     Parallelization info
     --------------------
     sticks:   dense  smooth     PW     G-vecs:    dense   smooth      PW
     Min         148     148     44                18002    18002    2885
     Max         149     149     49                18019    18019    2886
     Sum         595     595    187                72043    72043   11541

     Using Slab Decomposition

 ----2D----2D----2D----2D----2D----2D----2D----2D----2D----2D----2D----2D
  The code is running with the 2D cutoff
  Please refer to:
  Sohier, T., Calandra, M., & Mauri, F. (2017), 
  Density functional perturbation theory for gated two-dimensional heterostructures:
  Theoretical developments and application to flexural phonons in graphene.
  Physical Review B, 96(7), 75448. https://doi.org/10.1103/PhysRevB.96.075448
 ----2D----2D----2D----2D----2D----2D----2D----2D----2D----2D----2D----2D

     Gaussian broadening (read from input): ngauss,degauss=   0    0.010000


     Calling projwave .... 
     Subspace diagonalization in iterative solution of the eigenvalue problem:
     one sub-group per band group will be used
     ELPA distributed-memory algorithm (size of sub-group:  2*  2 procs)

     linear algebra parallelized on   4 procs

  Problem Sizes 
  natomwfc =            8
  nx       =            4
  nbnd     =            8
  nkstot   =          397
  npwx     =         2264
  nkb      =           16


     Atomic states used for projection
     (read from pseudopotential files):

     state #   1: atom   1 (C  ), wfc  1 (l=0 m= 1)
     state #   2: atom   1 (C  ), wfc  2 (l=1 m= 1)
     state #   3: atom   1 (C  ), wfc  2 (l=1 m= 2)
     state #   4: atom   1 (C  ), wfc  2 (l=1 m= 3)
     state #   5: atom   2 (C  ), wfc  1 (l=0 m= 1)
     state #   6: atom   2 (C  ), wfc  2 (l=1 m= 1)
     state #   7: atom   2 (C  ), wfc  2 (l=1 m= 2)
     state #   8: atom   2 (C  ), wfc  2 (l=1 m= 3)

 k =   0.0000000000  0.0000000000  0.0000000000
==== e(   1) =   -23.77865 eV ==== 
     psi = 0.492*[#   1]+0.492*[#   5]
    |psi|^2 = 0.985
==== e(   2) =   -11.86775 eV ==== 
     psi = 0.473*[#   2]+0.473*[#   6]
    |psi|^2 = 0.946
==== e(   3) =    -7.30171 eV ==== 
     psi = 0.249*[#   3]+0.249*[#   4]+0.249*[#   7]+0.249*[#   8]
    |psi|^2 = 0.997
==== e(   4) =    -7.30171 eV ==== 
     psi = 0.249*[#   3]+0.249*[#   4]+0.249*[#   7]+0.249*[#   8]
    |psi|^2 = 0.997
==== e(   5) =    -0.94883 eV ==== 
     psi = 0.003*[#   1]+0.003*[#   5]
    |psi|^2 = 0.007
==== e(   6) =    -0.04535 eV ==== 
     psi = 0.014*[#   2]+0.014*[#   6]
    |psi|^2 = 0.028
==== e(   7) =     1.75431 eV ==== 
     psi = 0.001*[#   1]+0.001*[#   5]
    |psi|^2 = 0.002
==== e(   8) =     2.66390 eV ==== 
     psi = 0.007*[#   2]+0.007*[#   6]
    |psi|^2 = 0.015

 k =   0.0000000000  0.0174954627  0.0000000000
==== e(   1) =   -23.77323 eV ==== 
     psi = 0.491*[#   1]+0.491*[#   5]
    |psi|^2 = 0.985
==== e(   2) =   -11.86126 eV ==== 
     psi = 0.473*[#   2]+0.473*[#   6]
    |psi|^2 = 0.946
==== e(   3) =    -7.32438 eV ==== 
     psi = 0.249*[#   3]+0.249*[#   4]+0.249*[#   7]+0.249*[#   8]
    |psi|^2 = 0.997
==== e(   4) =    -7.31373 eV ==== 
     psi = 0.249*[#   3]+0.249*[#   4]+0.249*[#   7]+0.249*[#   8]
    |psi|^2 = 0.997
==== e(   5) =    -0.94149 eV ==== 
     psi = 0.003*[#   1]+0.003*[#   5]
    |psi|^2 = 0.007
==== e(   6) =    -0.03793 eV ==== 
     psi = 0.014*[#   2]+0.014*[#   6]
    |psi|^2 = 0.028
==== e(   7) =     1.76170 eV ==== 
     psi = 0.001*[#   1]+0.001*[#   5]
    |psi|^2 = 0.002
==== e(   8) =     2.67126 eV ==== 
     psi = 0.007*[#   2]+0.007*[#   6]
    |psi|^2 = 0.015

 k =   0.0000000000  0.0349909254  0.0000000000
==== e(   1) =   -23.75698 eV ==== 
     psi = 0.488*[#   1]+0.488*[#   5]+0.002*[#   3]+0.002*[#   4]+0.002*[#   7]
          +0.002*[#   8]
    |psi|^2 = 0.985
==== e(   2) =   -11.84177 eV ==== 
     psi = 0.473*[#   2]+0.473*[#   6]
    |psi|^2 = 0.947
==== e(   3) =    -7.39187 eV ==== 
     psi = 0.248*[#   3]+0.248*[#   4]+0.248*[#   7]+0.248*[#   8]+0.002*[#   1]
          +0.002*[#   5]
    |psi|^2 = 0.997
==== e(   4) =    -7.34944 eV ==== 
     psi = 0.249*[#   3]+0.249*[#   4]+0.249*[#   7]+0.249*[#   8]
    |psi|^2 = 0.997
==== e(   5) =    -0.91944 eV ==== 
     psi = 0.003*[#   1]+0.003*[#   5]
    |psi|^2 = 0.009
==== e(   6) =    -0.01567 eV ==== 
     psi = 0.014*[#   2]+0.014*[#   6]
    |psi|^2 = 0.027
==== e(   7) =     1.78387 eV ==== 
     psi = 0.001*[#   1]+0.001*[#   5]
    |psi|^2 = 0.003
==== e(   8) =     2.69332 eV ==== 
     psi = 0.007*[#   2]+0.007*[#   6]
    |psi|^2 = 0.015

 k =   0.0000000000  0.0524863881  0.0000000000
==== e(   1) =   -23.72990 eV ==== 
     psi = 0.483*[#   1]+0.483*[#   5]+0.005*[#   3]+0.005*[#   4]+0.005*[#   7]
          +0.005*[#   8]
    |psi|^2 = 0.985
==== e(   2) =   -11.80930 eV ==== 
     psi = 0.474*[#   2]+0.474*[#   6]
    |psi|^2 = 0.948
==== e(   3) =    -7.50275 eV ==== 
     psi = 0.247*[#   3]+0.247*[#   4]+0.247*[#   7]+0.247*[#   8]+0.005*[#   1]
          +0.005*[#   5]
    |psi|^2 = 0.997
==== e(   4) =    -7.40780 eV ==== 
     psi = 0.249*[#   3]+0.249*[#   4]+0.249*[#   7]+0.249*[#   8]
    |psi|^2 = 0.997
==== e(   5) =    -0.88270 eV ==== 
     psi = 0.003*[#   1]+0.003*[#   5]+0.002*[#   3]+0.002*[#   4]+0.002*[#   7]
          +0.002*[#   8]
    |psi|^2 = 0.012
==== e(   6) =     0.02142 eV ==== 
     psi = 0.013*[#   2]+0.013*[#   6]
    |psi|^2 = 0.027
==== e(   7) =     1.82082 eV ==== 
     psi = 0.001*[#   1]+0.001*[#   5]
    |psi|^2 = 0.003
==== e(   8) =     2.73008 eV ==== 
     psi = 0.007*[#   2]+0.007*[#   6]
    |psi|^2 = 0.014

 k =   0.0000000000  0.0699818508  0.0000000000
==== e(   1) =   -23.69201 eV ==== 
     psi = 0.476*[#   1]+0.476*[#   5]+0.008*[#   3]+0.008*[#   4]+0.008*[#   7]
          +0.008*[#   8]
    |psi|^2 = 0.984
==== e(   2) =   -11.76389 eV ==== 
     psi = 0.474*[#   2]+0.474*[#   6]
    |psi|^2 = 0.949
==== e(   3) =    -7.65475 eV ==== 
     psi = 0.245*[#   3]+0.245*[#   4]+0.245*[#   7]+0.245*[#   8]+0.009*[#   1]
          +0.009*[#   5]
    |psi|^2 = 0.997
==== e(   4) =    -7.48719 eV ==== 
     psi = 0.249*[#   3]+0.249*[#   4]+0.249*[#   7]+0.249*[#   8]
    |psi|^2 = 0.997
==== e(   5) =    -0.83126 eV ==== 
     psi = 0.003*[#   3]+0.003*[#   4]+0.003*[#   7]+0.003*[#   8]+0.002*[#   1]
          +0.002*[#   5]
    |psi|^2 = 0.015
==== e(   6) =     0.07334 eV ==== 
     psi = 0.013*[#   2]+0.013*[#   6]
    |psi|^2 = 0.026
==== e(   7) =     1.87256 eV ==== 

    |psi|^2 = 0.003
==== e(   8) =     2.78153 eV ==== 
     psi = 0.007*[#   2]+0.007*[#   6]
    |psi|^2 = 0.014

 k =   0.0000000000  0.0874773135  0.0000000000
==== e(   1) =   -23.64331 eV ==== 
     psi = 0.468*[#   1]+0.468*[#   5]+0.012*[#   3]+0.012*[#   4]+0.012*[#   7]
          +0.012*[#   8]
    |psi|^2 = 0.984
==== e(   2) =   -11.70556 eV ==== 
     psi = 0.475*[#   2]+0.475*[#   6]
    |psi|^2 = 0.950
==== e(   3) =    -7.84493 eV ==== 
     psi = 0.242*[#   3]+0.242*[#   4]+0.242*[#   7]+0.242*[#   8]+0.014*[#   1]
          +0.014*[#   5]
    |psi|^2 = 0.997
==== e(   4) =    -7.58556 eV ==== 
     psi = 0.249*[#   3]+0.249*[#   4]+0.249*[#   7]+0.249*[#   8]
    |psi|^2 = 0.997
==== e(   5) =    -0.76511 eV ==== 
     psi = 0.004*[#   3]+0.004*[#   4]+0.004*[#   7]+0.004*[#   8]+0.002*[#   1]
          +0.002*[#   5]
    |psi|^2 = 0.019
==== e(   6) =     0.14008 eV ==== 
     psi = 0.013*[#   2]+0.013*[#   6]
    |psi|^2 = 0.026
==== e(   7) =     1.93909 eV ==== 

    |psi|^2 = 0.003
==== e(   8) =     2.84765 eV ==== 
     psi = 0.007*[#   2]+0.007*[#   6]
    |psi|^2 = 0.014

 k =   0.0000000000  0.1049727762  0.0000000000
==== e(   1) =   -23.58382 eV ==== 
     psi = 0.459*[#   1]+0.459*[#   5]+0.017*[#   3]+0.017*[#   4]+0.017*[#   7]
          +0.017*[#   8]
    |psi|^2 = 0.984
==== e(   2) =   -11.63438 eV ==== 
     psi = 0.476*[#   2]+0.476*[#   6]
    |psi|^2 = 0.952
==== e(   3) =    -8.06998 eV ==== 
     psi = 0.240*[#   3]+0.240*[#   4]+0.240*[#   7]+0.240*[#   8]+0.019*[#   1]
          +0.019*[#   5]
    |psi|^2 = 0.997
==== e(   4) =    -7.70052 eV ==== 
     psi = 0.249*[#   3]+0.249*[#   4]+0.249*[#   7]+0.249*[#   8]
    |psi|^2 = 0.998
==== e(   5) =    -0.68426 eV ==== 
     psi = 0.005*[#   3]+0.005*[#   4]+0.005*[#   7]+0.005*[#   8]+0.001*[#   1]
          +0.001*[#   5]
    |psi|^2 = 0.023
==== e(   6) =     0.22162 eV ==== 
     psi = 0.012*[#   2]+0.012*[#   6]
    |psi|^2 = 0.025
==== e(   7) =     2.02040 eV ==== 

    |psi|^2 = 0.004
==== e(   8) =     2.92841 eV ==== 
     psi = 0.007*[#   2]+0.007*[#   6]
    |psi|^2 = 0.013

 k =   0.0000000000  0.1224682389  0.0000000000
==== e(   1) =   -23.51356 eV ==== 
     psi = 0.448*[#   1]+0.448*[#   5]+0.022*[#   3]+0.022*[#   4]+0.022*[#   7]
          +0.022*[#   8]
    |psi|^2 = 0.984
==== e(   2) =   -11.55040 eV ==== 
     psi = 0.477*[#   2]+0.477*[#   6]
    |psi|^2 = 0.954
==== e(   3) =    -8.32629 eV ==== 
     psi = 0.237*[#   3]+0.237*[#   4]+0.237*[#   7]+0.237*[#   8]+0.025*[#   1]
          +0.025*[#   5]
    |psi|^2 = 0.997
==== e(   4) =    -7.82954 eV ==== 
     psi = 0.249*[#   3]+0.249*[#   4]+0.249*[#   7]+0.249*[#   8]
    |psi|^2 = 0.998
==== e(   5) =    -0.58870 eV ==== 
     psi = 0.006*[#   3]+0.006*[#   4]+0.006*[#   7]+0.006*[#   8]
    |psi|^2 = 0.027
==== e(   6) =     0.31794 eV ==== 
     psi = 0.012*[#   2]+0.012*[#   6]
    |psi|^2 = 0.024
==== e(   7) =     2.11649 eV ==== 

    |psi|^2 = 0.004
==== e(   8) =     3.02377 eV ==== 
     psi = 0.006*[#   2]+0.006*[#   6]
    |psi|^2 = 0.013

 k =   0.0000000000  0.1399637016  0.0000000000
==== e(   1) =   -23.43256 eV ==== 
     psi = 0.437*[#   1]+0.437*[#   5]+0.027*[#   3]+0.027*[#   4]+0.027*[#   7]
          +0.027*[#   8]
    |psi|^2 = 0.984
==== e(   2) =   -11.45370 eV ==== 
     psi = 0.478*[#   2]+0.478*[#   6]
    |psi|^2 = 0.956
==== e(   3) =    -8.61025 eV ==== 
     psi = 0.233*[#   3]+0.233*[#   4]+0.233*[#   7]+0.233*[#   8]+0.032*[#   1]
          +0.032*[#   5]
    |psi|^2 = 0.996
==== e(   4) =    -7.97007 eV ==== 
     psi = 0.249*[#   3]+0.249*[#   4]+0.249*[#   7]+0.249*[#   8]
    |psi|^2 = 0.998
==== e(   5) =    -0.47845 eV ==== 
     psi = 0.007*[#   3]+0.007*[#   4]+0.007*[#   7]+0.007*[#   8]
    |psi|^2 = 0.031
==== e(   6) =     0.42901 eV ==== 
     psi = 0.011*[#   2]+0.011*[#   6]
    |psi|^2 = 0.023
==== e(   7) =     2.22734 eV ==== 

    |psi|^2 = 0.004
==== e(   8) =     3.13366 eV ==== 
     psi = 0.006*[#   2]+0.006*[#   6]
    |psi|^2 = 0.012

 k =   0.0000000000  0.1574591643  0.0000000000
==== e(   1) =   -23.34085 eV ==== 
     psi = 0.426*[#   1]+0.426*[#   5]+0.033*[#   3]+0.033*[#   4]+0.033*[#   7]
          +0.033*[#   8]
    |psi|^2 = 0.983
==== e(   2) =   -11.34437 eV ==== 
     psi = 0.479*[#   2]+0.479*[#   6]
    |psi|^2 = 0.958
==== e(   3) =    -8.91830 eV ==== 
     psi = 0.230*[#   3]+0.230*[#   4]+0.230*[#   7]+0.230*[#   8]+0.039*[#   1]
          +0.039*[#   5]
    |psi|^2 = 0.996
==== e(   4) =    -8.11959 eV ==== 
     psi = 0.249*[#   3]+0.249*[#   4]+0.249*[#   7]+0.249*[#   8]
    |psi|^2 = 0.998
==== e(   5) =    -0.35351 eV ==== 
     psi = 0.008*[#   3]+0.008*[#   4]+0.008*[#   7]+0.008*[#   8]
    |psi|^2 = 0.034
==== e(   6) =     0.55480 eV ==== 
     psi = 0.011*[#   2]+0.011*[#   6]
    |psi|^2 = 0.022
==== e(   7) =     2.35291 eV ==== 

    |psi|^2 = 0.004
==== e(   8) =     3.25798 eV ==== 
     psi = 0.006*[#   2]+0.006*[#   6]
    |psi|^2 = 0.011

 k =   0.0000000000  0.1749546270  0.0000000000
==== e(   1) =   -23.23846 eV ==== 
     psi = 0.414*[#   1]+0.414*[#   5]+0.039*[#   3]+0.039*[#   4]+0.039*[#   7]
          +0.039*[#   8]
    |psi|^2 = 0.983
==== e(   2) =   -11.22254 eV ==== 
     psi = 0.480*[#   2]+0.480*[#   6]
    |psi|^2 = 0.961
==== e(   3) =    -9.24703 eV ==== 
     psi = 0.226*[#   3]+0.226*[#   4]+0.226*[#   7]+0.226*[#   8]+0.046*[#   1]
          +0.046*[#   5]
    |psi|^2 = 0.995
==== e(   4) =    -8.27574 eV ==== 
     psi = 0.249*[#   3]+0.249*[#   4]+0.249*[#   7]+0.249*[#   8]
    |psi|^2 = 0.998
==== e(   5) =    -0.21389 eV ==== 
     psi = 0.009*[#   3]+0.009*[#   4]+0.009*[#   7]+0.009*[#   8]
    |psi|^2 = 0.036
==== e(   6) =     0.69526 eV ==== 
     psi = 0.010*[#   2]+0.010*[#   6]
    |psi|^2 = 0.020
==== e(   7) =     2.49314 eV ==== 

    |psi|^2 = 0.004
==== e(   8) =     3.39655 eV ==== 
     psi = 0.006*[#   2]+0.006*[#   6]
    |psi|^2 = 0.011

 k =   0.0000000000  0.1924500897  0.0000000000
==== e(   1) =   -23.12542 eV ==== 
     psi = 0.403*[#   1]+0.403*[#   5]+0.044*[#   3]+0.044*[#   4]+0.044*[#   7]
          +0.044*[#   8]
    |psi|^2 = 0.983
==== e(   2) =   -11.08832 eV ==== 
     psi = 0.482*[#   2]+0.482*[#   6]
    |psi|^2 = 0.963
==== e(   3) =    -9.59329 eV ==== 
     psi = 0.222*[#   3]+0.222*[#   4]+0.222*[#   7]+0.222*[#   8]+0.053*[#   1]
          +0.053*[#   5]
    |psi|^2 = 0.995
==== e(   4) =    -8.43633 eV ==== 
     psi = 0.249*[#   3]+0.249*[#   4]+0.249*[#   7]+0.249*[#   8]
    |psi|^2 = 0.998
==== e(   5) =    -0.05961 eV ==== 
     psi = 0.010*[#   3]+0.010*[#   4]+0.010*[#   7]+0.010*[#   8]
    |psi|^2 = 0.038
==== e(   6) =     0.85030 eV ==== 
     psi = 0.010*[#   2]+0.010*[#   6]
    |psi|^2 = 0.019
==== e(   7) =     2.64792 eV ==== 

    |psi|^2 = 0.004
==== e(   8) =     3.54891 eV ==== 
     psi = 0.006*[#   2]+0.006*[#   6]
    |psi|^2 = 0.011

 k =   0.0000000000  0.2099455524  0.0000000000
==== e(   1) =   -23.00180 eV ==== 
     psi = 0.391*[#   1]+0.391*[#   5]+0.050*[#   3]+0.050*[#   4]+0.050*[#   7]
          +0.050*[#   8]
    |psi|^2 = 0.983
==== e(   2) =   -10.94188 eV ==== 
     psi = 0.483*[#   2]+0.483*[#   6]
    |psi|^2 = 0.966
==== e(   3) =    -9.95418 eV ==== 
     psi = 0.218*[#   3]+0.218*[#   4]+0.218*[#   7]+0.218*[#   8]+0.060*[#   1]
          +0.060*[#   5]
    |psi|^2 = 0.994
==== e(   4) =    -8.59937 eV ==== 
     psi = 0.249*[#   3]+0.249*[#   4]+0.249*[#   7]+0.249*[#   8]
    |psi|^2 = 0.998
==== e(   5) =     0.10931 eV ==== 
     psi = 0.010*[#   3]+0.010*[#   4]+0.010*[#   7]+0.010*[#   8]
    |psi|^2 = 0.039
==== e(   6) =     1.01982 eV ==== 
     psi = 0.009*[#   2]+0.009*[#   6]
    |psi|^2 = 0.018
==== e(   7) =     2.81707 eV ==== 
     psi = 0.001*[#   1]+0.001*[#   5]
    |psi|^2 = 0.004
==== e(   8) =     3.71381 eV ==== 
     psi = 0.007*[#   2]+0.007*[#   6]
    |psi|^2 = 0.014

 k =   0.0000000000  0.2274410151  0.0000000000
==== e(   1) =   -22.86763 eV ==== 
     psi = 0.380*[#   1]+0.380*[#   5]+0.056*[#   3]+0.056*[#   4]+0.056*[#   7]
          +0.056*[#   8]
    |psi|^2 = 0.982
==== e(   2) =   -10.78340 eV ==== 
     psi = 0.484*[#   2]+0.484*[#   6]
    |psi|^2 = 0.969
==== e(   3) =   -10.32704 eV ==== 
     psi = 0.215*[#   3]+0.215*[#   4]+0.215*[#   7]+0.215*[#   8]+0.068*[#   1]
          +0.068*[#   5]
    |psi|^2 = 0.994
==== e(   4) =    -8.76307 eV ==== 
     psi = 0.249*[#   3]+0.249*[#   4]+0.249*[#   7]+0.249*[#   8]
    |psi|^2 = 0.997
==== e(   5) =     0.29284 eV ==== 
     psi = 0.010*[#   3]+0.010*[#   4]+0.010*[#   7]+0.010*[#   8]
    |psi|^2 = 0.040
==== e(   6) =     1.20362 eV ==== 
     psi = 0.008*[#   2]+0.008*[#   6]
    |psi|^2 = 0.017
==== e(   7) =     3.00021 eV ==== 
     psi = 0.002*[#   1]+0.002*[#   5]
    |psi|^2 = 0.004
==== e(   8) =     3.88459 eV ==== 
     psi = 0.019*[#   2]+0.019*[#   6]
    |psi|^2 = 0.039

 k =   0.0000000000  0.2449364778  0.0000000000
==== e(   1) =   -22.72297 eV ==== 
     psi = 0.369*[#   1]+0.369*[#   5]+0.061*[#   3]+0.061*[#   4]+0.061*[#   7]
          +0.061*[#   8]
    |psi|^2 = 0.982
==== e(   2) =   -10.70949 eV ==== 
     psi = 0.211*[#   3]+0.211*[#   4]+0.211*[#   7]+0.211*[#   8]+0.075*[#   1]
          +0.075*[#   5]
    |psi|^2 = 0.993
==== e(   3) =   -10.61309 eV ==== 
     psi = 0.486*[#   2]+0.486*[#   6]
    |psi|^2 = 0.972
==== e(   4) =    -8.92582 eV ==== 
     psi = 0.249*[#   3]+0.249*[#   4]+0.249*[#   7]+0.249*[#   8]
    |psi|^2 = 0.997
==== e(   5) =     0.49095 eV ==== 
     psi = 0.010*[#   3]+0.010*[#   4]+0.010*[#   7]+0.010*[#   8]
    |psi|^2 = 0.039
==== e(   6) =     1.40133 eV ==== 
     psi = 0.008*[#   2]+0.008*[#   6]
    |psi|^2 = 0.016
==== e(   7) =     3.19648 eV ==== 
     psi = 0.003*[#   1]+0.003*[#   5]
    |psi|^2 = 0.007
==== e(   8) =     3.93706 eV ==== 
     psi = 0.322*[#   2]+0.322*[#   6]
    |psi|^2 = 0.645

 k =   0.0000000000  0.2624319405  0.0000000000
==== e(   1) =   -22.56788 eV ==== 
     psi = 0.359*[#   1]+0.359*[#   5]+0.066*[#   3]+0.066*[#   4]+0.066*[#   7]
          +0.066*[#   8]
    |psi|^2 = 0.982
==== e(   2) =   -11.09940 eV ==== 
     psi = 0.207*[#   3]+0.207*[#   4]+0.207*[#   7]+0.207*[#   8]+0.082*[#   1]
          +0.082*[#   5]
    |psi|^2 = 0.993
==== e(   3) =   -10.43121 eV ==== 
     psi = 0.487*[#   2]+0.487*[#   6]
    |psi|^2 = 0.975
==== e(   4) =    -9.08623 eV ==== 
     psi = 0.249*[#   3]+0.249*[#   4]+0.249*[#   7]+0.249*[#   8]
    |psi|^2 = 0.997
==== e(   5) =     0.70361 eV ==== 
     psi = 0.009*[#   3]+0.009*[#   4]+0.009*[#   7]+0.009*[#   8]
    |psi|^2 = 0.038
==== e(   6) =     1.61214 eV ==== 
     psi = 0.008*[#   2]+0.008*[#   6]
    |psi|^2 = 0.016
==== e(   7) =     3.40333 eV ==== 
     psi = 0.008*[#   1]+0.008*[#   5]
    |psi|^2 = 0.018
==== e(   8) =     3.60387 eV ==== 
     psi = 0.462*[#   2]+0.462*[#   6]
    |psi|^2 = 0.923

 k =   0.0000000000  0.2799274032  0.0000000000
==== e(   1) =   -22.40245 eV ==== 
     psi = 0.349*[#   1]+0.349*[#   5]+0.071*[#   3]+0.071*[#   4]+0.071*[#   7]
          +0.071*[#   8]
    |psi|^2 = 0.982
==== e(   2) =   -11.49484 eV ==== 
     psi = 0.204*[#   3]+0.204*[#   4]+0.204*[#   7]+0.204*[#   8]+0.089*[#   1]
          +0.089*[#   5]
    |psi|^2 = 0.993
==== e(   3) =   -10.23805 eV ==== 
     psi = 0.489*[#   2]+0.489*[#   6]
    |psi|^2 = 0.977
==== e(   4) =    -9.24304 eV ==== 
     psi = 0.249*[#   3]+0.249*[#   4]+0.249*[#   7]+0.249*[#   8]
    |psi|^2 = 0.997
==== e(   5) =     0.93076 eV ==== 
     psi = 0.009*[#   3]+0.009*[#   4]+0.009*[#   7]+0.009*[#   8]
    |psi|^2 = 0.035
==== e(   6) =     1.83377 eV ==== 
     psi = 0.010*[#   2]+0.010*[#   6]
    |psi|^2 = 0.021
==== e(   7) =     3.21717 eV ==== 
     psi = 0.468*[#   2]+0.468*[#   6]
    |psi|^2 = 0.935
==== e(   8) =     3.60953 eV ==== 
     psi = 0.030*[#   1]+0.030*[#   5]+0.007*[#   3]+0.007*[#   4]+0.007*[#   7]
          +0.007*[#   8]
    |psi|^2 = 0.088

 k =   0.0000000000  0.2974228659  0.0000000000
==== e(   1) =   -22.22676 eV ==== 
     psi = 0.339*[#   1]+0.339*[#   5]+0.076*[#   3]+0.076*[#   4]+0.076*[#   7]
          +0.076*[#   8]
    |psi|^2 = 0.982
==== e(   2) =   -11.89411 eV ==== 
     psi = 0.200*[#   3]+0.200*[#   4]+0.200*[#   7]+0.200*[#   8]+0.095*[#   1]
          +0.095*[#   5]
    |psi|^2 = 0.992
==== e(   3) =   -10.03399 eV ==== 
     psi = 0.490*[#   2]+0.490*[#   6]
    |psi|^2 = 0.980
==== e(   4) =    -9.39518 eV ==== 
     psi = 0.249*[#   3]+0.249*[#   4]+0.249*[#   7]+0.249*[#   8]
    |psi|^2 = 0.997
==== e(   5) =     1.17233 eV ==== 
     psi = 0.008*[#   3]+0.008*[#   4]+0.008*[#   7]+0.008*[#   8]
    |psi|^2 = 0.033
==== e(   6) =     2.05634 eV ==== 
     psi = 0.026*[#   2]+0.026*[#   6]
    |psi|^2 = 0.052
==== e(   7) =     2.83088 eV ==== 
     psi = 0.453*[#   2]+0.453*[#   6]
    |psi|^2 = 0.907
==== e(   8) =     3.74643 eV ==== 
     psi = 0.143*[#   1]+0.143*[#   5]+0.054*[#   3]+0.054*[#   4]+0.054*[#   7]
          +0.054*[#   8]
    |psi|^2 = 0.504

 k =   0.0000000000  0.3149183286  0.0000000000
==== e(   1) =   -22.04089 eV ==== 
     psi = 0.330*[#   1]+0.330*[#   5]+0.080*[#   3]+0.080*[#   4]+0.080*[#   7]
          +0.080*[#   8]
    |psi|^2 = 0.982
==== e(   2) =   -12.29567 eV ==== 
     psi = 0.197*[#   3]+0.197*[#   4]+0.197*[#   7]+0.197*[#   8]+0.102*[#   1]
          +0.102*[#   5]
    |psi|^2 = 0.992
==== e(   3) =    -9.81946 eV ==== 
     psi = 0.491*[#   2]+0.491*[#   6]
    |psi|^2 = 0.983
==== e(   4) =    -9.54170 eV ==== 
     psi = 0.249*[#   3]+0.249*[#   4]+0.249*[#   7]+0.249*[#   8]
    |psi|^2 = 0.997
==== e(   5) =     1.42822 eV ==== 
     psi = 0.007*[#   3]+0.007*[#   4]+0.007*[#   7]+0.007*[#   8]
    |psi|^2 = 0.029
==== e(   6) =     2.18180 eV ==== 
     psi = 0.217*[#   2]+0.217*[#   6]
    |psi|^2 = 0.434
==== e(   7) =     2.54856 eV ==== 
     psi = 0.262*[#   2]+0.262*[#   6]
    |psi|^2 = 0.523
==== e(   8) =     3.74212 eV ==== 
     psi = 0.225*[#   1]+0.225*[#   5]+0.087*[#   3]+0.087*[#   4]+0.087*[#   7]
          +0.087*[#   8]
    |psi|^2 = 0.795

 k =   0.0000000000  0.3324137914  0.0000000000
==== e(   1) =   -21.84496 eV ==== 
     psi = 0.321*[#   1]+0.321*[#   5]+0.085*[#   3]+0.085*[#   4]+0.085*[#   7]
          +0.085*[#   8]
    |psi|^2 = 0.982
==== e(   2) =   -12.69815 eV ==== 
     psi = 0.194*[#   3]+0.194*[#   4]+0.194*[#   7]+0.194*[#   8]+0.108*[#   1]
          +0.108*[#   5]
    |psi|^2 = 0.991
==== e(   3) =    -9.68176 eV ==== 
     psi = 0.249*[#   3]+0.249*[#   4]+0.249*[#   7]+0.249*[#   8]
    |psi|^2 = 0.997
==== e(   4) =    -9.59499 eV ==== 
     psi = 0.493*[#   2]+0.493*[#   6]
    |psi|^2 = 0.985
==== e(   5) =     1.69829 eV ==== 
     psi = 0.006*[#   3]+0.006*[#   4]+0.006*[#   7]+0.006*[#   8]
    |psi|^2 = 0.025
==== e(   6) =     1.90324 eV ==== 
     psi = 0.438*[#   2]+0.438*[#   6]
    |psi|^2 = 0.875
==== e(   7) =     2.67999 eV ==== 
     psi = 0.040*[#   2]+0.040*[#   6]
    |psi|^2 = 0.081
==== e(   8) =     3.69612 eV ==== 
     psi = 0.250*[#   1]+0.250*[#   5]+0.089*[#   3]+0.089*[#   4]+0.089*[#   7]
          +0.089*[#   8]
    |psi|^2 = 0.857

 k =   0.0000000000  0.3499092541  0.0000000000
==== e(   1) =   -21.63911 eV ==== 
     psi = 0.313*[#   1]+0.313*[#   5]+0.089*[#   3]+0.089*[#   4]+0.089*[#   7]
          +0.089*[#   8]
    |psi|^2 = 0.982
==== e(   2) =   -13.10029 eV ==== 
     psi = 0.191*[#   3]+0.191*[#   4]+0.191*[#   7]+0.191*[#   8]+0.114*[#   1]
          +0.114*[#   5]
    |psi|^2 = 0.991
==== e(   3) =    -9.81465 eV ==== 
     psi = 0.249*[#   3]+0.249*[#   4]+0.249*[#   7]+0.249*[#   8]
    |psi|^2 = 0.997
==== e(   4) =    -9.36123 eV ==== 
     psi = 0.494*[#   2]+0.494*[#   6]
    |psi|^2 = 0.987
==== e(   5) =     1.50308 eV ==== 
     psi = 0.461*[#   2]+0.461*[#   6]
    |psi|^2 = 0.923
==== e(   6) =     1.98231 eV ==== 
     psi = 0.005*[#   3]+0.005*[#   4]+0.005*[#   7]+0.005*[#   8]
    |psi|^2 = 0.021
==== e(   7) =     2.94510 eV ==== 
     psi = 0.016*[#   2]+0.016*[#   6]
    |psi|^2 = 0.032
==== e(   8) =     3.64311 eV ==== 
     psi = 0.265*[#   1]+0.265*[#   5]+0.087*[#   3]+0.087*[#   4]+0.087*[#   7]
          +0.087*[#   8]
    |psi|^2 = 0.878

 k =   0.0000000000  0.3674047168  0.0000000000
==== e(   1) =   -21.42348 eV ==== 
     psi = 0.306*[#   1]+0.306*[#   5]+0.093*[#   3]+0.093*[#   4]+0.093*[#   7]
          +0.093*[#   8]
    |psi|^2 = 0.982
==== e(   2) =   -13.50096 eV ==== 
     psi = 0.188*[#   3]+0.188*[#   4]+0.188*[#   7]+0.188*[#   8]+0.120*[#   1]
          +0.120*[#   5]
    |psi|^2 = 0.991
==== e(   3) =    -9.93975 eV ==== 
     psi = 0.249*[#   3]+0.249*[#   4]+0.249*[#   7]+0.249*[#   8]
    |psi|^2 = 0.997
==== e(   4) =    -9.11898 eV ==== 
     psi = 0.495*[#   2]+0.495*[#   6]
    |psi|^2 = 0.989
==== e(   5) =     1.08856 eV ==== 
     psi = 0.467*[#   2]+0.467*[#   6]
    |psi|^2 = 0.934
==== e(   6) =     2.27978 eV ==== 
     psi = 0.004*[#   3]+0.004*[#   4]+0.004*[#   7]+0.004*[#   8]+0.001*[#   1]
          +0.001*[#   5]
    |psi|^2 = 0.017
==== e(   7) =     3.23888 eV ==== 
     psi = 0.010*[#   2]+0.010*[#   6]
    |psi|^2 = 0.020
==== e(   8) =     3.59006 eV ==== 
     psi = 0.277*[#   1]+0.277*[#   5]+0.083*[#   3]+0.083*[#   4]+0.083*[#   7]
          +0.083*[#   8]
    |psi|^2 = 0.889

 k =   0.0000000000  0.3849001795  0.0000000000
==== e(   1) =   -21.19825 eV ==== 
     psi = 0.299*[#   1]+0.299*[#   5]+0.096*[#   3]+0.096*[#   4]+0.096*[#   7]
          +0.096*[#   8]
    |psi|^2 = 0.982
==== e(   2) =   -13.89914 eV ==== 
     psi = 0.185*[#   3]+0.185*[#   4]+0.185*[#   7]+0.185*[#   8]+0.125*[#   1]
          +0.125*[#   5]
    |psi|^2 = 0.990
==== e(   3) =   -10.05651 eV ==== 
     psi = 0.249*[#   3]+0.249*[#   4]+0.249*[#   7]+0.249*[#   8]
    |psi|^2 = 0.997
==== e(   4) =    -8.86929 eV ==== 
     psi = 0.495*[#   2]+0.495*[#   6]
    |psi|^2 = 0.991
==== e(   5) =     0.67246 eV ==== 
     psi = 0.469*[#   2]+0.469*[#   6]
    |psi|^2 = 0.938
==== e(   6) =     2.58957 eV ==== 
     psi = 0.003*[#   1]+0.003*[#   5]+0.002*[#   3]+0.002*[#   4]+0.002*[#   7]
          +0.002*[#   8]
    |psi|^2 = 0.015
==== e(   7) =     3.54029 eV ==== 
     psi = 0.287*[#   1]+0.287*[#   5]+0.080*[#   3]+0.080*[#   4]+0.080*[#   7]
          +0.080*[#   8]
    |psi|^2 = 0.894
==== e(   8) =     3.55081 eV ==== 
     psi = 0.007*[#   2]+0.007*[#   6]
    |psi|^2 = 0.014

 k =   0.0000000000  0.4023956422  0.0000000000
==== e(   1) =   -20.96367 eV ==== 
     psi = 0.292*[#   1]+0.292*[#   5]+0.100*[#   3]+0.100*[#   4]+0.100*[#   7]
          +0.100*[#   8]
    |psi|^2 = 0.983
==== e(   2) =   -14.29382 eV ==== 
     psi = 0.182*[#   3]+0.182*[#   4]+0.182*[#   7]+0.182*[#   8]+0.130*[#   1]
          +0.130*[#   5]
    |psi|^2 = 0.990
==== e(   3) =   -10.16447 eV ==== 
     psi = 0.249*[#   3]+0.249*[#   4]+0.249*[#   7]+0.249*[#   8]
    |psi|^2 = 0.996
==== e(   4) =    -8.61345 eV ==== 
     psi = 0.496*[#   2]+0.496*[#   6]
    |psi|^2 = 0.992
==== e(   5) =     0.25959 eV ==== 
     psi = 0.470*[#   2]+0.470*[#   6]
    |psi|^2 = 0.941
==== e(   6) =     2.90772 eV ==== 
     psi = 0.011*[#   1]+0.011*[#   5]
    |psi|^2 = 0.023
==== e(   7) =     3.49887 eV ==== 
     psi = 0.289*[#   1]+0.289*[#   5]+0.077*[#   3]+0.077*[#   4]+0.077*[#   7]
          +0.077*[#   8]
    |psi|^2 = 0.887
==== e(   8) =     3.87844 eV ==== 
     psi = 0.006*[#   2]+0.006*[#   6]
    |psi|^2 = 0.011

 k =   0.0000000000  0.4198911049  0.0000000000
==== e(   1) =   -20.72003 eV ==== 
     psi = 0.286*[#   1]+0.286*[#   5]+0.103*[#   3]+0.103*[#   4]+0.103*[#   7]
          +0.103*[#   8]
    |psi|^2 = 0.983
==== e(   2) =   -14.68408 eV ==== 
     psi = 0.180*[#   3]+0.180*[#   4]+0.180*[#   7]+0.180*[#   8]+0.135*[#   1]
          +0.135*[#   5]
    |psi|^2 = 0.989
==== e(   3) =   -10.26321 eV ==== 
     psi = 0.249*[#   3]+0.249*[#   4]+0.249*[#   7]+0.249*[#   8]
    |psi|^2 = 0.996
==== e(   4) =    -8.35318 eV ==== 
     psi = 0.497*[#   2]+0.497*[#   6]
    |psi|^2 = 0.994
==== e(   5) =    -0.14646 eV ==== 
     psi = 0.471*[#   2]+0.471*[#   6]
    |psi|^2 = 0.943
==== e(   6) =     3.20850 eV ==== 
     psi = 0.069*[#   1]+0.069*[#   5]+0.004*[#   3]+0.004*[#   4]+0.004*[#   7]
          +0.004*[#   8]
    |psi|^2 = 0.156
==== e(   7) =     3.49220 eV ==== 
     psi = 0.239*[#   1]+0.239*[#   5]+0.069*[#   3]+0.069*[#   4]+0.069*[#   7]
          +0.069*[#   8]
    |psi|^2 = 0.754
==== e(   8) =     4.22082 eV ==== 
     psi = 0.005*[#   2]+0.005*[#   6]
    |psi|^2 = 0.009

 k =   0.0000000000  0.4373865676  0.0000000000
==== e(   1) =   -20.46773 eV ==== 
     psi = 0.280*[#   1]+0.280*[#   5]+0.106*[#   3]+0.106*[#   4]+0.106*[#   7]
          +0.106*[#   8]
    |psi|^2 = 0.983
==== e(   2) =   -15.06894 eV ==== 
     psi = 0.178*[#   3]+0.178*[#   4]+0.178*[#   7]+0.178*[#   8]+0.139*[#   1]
          +0.139*[#   5]
    |psi|^2 = 0.989
==== e(   3) =   -10.35239 eV ==== 
     psi = 0.249*[#   3]+0.249*[#   4]+0.249*[#   7]+0.249*[#   8]
    |psi|^2 = 0.996
==== e(   4) =    -8.09074 eV ==== 
     psi = 0.497*[#   2]+0.497*[#   6]
    |psi|^2 = 0.995
==== e(   5) =    -0.54213 eV ==== 
     psi = 0.472*[#   2]+0.472*[#   6]
    |psi|^2 = 0.944
==== e(   6) =     3.33171 eV ==== 
     psi = 0.270*[#   1]+0.270*[#   5]+0.045*[#   3]+0.045*[#   4]+0.045*[#   7]
          +0.045*[#   8]
    |psi|^2 = 0.720
==== e(   7) =     3.68096 eV ==== 
     psi = 0.046*[#   1]+0.046*[#   5]+0.024*[#   3]+0.024*[#   4]+0.024*[#   7]
          +0.024*[#   8]
    |psi|^2 = 0.189
==== e(   8) =     4.57744 eV ==== 
     psi = 0.004*[#   2]+0.004*[#   6]
    |psi|^2 = 0.008

 k =   0.0000000000  0.4548820303  0.0000000000
==== e(   1) =   -20.20732 eV ==== 
     psi = 0.276*[#   1]+0.276*[#   5]+0.108*[#   3]+0.108*[#   4]+0.108*[#   7]
          +0.108*[#   8]
    |psi|^2 = 0.984
==== e(   2) =   -15.44736 eV ==== 
     psi = 0.175*[#   3]+0.175*[#   4]+0.175*[#   7]+0.175*[#   8]+0.143*[#   1]
          +0.143*[#   5]
    |psi|^2 = 0.988
==== e(   3) =   -10.43172 eV ==== 
     psi = 0.249*[#   3]+0.249*[#   4]+0.249*[#   7]+0.249*[#   8]
    |psi|^2 = 0.996
==== e(   4) =    -7.82916 eV ==== 
     psi = 0.498*[#   2]+0.498*[#   6]
    |psi|^2 = 0.995
==== e(   5) =    -0.92337 eV ==== 
     psi = 0.473*[#   2]+0.473*[#   6]
    |psi|^2 = 0.945
==== e(   6) =     3.31874 eV ==== 
     psi = 0.313*[#   1]+0.313*[#   5]+0.055*[#   3]+0.055*[#   4]+0.055*[#   7]
          +0.055*[#   8]
    |psi|^2 = 0.846
==== e(   7) =     4.02404 eV ==== 
     psi = 0.010*[#   1]+0.010*[#   3]+0.010*[#   4]+0.010*[#   5]+0.010*[#   7]
          +0.010*[#   8]
    |psi|^2 = 0.062
==== e(   8) =     4.94788 eV ==== 
     psi = 0.003*[#   2]+0.003*[#   6]
    |psi|^2 = 0.007

 k =   0.0000000000  0.4723774930  0.0000000000
==== e(   1) =   -19.93967 eV ==== 
     psi = 0.272*[#   1]+0.272*[#   5]+0.110*[#   3]+0.110*[#   4]+0.110*[#   7]
          +0.110*[#   8]
    |psi|^2 = 0.985
==== e(   2) =   -15.81807 eV ==== 
     psi = 0.174*[#   3]+0.174*[#   4]+0.174*[#   7]+0.174*[#   8]+0.146*[#   1]
          +0.146*[#   5]
    |psi|^2 = 0.988
==== e(   3) =   -10.50094 eV ==== 
     psi = 0.249*[#   3]+0.249*[#   4]+0.249*[#   7]+0.249*[#   8]
    |psi|^2 = 0.996
==== e(   4) =    -7.57259 eV ==== 
     psi = 0.498*[#   2]+0.498*[#   6]
    |psi|^2 = 0.996
==== e(   5) =    -1.28520 eV ==== 
     psi = 0.473*[#   2]+0.473*[#   6]
    |psi|^2 = 0.947
==== e(   6) =     3.29127 eV ==== 
     psi = 0.325*[#   1]+0.325*[#   5]+0.056*[#   3]+0.056*[#   4]+0.056*[#   7]
          +0.056*[#   8]
    |psi|^2 = 0.873
==== e(   7) =     4.39994 eV ==== 
     psi = 0.006*[#   3]+0.006*[#   4]+0.006*[#   7]+0.006*[#   8]+0.004*[#   1]
          +0.004*[#   5]
    |psi|^2 = 0.034
==== e(   8) =     5.33176 eV ==== 
     psi = 0.003*[#   2]+0.003*[#   6]
    |psi|^2 = 0.006

 k =   0.0000000000  0.4898729557  0.0000000000
==== e(   1) =   -19.66616 eV ==== 
     psi = 0.270*[#   1]+0.270*[#   5]+0.111*[#   3]+0.111*[#   4]+0.111*[#   7]
          +0.111*[#   8]
    |psi|^2 = 0.986
==== e(   2) =   -16.17935 eV ==== 
     psi = 0.173*[#   3]+0.173*[#   4]+0.173*[#   7]+0.173*[#   8]+0.148*[#   1]
          +0.148*[#   5]
    |psi|^2 = 0.987
==== e(   3) =   -10.55985 eV ==== 
     psi = 0.249*[#   3]+0.249*[#   4]+0.249*[#   7]+0.249*[#   8]
    |psi|^2 = 0.996
==== e(   4) =    -7.32670 eV ==== 
     psi = 0.498*[#   2]+0.498*[#   6]
    |psi|^2 = 0.996
==== e(   5) =    -1.62126 eV ==== 
     psi = 0.474*[#   2]+0.474*[#   6]
    |psi|^2 = 0.948
==== e(   6) =     3.26447 eV ==== 
     psi = 0.333*[#   1]+0.333*[#   5]+0.055*[#   3]+0.055*[#   4]+0.055*[#   7]
          +0.055*[#   8]
    |psi|^2 = 0.884
==== e(   7) =     4.79353 eV ==== 
     psi = 0.004*[#   3]+0.004*[#   4]+0.004*[#   7]+0.004*[#   8]+0.002*[#   1]
          +0.002*[#   5]
    |psi|^2 = 0.022
==== e(   8) =     5.72862 eV ==== 
     psi = 0.003*[#   2]+0.003*[#   6]
    |psi|^2 = 0.006

 k =   0.0000000000  0.5073684184  0.0000000000
==== e(   1) =   -19.38928 eV ==== 
     psi = 0.270*[#   1]+0.270*[#   5]+0.112*[#   3]+0.112*[#   4]+0.112*[#   7]
          +0.112*[#   8]
    |psi|^2 = 0.987
==== e(   2) =   -16.52842 eV ==== 
     psi = 0.173*[#   3]+0.173*[#   4]+0.173*[#   7]+0.173*[#   8]+0.148*[#   1]
          +0.148*[#   5]
    |psi|^2 = 0.986
==== e(   3) =   -10.60827 eV ==== 
     psi = 0.249*[#   3]+0.249*[#   4]+0.249*[#   7]+0.249*[#   8]
    |psi|^2 = 0.996
==== e(   4) =    -7.09923 eV ==== 
     psi = 0.498*[#   2]+0.498*[#   6]
    |psi|^2 = 0.997
==== e(   5) =    -1.92326 eV ==== 
     psi = 0.474*[#   2]+0.474*[#   6]
    |psi|^2 = 0.948
==== e(   6) =     3.24127 eV ==== 
     psi = 0.338*[#   1]+0.338*[#   5]+0.053*[#   3]+0.053*[#   4]+0.053*[#   7]
          +0.053*[#   8]
    |psi|^2 = 0.889
==== e(   7) =     5.20181 eV ==== 
     psi = 0.003*[#   3]+0.003*[#   4]+0.003*[#   7]+0.003*[#   8]+0.001*[#   1]
          +0.001*[#   5]
    |psi|^2 = 0.015
==== e(   8) =     6.13789 eV ==== 
     psi = 0.003*[#   2]+0.003*[#   6]
    |psi|^2 = 0.006

 k =   0.0000000000  0.5248638811  0.0000000000
==== e(   1) =   -19.11406 eV ==== 
     psi = 0.273*[#   1]+0.273*[#   5]+0.111*[#   3]+0.111*[#   4]+0.111*[#   7]
          +0.111*[#   8]
    |psi|^2 = 0.988
==== e(   2) =   -16.86001 eV ==== 
     psi = 0.174*[#   3]+0.174*[#   4]+0.174*[#   7]+0.174*[#   8]+0.144*[#   1]
          +0.144*[#   5]
    |psi|^2 = 0.984
==== e(   3) =   -10.64607 eV ==== 
     psi = 0.249*[#   3]+0.249*[#   4]+0.249*[#   7]+0.249*[#   8]
    |psi|^2 = 0.996
==== e(   4) =    -6.90044 eV ==== 
     psi = 0.499*[#   2]+0.499*[#   6]
    |psi|^2 = 0.997
==== e(   5) =    -2.18047 eV ==== 
     psi = 0.474*[#   2]+0.474*[#   6]
    |psi|^2 = 0.949
==== e(   6) =     3.22269 eV ==== 
     psi = 0.341*[#   1]+0.341*[#   5]+0.052*[#   3]+0.052*[#   4]+0.052*[#   7]
          +0.052*[#   8]
    |psi|^2 = 0.892
==== e(   7) =     5.62349 eV ==== 
     psi = 0.002*[#   3]+0.002*[#   4]+0.002*[#   7]+0.002*[#   8]+0.001*[#   1]
          +0.001*[#   5]
    |psi|^2 = 0.012
==== e(   8) =     6.55867 eV ==== 
     psi = 0.003*[#   2]+0.003*[#   6]
    |psi|^2 = 0.006

 k =   0.0000000000  0.5423593438  0.0000000000
==== e(   1) =   -18.85232 eV ==== 
     psi = 0.282*[#   1]+0.282*[#   5]+0.107*[#   3]+0.107*[#   4]+0.107*[#   7]
          +0.107*[#   8]
    |psi|^2 = 0.990
==== e(   2) =   -17.16214 eV ==== 
     psi = 0.178*[#   3]+0.178*[#   4]+0.178*[#   7]+0.178*[#   8]+0.135*[#   1]
          +0.135*[#   5]
    |psi|^2 = 0.983
==== e(   3) =   -10.67314 eV ==== 
     psi = 0.249*[#   3]+0.249*[#   4]+0.249*[#   7]+0.249*[#   8]
    |psi|^2 = 0.996
==== e(   4) =    -6.74308 eV ==== 
     psi = 0.499*[#   2]+0.499*[#   6]
    |psi|^2 = 0.997
==== e(   5) =    -2.37981 eV ==== 
     psi = 0.475*[#   2]+0.475*[#   6]
    |psi|^2 = 0.949
==== e(   6) =     3.20919 eV ==== 
     psi = 0.344*[#   1]+0.344*[#   5]+0.052*[#   3]+0.052*[#   4]+0.052*[#   7]
          +0.052*[#   8]
    |psi|^2 = 0.894
==== e(   7) =     6.05749 eV ==== 
     psi = 0.002*[#   3]+0.002*[#   4]+0.002*[#   7]+0.002*[#   8]+0.001*[#   1]
          +0.001*[#   5]
    |psi|^2 = 0.010
==== e(   8) =     6.98930 eV ==== 
     psi = 0.003*[#   2]+0.003*[#   6]
    |psi|^2 = 0.007

 k =   0.0000000000  0.5598548065  0.0000000000
==== e(   1) =   -18.63570 eV ==== 
     psi = 0.298*[#   1]+0.298*[#   5]+0.099*[#   3]+0.099*[#   4]+0.099*[#   7]
          +0.099*[#   8]
    |psi|^2 = 0.992
==== e(   2) =   -17.40304 eV ==== 
     psi = 0.186*[#   3]+0.186*[#   4]+0.186*[#   7]+0.186*[#   8]+0.118*[#   1]
          +0.118*[#   5]
    |psi|^2 = 0.981
==== e(   3) =   -10.68941 eV ==== 
     psi = 0.249*[#   3]+0.249*[#   4]+0.249*[#   7]+0.249*[#   8]
    |psi|^2 = 0.996
==== e(   4) =    -6.64094 eV ==== 
     psi = 0.499*[#   2]+0.499*[#   6]
    |psi|^2 = 0.998
==== e(   5) =    -2.50724 eV ==== 
     psi = 0.475*[#   2]+0.475*[#   6]
    |psi|^2 = 0.949
==== e(   6) =     3.20100 eV ==== 
     psi = 0.346*[#   1]+0.346*[#   5]+0.051*[#   3]+0.051*[#   4]+0.051*[#   7]
          +0.051*[#   8]
    |psi|^2 = 0.895
==== e(   7) =     6.50158 eV ==== 
     psi = 0.002*[#   1]+0.002*[#   5]+0.001*[#   3]+0.001*[#   4]+0.001*[#   7]
          +0.001*[#   8]
    |psi|^2 = 0.009
==== e(   8) =     7.42449 eV ==== 
     psi = 0.004*[#   2]+0.004*[#   6]
    |psi|^2 = 0.009

 k =   0.0000000000 -0.5773502692  0.0000000000
==== e(   1) =   -18.54141 eV ==== 
     psi = 0.311*[#   1]+0.311*[#   5]+0.093*[#   3]+0.093*[#   4]+0.093*[#   7]
          +0.093*[#   8]
    |psi|^2 = 0.994
==== e(   2) =   -17.50543 eV ==== 
     psi = 0.192*[#   3]+0.192*[#   4]+0.192*[#   7]+0.192*[#   8]+0.105*[#   1]
          +0.105*[#   5]
    |psi|^2 = 0.979
==== e(   3) =   -10.69484 eV ==== 
     psi = 0.249*[#   3]+0.249*[#   4]+0.249*[#   7]+0.249*[#   8]
    |psi|^2 = 0.996
==== e(   4) =    -6.60538 eV ==== 
     psi = 0.499*[#   2]+0.499*[#   6]
    |psi|^2 = 0.998
==== e(   5) =    -2.55123 eV ==== 
     psi = 0.475*[#   2]+0.475*[#   6]
    |psi|^2 = 0.950
==== e(   6) =     3.19826 eV ==== 
     psi = 0.346*[#   1]+0.346*[#   5]+0.051*[#   3]+0.051*[#   4]+0.051*[#   7]
          +0.051*[#   8]
    |psi|^2 = 0.895
==== e(   7) =     6.89097 eV ==== 
     psi = 0.005*[#   1]+0.005*[#   5]
    |psi|^2 = 0.010
==== e(   8) =     7.04078 eV ==== 
     psi = 0.002*[#   3]+0.002*[#   4]+0.002*[#   7]+0.002*[#   8]
    |psi|^2 = 0.010

 k =   0.0151515152  0.0262431941  0.0000000000
==== e(   1) =   -23.76240 eV ==== 
     psi = 0.489*[#   1]+0.489*[#   5]+0.002*[#   3]+0.002*[#   4]+0.002*[#   7]
          +0.002*[#   8]
    |psi|^2 = 0.985
==== e(   2) =   -11.84826 eV ==== 
     psi = 0.473*[#   2]+0.473*[#   6]
    |psi|^2 = 0.947
==== e(   3) =    -7.36928 eV ==== 
     psi = 0.248*[#   3]+0.248*[#   4]+0.248*[#   7]+0.248*[#   8]+0.002*[#   1]
          +0.002*[#   5]
    |psi|^2 = 0.997
==== e(   4) =    -7.33777 eV ==== 
     psi = 0.249*[#   3]+0.249*[#   4]+0.249*[#   7]+0.249*[#   8]
    |psi|^2 = 0.997
==== e(   5) =    -0.92679 eV ==== 
     psi = 0.003*[#   1]+0.003*[#   5]
    |psi|^2 = 0.008
==== e(   6) =    -0.02309 eV ==== 
     psi = 0.014*[#   2]+0.014*[#   6]
    |psi|^2 = 0.027
==== e(   7) =     1.77648 eV ==== 
     psi = 0.001*[#   1]+0.001*[#   5]
    |psi|^2 = 0.003
==== e(   8) =     2.68597 eV ==== 
     psi = 0.007*[#   2]+0.007*[#   6]
    |psi|^2 = 0.015

 k =   0.0151515152  0.0437386568  0.0000000000
==== e(   1) =   -23.74073 eV ==== 
     psi = 0.485*[#   1]+0.485*[#   5]+0.004*[#   3]+0.004*[#   4]+0.004*[#   7]
          +0.004*[#   8]
    |psi|^2 = 0.985
==== e(   2) =   -11.82228 eV ==== 
     psi = 0.474*[#   2]+0.474*[#   6]
    |psi|^2 = 0.947
==== e(   3) =    -7.45798 eV ==== 
     psi = 0.247*[#   3]+0.247*[#   4]+0.247*[#   7]+0.247*[#   8]+0.004*[#   1]
          +0.004*[#   5]
    |psi|^2 = 0.997
==== e(   4) =    -7.38530 eV ==== 
     psi = 0.249*[#   3]+0.249*[#   4]+0.249*[#   7]+0.249*[#   8]
    |psi|^2 = 0.997
==== e(   5) =    -0.89740 eV ==== 
     psi = 0.003*[#   1]+0.003*[#   5]+0.001*[#   3]+0.001*[#   4]+0.001*[#   7]
          +0.001*[#   8]
    |psi|^2 = 0.011
==== e(   6) =     0.00658 eV ==== 
     psi = 0.014*[#   2]+0.014*[#   6]
    |psi|^2 = 0.027
==== e(   7) =     1.80604 eV ==== 
     psi = 0.001*[#   1]+0.001*[#   5]
    |psi|^2 = 0.003
==== e(   8) =     2.71538 eV ==== 
     psi = 0.007*[#   2]+0.007*[#   6]
    |psi|^2 = 0.014

 k =   0.0151515152  0.0612341195  0.0000000000
==== e(   1) =   -23.70825 eV ==== 
     psi = 0.479*[#   1]+0.479*[#   5]+0.007*[#   3]+0.007*[#   4]+0.007*[#   7]
          +0.007*[#   8]
    |psi|^2 = 0.985
==== e(   2) =   -11.78334 eV ==== 
     psi = 0.474*[#   2]+0.474*[#   6]
    |psi|^2 = 0.948
==== e(   3) =    -7.58869 eV ==== 
     psi = 0.246*[#   3]+0.246*[#   4]+0.246*[#   7]+0.246*[#   8]+0.007*[#   1]
          +0.007*[#   5]
    |psi|^2 = 0.997
==== e(   4) =    -7.45490 eV ==== 
     psi = 0.249*[#   3]+0.249*[#   4]+0.249*[#   7]+0.249*[#   8]
    |psi|^2 = 0.997
==== e(   5) =    -0.85330 eV ==== 
     psi = 0.002*[#   1]+0.002*[#   5]+0.002*[#   3]+0.002*[#   4]+0.002*[#   7]
          +0.002*[#   8]
    |psi|^2 = 0.014
==== e(   6) =     0.05109 eV ==== 
     psi = 0.013*[#   2]+0.013*[#   6]
    |psi|^2 = 0.027
==== e(   7) =     1.85039 eV ==== 
     psi = 0.001*[#   1]+0.001*[#   5]
    |psi|^2 = 0.003
==== e(   8) =     2.75949 eV ==== 
     psi = 0.007*[#   2]+0.007*[#   6]
    |psi|^2 = 0.014

 k =   0.0151515152  0.0787295822  0.0000000000
==== e(   1) =   -23.66495 eV ==== 
     psi = 0.472*[#   1]+0.472*[#   5]+0.010*[#   3]+0.010*[#   4]+0.010*[#   7]
          +0.010*[#   8]
    |psi|^2 = 0.984
==== e(   2) =   -11.73147 eV ==== 
     psi = 0.475*[#   2]+0.475*[#   6]
    |psi|^2 = 0.949
==== e(   3) =    -7.75891 eV ==== 
     psi = 0.244*[#   3]+0.244*[#   4]+0.244*[#   7]+0.244*[#   8]+0.011*[#   1]
          +0.011*[#   5]
    |psi|^2 = 0.997
==== e(   4) =    -7.54466 eV ==== 
     psi = 0.249*[#   3]+0.249*[#   4]+0.249*[#   7]+0.249*[#   8]
    |psi|^2 = 0.997
==== e(   5) =    -0.79451 eV ==== 
     psi = 0.003*[#   3]+0.003*[#   4]+0.003*[#   7]+0.003*[#   8]+0.002*[#   1]
          +0.002*[#   5]
    |psi|^2 = 0.017
==== e(   6) =     0.11042 eV ==== 
     psi = 0.013*[#   2]+0.013*[#   6]
    |psi|^2 = 0.026
==== e(   7) =     1.90952 eV ==== 

    |psi|^2 = 0.003
==== e(   8) =     2.81827 eV ==== 
     psi = 0.007*[#   2]+0.007*[#   6]
    |psi|^2 = 0.014

 k =   0.0151515152  0.0962250449  0.0000000000
==== e(   1) =   -23.61085 eV ==== 
     psi = 0.463*[#   1]+0.463*[#   5]+0.015*[#   3]+0.015*[#   4]+0.015*[#   7]
          +0.015*[#   8]
    |psi|^2 = 0.984
==== e(   2) =   -11.66672 eV ==== 
     psi = 0.475*[#   2]+0.475*[#   6]
    |psi|^2 = 0.951
==== e(   3) =    -7.96556 eV ==== 
     psi = 0.241*[#   3]+0.241*[#   4]+0.241*[#   7]+0.241*[#   8]+0.017*[#   1]
          +0.017*[#   5]
    |psi|^2 = 0.997
==== e(   4) =    -7.65230 eV ==== 
     psi = 0.249*[#   3]+0.249*[#   4]+0.249*[#   7]+0.249*[#   8]
    |psi|^2 = 0.997
==== e(   5) =    -0.72101 eV ==== 
     psi = 0.005*[#   3]+0.005*[#   4]+0.005*[#   7]+0.005*[#   8]+0.001*[#   1]
          +0.001*[#   5]
    |psi|^2 = 0.021
==== e(   6) =     0.18456 eV ==== 
     psi = 0.013*[#   2]+0.013*[#   6]
    |psi|^2 = 0.025
==== e(   7) =     1.98345 eV ==== 

    |psi|^2 = 0.004
==== e(   8) =     2.89171 eV ==== 
     psi = 0.007*[#   2]+0.007*[#   6]
    |psi|^2 = 0.013

 k =   0.0151515152  0.1137205076  0.0000000000
==== e(   1) =   -23.54598 eV ==== 
     psi = 0.453*[#   1]+0.453*[#   5]+0.020*[#   3]+0.020*[#   4]+0.020*[#   7]
          +0.020*[#   8]
    |psi|^2 = 0.984
==== e(   2) =   -11.58914 eV ==== 
     psi = 0.476*[#   2]+0.476*[#   6]
    |psi|^2 = 0.953
==== e(   3) =    -8.20523 eV ==== 
     psi = 0.238*[#   3]+0.238*[#   4]+0.238*[#   7]+0.238*[#   8]+0.022*[#   1]
          +0.022*[#   5]
    |psi|^2 = 0.997
==== e(   4) =    -7.77532 eV ==== 
     psi = 0.249*[#   3]+0.249*[#   4]+0.249*[#   7]+0.249*[#   8]
    |psi|^2 = 0.997
==== e(   5) =    -0.63280 eV ==== 
     psi = 0.006*[#   3]+0.006*[#   4]+0.006*[#   7]+0.006*[#   8]
    |psi|^2 = 0.025
==== e(   6) =     0.27349 eV ==== 
     psi = 0.012*[#   2]+0.012*[#   6]
    |psi|^2 = 0.024
==== e(   7) =     2.07216 eV ==== 

    |psi|^2 = 0.004
==== e(   8) =     2.97977 eV ==== 
     psi = 0.006*[#   2]+0.006*[#   6]
    |psi|^2 = 0.013

 k =   0.0151515152  0.1312159703  0.0000000000
==== e(   1) =   -23.47035 eV ==== 
     psi = 0.442*[#   1]+0.442*[#   5]+0.025*[#   3]+0.025*[#   4]+0.025*[#   7]
          +0.025*[#   8]
    |psi|^2 = 0.984
==== e(   2) =   -11.49879 eV ==== 
     psi = 0.477*[#   2]+0.477*[#   6]
    |psi|^2 = 0.955
==== e(   3) =    -8.47437 eV ==== 
     psi = 0.235*[#   3]+0.235*[#   4]+0.235*[#   7]+0.235*[#   8]+0.029*[#   1]
          +0.029*[#   5]
    |psi|^2 = 0.997
==== e(   4) =    -7.91112 eV ==== 
     psi = 0.249*[#   3]+0.249*[#   4]+0.249*[#   7]+0.249*[#   8]
    |psi|^2 = 0.997
==== e(   5) =    -0.52989 eV ==== 
     psi = 0.007*[#   3]+0.007*[#   4]+0.007*[#   7]+0.007*[#   8]
    |psi|^2 = 0.029
==== e(   6) =     0.37719 eV ==== 
     psi = 0.012*[#   2]+0.012*[#   6]
    |psi|^2 = 0.023
==== e(   7) =     2.17564 eV ==== 

    |psi|^2 = 0.004
==== e(   8) =     3.08241 eV ==== 
     psi = 0.006*[#   2]+0.006*[#   6]
    |psi|^2 = 0.012

 k =   0.0151515152  0.1487114330  0.0000000000
==== e(   1) =   -23.38400 eV ==== 
     psi = 0.431*[#   1]+0.431*[#   5]+0.030*[#   3]+0.030*[#   4]+0.030*[#   7]
          +0.030*[#   8]
    |psi|^2 = 0.984
==== e(   2) =   -11.39578 eV ==== 
     psi = 0.478*[#   2]+0.478*[#   6]
    |psi|^2 = 0.957
==== e(   3) =    -8.76940 eV ==== 
     psi = 0.231*[#   3]+0.231*[#   4]+0.231*[#   7]+0.231*[#   8]+0.035*[#   1]
          +0.035*[#   5]
    |psi|^2 = 0.996
==== e(   4) =    -8.05713 eV ==== 
     psi = 0.249*[#   3]+0.249*[#   4]+0.249*[#   7]+0.249*[#   8]
    |psi|^2 = 0.997
==== e(   5) =    -0.41229 eV ==== 
     psi = 0.008*[#   3]+0.008*[#   4]+0.008*[#   7]+0.008*[#   8]
    |psi|^2 = 0.032
==== e(   6) =     0.49563 eV ==== 
     psi = 0.011*[#   2]+0.011*[#   6]
    |psi|^2 = 0.022
==== e(   7) =     2.29386 eV ==== 

    |psi|^2 = 0.004
==== e(   8) =     3.19953 eV ==== 
     psi = 0.006*[#   2]+0.006*[#   6]
    |psi|^2 = 0.012

 k =   0.0151515152  0.1662068957  0.0000000000
==== e(   1) =   -23.28694 eV ==== 
     psi = 0.419*[#   1]+0.419*[#   5]+0.036*[#   3]+0.036*[#   4]+0.036*[#   7]
          +0.036*[#   8]
    |psi|^2 = 0.983
==== e(   2) =   -11.28020 eV ==== 
     psi = 0.480*[#   2]+0.480*[#   6]
    |psi|^2 = 0.959
==== e(   3) =    -9.08688 eV ==== 
     psi = 0.228*[#   3]+0.228*[#   4]+0.228*[#   7]+0.228*[#   8]+0.042*[#   1]
          +0.042*[#   5]
    |psi|^2 = 0.996
==== e(   4) =    -8.21090 eV ==== 
     psi = 0.249*[#   3]+0.249*[#   4]+0.249*[#   7]+0.249*[#   8]
    |psi|^2 = 0.997
==== e(   5) =    -0.28001 eV ==== 
     psi = 0.009*[#   3]+0.009*[#   4]+0.009*[#   7]+0.009*[#   8]
    |psi|^2 = 0.035
==== e(   6) =     0.62876 eV ==== 
     psi = 0.011*[#   2]+0.011*[#   6]
    |psi|^2 = 0.021
==== e(   7) =     2.42679 eV ==== 

    |psi|^2 = 0.004
==== e(   8) =     3.33101 eV ==== 
     psi = 0.006*[#   2]+0.006*[#   6]
    |psi|^2 = 0.011

 k =   0.0151515152  0.1837023584  0.0000000000
==== e(   1) =   -23.17923 eV ==== 
     psi = 0.408*[#   1]+0.408*[#   5]+0.042*[#   3]+0.042*[#   4]+0.042*[#   7]
          +0.042*[#   8]
    |psi|^2 = 0.983
==== e(   2) =   -11.15217 eV ==== 
     psi = 0.481*[#   2]+0.481*[#   6]
    |psi|^2 = 0.962
==== e(   3) =    -9.42354 eV ==== 
     psi = 0.224*[#   3]+0.224*[#   4]+0.224*[#   7]+0.224*[#   8]+0.050*[#   1]
          +0.050*[#   5]
    |psi|^2 = 0.995
==== e(   4) =    -8.37013 eV ==== 
     psi = 0.249*[#   3]+0.249*[#   4]+0.249*[#   7]+0.249*[#   8]
    |psi|^2 = 0.997
==== e(   5) =    -0.13306 eV ==== 
     psi = 0.009*[#   3]+0.009*[#   4]+0.009*[#   7]+0.009*[#   8]
    |psi|^2 = 0.038
==== e(   6) =     0.77652 eV ==== 
     psi = 0.010*[#   2]+0.010*[#   6]
    |psi|^2 = 0.020
==== e(   7) =     2.57433 eV ==== 

    |psi|^2 = 0.004
==== e(   8) =     3.47656 eV ==== 
     psi = 0.005*[#   2]+0.005*[#   6]
    |psi|^2 = 0.011

 k =   0.0151515152  0.2011978211  0.0000000000
==== e(   1) =   -23.06090 eV ==== 
     psi = 0.396*[#   1]+0.396*[#   5]+0.047*[#   3]+0.047*[#   4]+0.047*[#   7]
          +0.047*[#   8]
    |psi|^2 = 0.983
==== e(   2) =   -11.01183 eV ==== 
     psi = 0.482*[#   2]+0.482*[#   6]
    |psi|^2 = 0.965
==== e(   3) =    -9.77636 eV ==== 
     psi = 0.220*[#   3]+0.220*[#   4]+0.220*[#   7]+0.220*[#   8]+0.057*[#   1]
          +0.057*[#   5]
    |psi|^2 = 0.995
==== e(   4) =    -8.53273 eV ==== 
     psi = 0.249*[#   3]+0.249*[#   4]+0.249*[#   7]+0.249*[#   8]
    |psi|^2 = 0.997
==== e(   5) =     0.02855 eV ==== 
     psi = 0.010*[#   3]+0.010*[#   4]+0.010*[#   7]+0.010*[#   8]
    |psi|^2 = 0.039
==== e(   6) =     0.93881 eV ==== 
     psi = 0.009*[#   2]+0.009*[#   6]
    |psi|^2 = 0.019
==== e(   7) =     2.73636 eV ==== 

    |psi|^2 = 0.004
==== e(   8) =     3.63548 eV ==== 
     psi = 0.006*[#   2]+0.006*[#   6]
    |psi|^2 = 0.012

 k =   0.0151515152  0.2186932838  0.0000000000
==== e(   1) =   -22.93200 eV ==== 
     psi = 0.385*[#   1]+0.385*[#   5]+0.053*[#   3]+0.053*[#   4]+0.053*[#   7]
          +0.053*[#   8]
    |psi|^2 = 0.983
==== e(   2) =   -10.85936 eV ==== 
     psi = 0.484*[#   2]+0.484*[#   6]
    |psi|^2 = 0.968
==== e(   3) =   -10.14255 eV ==== 
     psi = 0.217*[#   3]+0.217*[#   4]+0.217*[#   7]+0.217*[#   8]+0.064*[#   1]
          +0.064*[#   5]
    |psi|^2 = 0.994
==== e(   4) =    -8.69680 eV ==== 
     psi = 0.249*[#   3]+0.249*[#   4]+0.249*[#   7]+0.249*[#   8]
    |psi|^2 = 0.997
==== e(   5) =     0.20478 eV ==== 
     psi = 0.010*[#   3]+0.010*[#   4]+0.010*[#   7]+0.010*[#   8]
    |psi|^2 = 0.040
==== e(   6) =     1.11550 eV ==== 
     psi = 0.009*[#   2]+0.009*[#   6]
    |psi|^2 = 0.017
==== e(   7) =     2.91262 eV ==== 
     psi = 0.001*[#   1]+0.001*[#   5]
    |psi|^2 = 0.004
==== e(   8) =     3.80512 eV ==== 
     psi = 0.010*[#   2]+0.010*[#   6]
    |psi|^2 = 0.020

 k =   0.0151515152  0.2361887465  0.0000000000
==== e(   1) =   -22.79259 eV ==== 
     psi = 0.374*[#   1]+0.374*[#   5]+0.058*[#   3]+0.058*[#   4]+0.058*[#   7]
          +0.058*[#   8]
    |psi|^2 = 0.982
==== e(   2) =   -10.69495 eV ==== 
     psi = 0.485*[#   2]+0.485*[#   6]
    |psi|^2 = 0.970
==== e(   3) =   -10.51961 eV ==== 
     psi = 0.213*[#   3]+0.213*[#   4]+0.213*[#   7]+0.213*[#   8]+0.071*[#   1]
          +0.071*[#   5]
    |psi|^2 = 0.994
==== e(   4) =    -8.86064 eV ==== 
     psi = 0.249*[#   3]+0.249*[#   4]+0.249*[#   7]+0.249*[#   8]
    |psi|^2 = 0.997
==== e(   5) =     0.39561 eV ==== 
     psi = 0.010*[#   3]+0.010*[#   4]+0.010*[#   7]+0.010*[#   8]
    |psi|^2 = 0.039
==== e(   6) =     1.30632 eV ==== 
     psi = 0.008*[#   2]+0.008*[#   6]
    |psi|^2 = 0.016
==== e(   7) =     3.10260 eV ==== 
     psi = 0.002*[#   1]+0.002*[#   5]
    |psi|^2 = 0.005
==== e(   8) =     3.96008 eV ==== 
     psi = 0.078*[#   2]+0.078*[#   6]
    |psi|^2 = 0.155

 k =   0.0151515152  0.2536842092  0.0000000000
==== e(   1) =   -22.64272 eV ==== 
     psi = 0.364*[#   1]+0.364*[#   5]+0.064*[#   3]+0.064*[#   4]+0.064*[#   7]
          +0.064*[#   8]
    |psi|^2 = 0.982
==== e(   2) =   -10.90527 eV ==== 
     psi = 0.209*[#   3]+0.209*[#   4]+0.209*[#   7]+0.209*[#   8]+0.078*[#   1]
          +0.078*[#   5]
    |psi|^2 = 0.993
==== e(   3) =   -10.51884 eV ==== 
     psi = 0.487*[#   2]+0.487*[#   6]
    |psi|^2 = 0.973
==== e(   4) =    -9.02276 eV ==== 
     psi = 0.249*[#   3]+0.249*[#   4]+0.249*[#   7]+0.249*[#   8]
    |psi|^2 = 0.997
==== e(   5) =     0.60101 eV ==== 
     psi = 0.010*[#   3]+0.010*[#   4]+0.010*[#   7]+0.010*[#   8]
    |psi|^2 = 0.038
==== e(   6) =     1.51074 eV ==== 
     psi = 0.008*[#   2]+0.008*[#   6]
    |psi|^2 = 0.016
==== e(   7) =     3.30494 eV ==== 
     psi = 0.005*[#   1]+0.005*[#   5]
    |psi|^2 = 0.010
==== e(   8) =     3.78093 eV ==== 
     psi = 0.443*[#   2]+0.443*[#   6]
    |psi|^2 = 0.886

 k =   0.0151515152  0.2711796719  0.0000000000
==== e(   1) =   -22.48246 eV ==== 
     psi = 0.353*[#   1]+0.353*[#   5]+0.069*[#   3]+0.069*[#   4]+0.069*[#   7]
          +0.069*[#   8]
    |psi|^2 = 0.982
==== e(   2) =   -11.29748 eV ==== 
     psi = 0.206*[#   3]+0.206*[#   4]+0.206*[#   7]+0.206*[#   8]+0.085*[#   1]
          +0.085*[#   5]
    |psi|^2 = 0.993
==== e(   3) =   -10.33130 eV ==== 
     psi = 0.488*[#   2]+0.488*[#   6]
    |psi|^2 = 0.976
==== e(   4) =    -9.18184 eV ==== 
     psi = 0.249*[#   3]+0.249*[#   4]+0.249*[#   7]+0.249*[#   8]
    |psi|^2 = 0.997
==== e(   5) =     0.82093 eV ==== 
     psi = 0.009*[#   3]+0.009*[#   4]+0.009*[#   7]+0.009*[#   8]
    |psi|^2 = 0.037
==== e(   6) =     1.72745 eV ==== 
     psi = 0.009*[#   2]+0.009*[#   6]
    |psi|^2 = 0.018
==== e(   7) =     3.40523 eV ==== 
     psi = 0.468*[#   2]+0.468*[#   6]
    |psi|^2 = 0.935
==== e(   8) =     3.51505 eV ==== 
     psi = 0.013*[#   1]+0.013*[#   5]+0.002*[#   3]+0.002*[#   4]+0.002*[#   7]
          +0.002*[#   8]
    |psi|^2 = 0.034

 k =   0.0151515152  0.2886751346  0.0000000000
==== e(   1) =   -22.31190 eV ==== 
     psi = 0.344*[#   1]+0.344*[#   5]+0.074*[#   3]+0.074*[#   4]+0.074*[#   7]
          +0.074*[#   8]
    |psi|^2 = 0.982
==== e(   2) =   -11.69444 eV ==== 
     psi = 0.202*[#   3]+0.202*[#   4]+0.202*[#   7]+0.202*[#   8]+0.092*[#   1]
          +0.092*[#   5]
    |psi|^2 = 0.992
==== e(   3) =   -10.13266 eV ==== 
     psi = 0.489*[#   2]+0.489*[#   6]
    |psi|^2 = 0.979
==== e(   4) =    -9.33673 eV ==== 
     psi = 0.249*[#   3]+0.249*[#   4]+0.249*[#   7]+0.249*[#   8]
    |psi|^2 = 0.997
==== e(   5) =     1.05530 eV ==== 
     psi = 0.008*[#   3]+0.008*[#   4]+0.008*[#   7]+0.008*[#   8]
    |psi|^2 = 0.034
==== e(   6) =     1.95201 eV ==== 
     psi = 0.015*[#   2]+0.015*[#   6]
    |psi|^2 = 0.029
==== e(   7) =     3.01557 eV ==== 
     psi = 0.465*[#   2]+0.465*[#   6]
    |psi|^2 = 0.929
==== e(   8) =     3.70751 eV ==== 
     psi = 0.063*[#   1]+0.063*[#   5]+0.020*[#   3]+0.020*[#   4]+0.020*[#   7]
          +0.020*[#   8]
    |psi|^2 = 0.207

 k =   0.0151515152  0.3061705973  0.0000000000
==== e(   1) =   -22.13111 eV ==== 
     psi = 0.334*[#   1]+0.334*[#   5]+0.078*[#   3]+0.078*[#   4]+0.078*[#   7]
          +0.078*[#   8]
    |psi|^2 = 0.982
==== e(   2) =   -12.09451 eV ==== 
     psi = 0.199*[#   3]+0.199*[#   4]+0.199*[#   7]+0.199*[#   8]+0.098*[#   1]
          +0.098*[#   5]
    |psi|^2 = 0.992
==== e(   3) =    -9.92333 eV ==== 
     psi = 0.491*[#   2]+0.491*[#   6]
    |psi|^2 = 0.981
==== e(   4) =    -9.48641 eV ==== 
     psi = 0.249*[#   3]+0.249*[#   4]+0.249*[#   7]+0.249*[#   8]
    |psi|^2 = 0.997
==== e(   5) =     1.30406 eV ==== 
     psi = 0.008*[#   3]+0.008*[#   4]+0.008*[#   7]+0.008*[#   8]
    |psi|^2 = 0.031
==== e(   6) =     2.15592 eV ==== 
     psi = 0.068*[#   2]+0.068*[#   6]
    |psi|^2 = 0.136
==== e(   7) =     2.65146 eV ==== 
     psi = 0.411*[#   2]+0.411*[#   6]
    |psi|^2 = 0.822
==== e(   8) =     3.77600 eV ==== 
     psi = 0.193*[#   1]+0.193*[#   5]+0.076*[#   3]+0.076*[#   4]+0.076*[#   7]
          +0.076*[#   8]
    |psi|^2 = 0.690

 k =   0.0151515152  0.3236660600  0.0000000000
==== e(   1) =   -21.94022 eV ==== 
     psi = 0.326*[#   1]+0.326*[#   5]+0.083*[#   3]+0.083*[#   4]+0.083*[#   7]
          +0.083*[#   8]
    |psi|^2 = 0.982
==== e(   2) =   -12.49622 eV ==== 
     psi = 0.196*[#   3]+0.196*[#   4]+0.196*[#   7]+0.196*[#   8]+0.105*[#   1]
          +0.105*[#   5]
    |psi|^2 = 0.992
==== e(   3) =    -9.70377 eV ==== 
     psi = 0.492*[#   2]+0.492*[#   6]
    |psi|^2 = 0.984
==== e(   4) =    -9.63000 eV ==== 
     psi = 0.249*[#   3]+0.249*[#   4]+0.249*[#   7]+0.249*[#   8]
    |psi|^2 = 0.997
==== e(   5) =     1.56708 eV ==== 
     psi = 0.007*[#   3]+0.007*[#   4]+0.007*[#   7]+0.007*[#   8]
    |psi|^2 = 0.027
==== e(   6) =     2.07681 eV ==== 
     psi = 0.389*[#   2]+0.389*[#   6]
    |psi|^2 = 0.777
==== e(   7) =     2.57880 eV ==== 
     psi = 0.090*[#   2]+0.090*[#   6]
    |psi|^2 = 0.180
==== e(   8) =     3.74431 eV ==== 
     psi = 0.238*[#   1]+0.238*[#   5]+0.089*[#   3]+0.089*[#   4]+0.089*[#   7]
          +0.089*[#   8]
    |psi|^2 = 0.832

 k =   0.0151515152  0.3411615227  0.0000000000
==== e(   1) =   -21.73932 eV ==== 
     psi = 0.317*[#   1]+0.317*[#   5]+0.087*[#   3]+0.087*[#   4]+0.087*[#   7]
          +0.087*[#   8]
    |psi|^2 = 0.982
==== e(   2) =   -12.89827 eV ==== 
     psi = 0.192*[#   3]+0.192*[#   4]+0.192*[#   7]+0.192*[#   8]+0.111*[#   1]
          +0.111*[#   5]
    |psi|^2 = 0.991
==== e(   3) =    -9.76674 eV ==== 
     psi = 0.249*[#   3]+0.249*[#   4]+0.249*[#   7]+0.249*[#   8]
    |psi|^2 = 0.997
==== e(   4) =    -9.47458 eV ==== 
     psi = 0.493*[#   2]+0.493*[#   6]
    |psi|^2 = 0.986
==== e(   5) =     1.70300 eV ==== 
     psi = 0.455*[#   2]+0.455*[#   6]
    |psi|^2 = 0.910
==== e(   6) =     1.84418 eV ==== 
     psi = 0.006*[#   3]+0.006*[#   4]+0.006*[#   7]+0.006*[#   8]
    |psi|^2 = 0.024
==== e(   7) =     2.81176 eV ==== 
     psi = 0.023*[#   2]+0.023*[#   6]
    |psi|^2 = 0.046
==== e(   8) =     3.69393 eV ==== 
     psi = 0.257*[#   1]+0.257*[#   5]+0.088*[#   3]+0.088*[#   4]+0.088*[#   7]
          +0.088*[#   8]
    |psi|^2 = 0.868

 k =   0.0151515152  0.3586569854  0.0000000000
==== e(   1) =   -21.52857 eV ==== 
     psi = 0.309*[#   1]+0.309*[#   5]+0.091*[#   3]+0.091*[#   4]+0.091*[#   7]
          +0.091*[#   8]
    |psi|^2 = 0.982
==== e(   2) =   -13.29946 eV ==== 
     psi = 0.189*[#   3]+0.189*[#   4]+0.189*[#   7]+0.189*[#   8]+0.117*[#   1]
          +0.117*[#   5]
    |psi|^2 = 0.991
==== e(   3) =    -9.89596 eV ==== 
     psi = 0.249*[#   3]+0.249*[#   4]+0.249*[#   7]+0.249*[#   8]
    |psi|^2 = 0.997
==== e(   4) =    -9.23649 eV ==== 
     psi = 0.494*[#   2]+0.494*[#   6]
    |psi|^2 = 0.988
==== e(   5) =     1.29288 eV ==== 
     psi = 0.465*[#   2]+0.465*[#   6]
    |psi|^2 = 0.930
==== e(   6) =     2.13506 eV ==== 
     psi = 0.005*[#   3]+0.005*[#   4]+0.005*[#   7]+0.005*[#   8]
    |psi|^2 = 0.020
==== e(   7) =     3.09420 eV ==== 
     psi = 0.012*[#   2]+0.012*[#   6]
    |psi|^2 = 0.024
==== e(   8) =     3.64063 eV ==== 
     psi = 0.271*[#   1]+0.271*[#   5]+0.085*[#   3]+0.085*[#   4]+0.085*[#   7]
          +0.085*[#   8]
    |psi|^2 = 0.883

 k =   0.0151515152  0.3761524481  0.0000000000
==== e(   1) =   -21.30814 eV ==== 
     psi = 0.302*[#   1]+0.302*[#   5]+0.095*[#   3]+0.095*[#   4]+0.095*[#   7]
          +0.095*[#   8]
    |psi|^2 = 0.982
==== e(   2) =   -13.69870 eV ==== 
     psi = 0.186*[#   3]+0.186*[#   4]+0.186*[#   7]+0.186*[#   8]+0.122*[#   1]
          +0.122*[#   5]
    |psi|^2 = 0.991
==== e(   3) =   -10.01707 eV ==== 
     psi = 0.249*[#   3]+0.249*[#   4]+0.249*[#   7]+0.249*[#   8]
    |psi|^2 = 0.997
==== e(   4) =    -8.99039 eV ==== 
     psi = 0.495*[#   2]+0.495*[#   6]
    |psi|^2 = 0.990
==== e(   5) =     0.87712 eV ==== 
     psi = 0.468*[#   2]+0.468*[#   6]
    |psi|^2 = 0.937
==== e(   6) =     2.43901 eV ==== 
     psi = 0.003*[#   3]+0.003*[#   4]+0.003*[#   7]+0.003*[#   8]+0.002*[#   1]
          +0.002*[#   5]
    |psi|^2 = 0.016
==== e(   7) =     3.39765 eV ==== 
     psi = 0.008*[#   2]+0.008*[#   6]
    |psi|^2 = 0.016
==== e(   8) =     3.58885 eV ==== 
     psi = 0.282*[#   1]+0.282*[#   5]+0.082*[#   3]+0.082*[#   4]+0.082*[#   7]
          +0.082*[#   8]
    |psi|^2 = 0.892

 k =   0.0151515152  0.3936479108  0.0000000000
==== e(   1) =   -21.07823 eV ==== 
     psi = 0.295*[#   1]+0.295*[#   5]+0.098*[#   3]+0.098*[#   4]+0.098*[#   7]
          +0.098*[#   8]
    |psi|^2 = 0.982
==== e(   2) =   -14.09498 eV ==== 
     psi = 0.184*[#   3]+0.184*[#   4]+0.184*[#   7]+0.184*[#   8]+0.128*[#   1]
          +0.128*[#   5]
    |psi|^2 = 0.990
==== e(   3) =   -10.12959 eV ==== 
     psi = 0.249*[#   3]+0.249*[#   4]+0.249*[#   7]+0.249*[#   8]
    |psi|^2 = 0.996
==== e(   4) =    -8.73745 eV ==== 
     psi = 0.496*[#   2]+0.496*[#   6]
    |psi|^2 = 0.992
==== e(   5) =     0.46254 eV ==== 
     psi = 0.470*[#   2]+0.470*[#   6]
    |psi|^2 = 0.940
==== e(   6) =     2.75417 eV ==== 
     psi = 0.005*[#   1]+0.005*[#   5]+0.001*[#   3]+0.001*[#   4]+0.001*[#   7]
          +0.001*[#   8]
    |psi|^2 = 0.016
==== e(   7) =     3.54205 eV ==== 
     psi = 0.289*[#   1]+0.289*[#   5]+0.079*[#   3]+0.079*[#   4]+0.079*[#   7]
          +0.079*[#   8]
    |psi|^2 = 0.893
==== e(   8) =     3.71760 eV ==== 
     psi = 0.006*[#   2]+0.006*[#   6]
    |psi|^2 = 0.012

 k =   0.0151515152  0.4111433735  0.0000000000
==== e(   1) =   -20.83910 eV ==== 
     psi = 0.289*[#   1]+0.289*[#   5]+0.101*[#   3]+0.101*[#   4]+0.101*[#   7]
          +0.101*[#   8]
    |psi|^2 = 0.983
==== e(   2) =   -14.48733 eV ==== 
     psi = 0.181*[#   3]+0.181*[#   4]+0.181*[#   7]+0.181*[#   8]+0.133*[#   1]
          +0.133*[#   5]
    |psi|^2 = 0.990
==== e(   3) =   -10.23307 eV ==== 
     psi = 0.249*[#   3]+0.249*[#   4]+0.249*[#   7]+0.249*[#   8]
    |psi|^2 = 0.996
==== e(   4) =    -8.47916 eV ==== 
     psi = 0.497*[#   2]+0.497*[#   6]
    |psi|^2 = 0.993
==== e(   5) =     0.05301 eV ==== 
     psi = 0.471*[#   2]+0.471*[#   6]
    |psi|^2 = 0.942
==== e(   6) =     3.07226 eV ==== 
     psi = 0.022*[#   1]+0.022*[#   5]
    |psi|^2 = 0.045
==== e(   7) =     3.50936 eV ==== 
     psi = 0.281*[#   1]+0.281*[#   5]+0.076*[#   3]+0.076*[#   4]+0.076*[#   7]
          +0.076*[#   8]
    |psi|^2 = 0.865
==== e(   8) =     4.05267 eV ==== 
     psi = 0.005*[#   2]+0.005*[#   6]
    |psi|^2 = 0.010

 k =   0.0151515152  0.4286388362  0.0000000000
==== e(   1) =   -20.59109 eV ==== 
     psi = 0.283*[#   1]+0.283*[#   5]+0.104*[#   3]+0.104*[#   4]+0.104*[#   7]
          +0.104*[#   8]
    |psi|^2 = 0.983
==== e(   2) =   -14.87480 eV ==== 
     psi = 0.179*[#   3]+0.179*[#   4]+0.179*[#   7]+0.179*[#   8]+0.137*[#   1]
          +0.137*[#   5]
    |psi|^2 = 0.989
==== e(   3) =   -10.32714 eV ==== 
     psi = 0.249*[#   3]+0.249*[#   4]+0.249*[#   7]+0.249*[#   8]
    |psi|^2 = 0.996
==== e(   4) =    -8.21748 eV ==== 
     psi = 0.497*[#   2]+0.497*[#   6]
    |psi|^2 = 0.994
==== e(   5) =    -0.34798 eV ==== 
     psi = 0.472*[#   2]+0.472*[#   6]
    |psi|^2 = 0.944
==== e(   6) =     3.32086 eV ==== 
     psi = 0.172*[#   1]+0.172*[#   5]+0.022*[#   3]+0.022*[#   4]+0.022*[#   7]
          +0.022*[#   8]
    |psi|^2 = 0.433
==== e(   7) =     3.56377 eV ==== 
     psi = 0.140*[#   1]+0.140*[#   5]+0.049*[#   3]+0.049*[#   4]+0.049*[#   7]
          +0.049*[#   8]
    |psi|^2 = 0.476
==== e(   8) =     4.40217 eV ==== 
     psi = 0.004*[#   2]+0.004*[#   6]
    |psi|^2 = 0.008

 k =   0.0151515152  0.4461342989  0.0000000000
==== e(   1) =   -20.33468 eV ==== 
     psi = 0.278*[#   1]+0.278*[#   5]+0.107*[#   3]+0.107*[#   4]+0.107*[#   7]
          +0.107*[#   8]
    |psi|^2 = 0.984
==== e(   2) =   -15.25639 eV ==== 
     psi = 0.176*[#   3]+0.176*[#   4]+0.176*[#   7]+0.176*[#   8]+0.141*[#   1]
          +0.141*[#   5]
    |psi|^2 = 0.989
==== e(   3) =   -10.41149 eV ==== 
     psi = 0.249*[#   3]+0.249*[#   4]+0.249*[#   7]+0.249*[#   8]
    |psi|^2 = 0.996
==== e(   4) =    -7.95502 eV ==== 
     psi = 0.498*[#   2]+0.498*[#   6]
    |psi|^2 = 0.995
==== e(   5) =    -0.73670 eV ==== 
     psi = 0.473*[#   2]+0.473*[#   6]
    |psi|^2 = 0.945
==== e(   6) =     3.35337 eV ==== 
     psi = 0.298*[#   1]+0.298*[#   5]+0.052*[#   3]+0.052*[#   4]+0.052*[#   7]
          +0.052*[#   8]
    |psi|^2 = 0.806
==== e(   7) =     3.85226 eV ==== 
     psi = 0.021*[#   1]+0.021*[#   5]+0.015*[#   3]+0.015*[#   4]+0.015*[#   7]
          +0.015*[#   8]
    |psi|^2 = 0.103
==== e(   8) =     4.76566 eV ==== 
     psi = 0.004*[#   2]+0.004*[#   6]
    |psi|^2 = 0.007

 k =   0.0151515152  0.4636297616  0.0000000000
==== e(   1) =   -20.07056 eV ==== 
     psi = 0.274*[#   1]+0.274*[#   5]+0.109*[#   3]+0.109*[#   4]+0.109*[#   7]
          +0.109*[#   8]
    |psi|^2 = 0.984
==== e(   2) =   -15.63097 eV ==== 
     psi = 0.175*[#   3]+0.175*[#   4]+0.175*[#   7]+0.175*[#   8]+0.145*[#   1]
          +0.145*[#   5]
    |psi|^2 = 0.988
==== e(   3) =   -10.48584 eV ==== 
     psi = 0.249*[#   3]+0.249*[#   4]+0.249*[#   7]+0.249*[#   8]
    |psi|^2 = 0.996
==== e(   4) =    -7.69533 eV ==== 
     psi = 0.498*[#   2]+0.498*[#   6]
    |psi|^2 = 0.996
==== e(   5) =    -1.10869 eV ==== 
     psi = 0.473*[#   2]+0.473*[#   6]
    |psi|^2 = 0.946
==== e(   6) =     3.32982 eV ==== 
     psi = 0.319*[#   1]+0.319*[#   5]+0.056*[#   3]+0.056*[#   4]+0.056*[#   7]
          +0.056*[#   8]
    |psi|^2 = 0.862
==== e(   7) =     4.21505 eV ==== 
     psi = 0.008*[#   3]+0.008*[#   4]+0.008*[#   7]+0.008*[#   8]+0.006*[#   1]
          +0.006*[#   5]
    |psi|^2 = 0.045
==== e(   8) =     5.14275 eV ==== 
     psi = 0.003*[#   2]+0.003*[#   6]
    |psi|^2 = 0.006

 k =   0.0151515152  0.4811252243  0.0000000000
==== e(   1) =   -19.79979 eV ==== 
     psi = 0.271*[#   1]+0.271*[#   5]+0.111*[#   3]+0.111*[#   4]+0.111*[#   7]
          +0.111*[#   8]
    |psi|^2 = 0.985
==== e(   2) =   -15.99709 eV ==== 
     psi = 0.173*[#   3]+0.173*[#   4]+0.173*[#   7]+0.173*[#   8]+0.147*[#   1]
          +0.147*[#   5]
    |psi|^2 = 0.987
==== e(   3) =   -10.54996 eV ==== 
     psi = 0.249*[#   3]+0.249*[#   4]+0.249*[#   7]+0.249*[#   8]
    |psi|^2 = 0.996
==== e(   4) =    -7.44324 eV ==== 
     psi = 0.498*[#   2]+0.498*[#   6]
    |psi|^2 = 0.996
==== e(   5) =    -1.45835 eV ==== 
     psi = 0.474*[#   2]+0.474*[#   6]
    |psi|^2 = 0.947
==== e(   6) =     3.30222 eV ==== 
     psi = 0.329*[#   1]+0.329*[#   5]+0.055*[#   3]+0.055*[#   4]+0.055*[#   7]
          +0.055*[#   8]
    |psi|^2 = 0.879
==== e(   7) =     4.60023 eV ==== 
     psi = 0.005*[#   3]+0.005*[#   4]+0.005*[#   7]+0.005*[#   8]+0.003*[#   1]
          +0.003*[#   5]
    |psi|^2 = 0.027
==== e(   8) =     5.53303 eV ==== 
     psi = 0.003*[#   2]+0.003*[#   6]
    |psi|^2 = 0.006

 k =   0.0151515152  0.4986206870  0.0000000000
==== e(   1) =   -19.52422 eV ==== 
     psi = 0.269*[#   1]+0.269*[#   5]+0.112*[#   3]+0.112*[#   4]+0.112*[#   7]
          +0.112*[#   8]
    |psi|^2 = 0.986
==== e(   2) =   -16.35258 eV ==== 
     psi = 0.173*[#   3]+0.173*[#   4]+0.173*[#   7]+0.173*[#   8]+0.148*[#   1]
          +0.148*[#   5]
    |psi|^2 = 0.986
==== e(   3) =   -10.60367 eV ==== 
     psi = 0.249*[#   3]+0.249*[#   4]+0.249*[#   7]+0.249*[#   8]
    |psi|^2 = 0.996
==== e(   4) =    -7.20539 eV ==== 
     psi = 0.498*[#   2]+0.498*[#   6]
    |psi|^2 = 0.997
==== e(   5) =    -1.77843 eV ==== 
     psi = 0.474*[#   2]+0.474*[#   6]
    |psi|^2 = 0.948
==== e(   6) =     3.27709 eV ==== 
     psi = 0.335*[#   1]+0.335*[#   5]+0.054*[#   3]+0.054*[#   4]+0.054*[#   7]
          +0.054*[#   8]
    |psi|^2 = 0.887
==== e(   7) =     5.00128 eV ==== 
     psi = 0.004*[#   3]+0.004*[#   4]+0.004*[#   7]+0.004*[#   8]+0.002*[#   1]
          +0.002*[#   5]
    |psi|^2 = 0.018
==== e(   8) =     5.93598 eV ==== 
     psi = 0.003*[#   2]+0.003*[#   6]
    |psi|^2 = 0.006

 k =   0.0151515152  0.5161161497  0.0000000000
==== e(   1) =   -19.24732 eV ==== 
     psi = 0.270*[#   1]+0.270*[#   5]+0.112*[#   3]+0.112*[#   4]+0.112*[#   7]
          +0.112*[#   8]
    |psi|^2 = 0.987
==== e(   2) =   -16.69372 eV ==== 
     psi = 0.173*[#   3]+0.173*[#   4]+0.173*[#   7]+0.173*[#   8]+0.146*[#   1]
          +0.146*[#   5]
    |psi|^2 = 0.985
==== e(   3) =   -10.64682 eV ==== 
     psi = 0.249*[#   3]+0.249*[#   4]+0.249*[#   7]+0.249*[#   8]
    |psi|^2 = 0.996
==== e(   4) =    -6.99074 eV ==== 
     psi = 0.498*[#   2]+0.498*[#   6]
    |psi|^2 = 0.997
==== e(   5) =    -2.05945 eV ==== 
     psi = 0.474*[#   2]+0.474*[#   6]
    |psi|^2 = 0.949
==== e(   6) =     3.25615 eV ==== 
     psi = 0.339*[#   1]+0.339*[#   5]+0.053*[#   3]+0.053*[#   4]+0.053*[#   7]
          +0.053*[#   8]
    |psi|^2 = 0.891
==== e(   7) =     5.41631 eV ==== 
     psi = 0.003*[#   3]+0.003*[#   4]+0.003*[#   7]+0.003*[#   8]+0.001*[#   1]
          +0.001*[#   5]
    |psi|^2 = 0.013
==== e(   8) =     6.35088 eV ==== 
     psi = 0.003*[#   2]+0.003*[#   6]
    |psi|^2 = 0.006

 k =   0.0151515152  0.5336116124  0.0000000000
==== e(   1) =   -18.97666 eV ==== 
     psi = 0.276*[#   1]+0.276*[#   5]+0.109*[#   3]+0.109*[#   4]+0.109*[#   7]
          +0.109*[#   8]
    |psi|^2 = 0.989
==== e(   2) =   -17.01272 eV ==== 
     psi = 0.176*[#   3]+0.176*[#   4]+0.176*[#   7]+0.176*[#   8]+0.140*[#   1]
          +0.140*[#   5]
    |psi|^2 = 0.984
==== e(   3) =   -10.67928 eV ==== 
     psi = 0.249*[#   3]+0.249*[#   4]+0.249*[#   7]+0.249*[#   8]
    |psi|^2 = 0.996
==== e(   4) =    -6.81087 eV ==== 
     psi = 0.499*[#   2]+0.499*[#   6]
    |psi|^2 = 0.997
==== e(   5) =    -2.28944 eV ==== 
     psi = 0.475*[#   2]+0.475*[#   6]
    |psi|^2 = 0.949
==== e(   6) =     3.24007 eV ==== 
     psi = 0.342*[#   1]+0.342*[#   5]+0.052*[#   3]+0.052*[#   4]+0.052*[#   7]
          +0.052*[#   8]
    |psi|^2 = 0.893
==== e(   7) =     5.84422 eV ==== 
     psi = 0.002*[#   3]+0.002*[#   4]+0.002*[#   7]+0.002*[#   8]+0.001*[#   1]
          +0.001*[#   5]
    |psi|^2 = 0.011
==== e(   8) =     6.77651 eV ==== 
     psi = 0.003*[#   2]+0.003*[#   6]
    |psi|^2 = 0.007

 k =   0.0151515152  0.5511070751  0.0000000000
==== e(   1) =   -18.73134 eV ==== 
     psi = 0.289*[#   1]+0.289*[#   5]+0.103*[#   3]+0.103*[#   4]+0.103*[#   7]
          +0.103*[#   8]
    |psi|^2 = 0.991
==== e(   2) =   -17.29036 eV ==== 
     psi = 0.182*[#   3]+0.182*[#   4]+0.182*[#   7]+0.182*[#   8]+0.127*[#   1]
          +0.127*[#   5]
    |psi|^2 = 0.982
==== e(   3) =   -10.70097 eV ==== 
     psi = 0.249*[#   3]+0.249*[#   4]+0.249*[#   7]+0.249*[#   8]
    |psi|^2 = 0.996
==== e(   4) =    -6.67937 eV ==== 
     psi = 0.499*[#   2]+0.499*[#   6]
    |psi|^2 = 0.998
==== e(   5) =    -2.45452 eV ==== 
     psi = 0.475*[#   2]+0.475*[#   6]
    |psi|^2 = 0.950
==== e(   6) =     3.22921 eV ==== 
     psi = 0.344*[#   1]+0.344*[#   5]+0.051*[#   3]+0.051*[#   4]+0.051*[#   7]
          +0.051*[#   8]
    |psi|^2 = 0.894
==== e(   7) =     6.28366 eV ==== 
     psi = 0.002*[#   1]+0.002*[#   3]+0.002*[#   4]+0.002*[#   5]+0.002*[#   7]
          +0.002*[#   8]
    |psi|^2 = 0.009
==== e(   8) =     7.21009 eV ==== 
     psi = 0.004*[#   2]+0.004*[#   6]
    |psi|^2 = 0.008

 k =   0.0151515152  0.5686025378  0.0000000000
==== e(   1) =   -18.56317 eV ==== 
     psi = 0.307*[#   1]+0.307*[#   5]+0.095*[#   3]+0.095*[#   4]+0.095*[#   7]
          +0.095*[#   8]
    |psi|^2 = 0.993
==== e(   2) =   -17.47471 eV ==== 
     psi = 0.190*[#   3]+0.190*[#   4]+0.190*[#   7]+0.190*[#   8]+0.109*[#   1]
          +0.109*[#   5]
    |psi|^2 = 0.980
==== e(   3) =   -10.71183 eV ==== 
     psi = 0.249*[#   3]+0.249*[#   4]+0.249*[#   7]+0.249*[#   8]
    |psi|^2 = 0.996
==== e(   4) =    -6.60939 eV ==== 
     psi = 0.499*[#   2]+0.499*[#   6]
    |psi|^2 = 0.998
==== e(   5) =    -2.54134 eV ==== 
     psi = 0.475*[#   2]+0.475*[#   6]
    |psi|^2 = 0.950
==== e(   6) =     3.22374 eV ==== 
     psi = 0.345*[#   1]+0.345*[#   5]+0.051*[#   3]+0.051*[#   4]+0.051*[#   7]
          +0.051*[#   8]
    |psi|^2 = 0.895
==== e(   7) =     6.72854 eV ==== 
     psi = 0.003*[#   1]+0.003*[#   5]+0.001*[#   3]+0.001*[#   4]+0.001*[#   7]
          +0.001*[#   8]
    |psi|^2 = 0.010
==== e(   8) =     7.21557 eV ==== 
     psi = 0.002*[#   1]+0.002*[#   5]+0.002*[#   3]+0.002*[#   4]+0.002*[#   7]
          +0.002*[#   8]
    |psi|^2 = 0.011

 k =   0.0303030303  0.0524863881  0.0000000000
==== e(   1) =   -23.71366 eV ==== 
     psi = 0.480*[#   1]+0.480*[#   5]+0.006*[#   3]+0.006*[#   4]+0.006*[#   7]
          +0.006*[#   8]
    |psi|^2 = 0.985
==== e(   2) =   -11.78983 eV ==== 
     psi = 0.474*[#   2]+0.474*[#   6]
    |psi|^2 = 0.948
==== e(   3) =    -7.56567 eV ==== 
     psi = 0.246*[#   3]+0.246*[#   4]+0.246*[#   7]+0.246*[#   8]+0.007*[#   1]
          +0.007*[#   5]
    |psi|^2 = 0.997
==== e(   4) =    -7.44491 eV ==== 
     psi = 0.249*[#   3]+0.249*[#   4]+0.249*[#   7]+0.249*[#   8]
    |psi|^2 = 0.997
==== e(   5) =    -0.86065 eV ==== 
     psi = 0.002*[#   1]+0.002*[#   5]+0.002*[#   3]+0.002*[#   4]+0.002*[#   7]
          +0.002*[#   8]
    |psi|^2 = 0.013
==== e(   6) =     0.04367 eV ==== 
     psi = 0.013*[#   2]+0.013*[#   6]
    |psi|^2 = 0.027
==== e(   7) =     1.84300 eV ==== 
     psi = 0.001*[#   1]+0.001*[#   5]
    |psi|^2 = 0.003
==== e(   8) =     2.75214 eV ==== 
     psi = 0.007*[#   2]+0.007*[#   6]
    |psi|^2 = 0.014

 k =   0.0303030303  0.0699818508  0.0000000000
==== e(   1) =   -23.67577 eV ==== 
     psi = 0.474*[#   1]+0.474*[#   5]+0.009*[#   3]+0.009*[#   4]+0.009*[#   7]
          +0.009*[#   8]
    |psi|^2 = 0.984
==== e(   2) =   -11.74443 eV ==== 
     psi = 0.475*[#   2]+0.475*[#   6]
    |psi|^2 = 0.949
==== e(   3) =    -7.71312 eV ==== 
     psi = 0.244*[#   3]+0.244*[#   4]+0.244*[#   7]+0.244*[#   8]+0.010*[#   1]
          +0.010*[#   5]
    |psi|^2 = 0.998
==== e(   4) =    -7.52638 eV ==== 
     psi = 0.249*[#   3]+0.249*[#   4]+0.249*[#   7]+0.249*[#   8]
    |psi|^2 = 0.997
==== e(   5) =    -0.80921 eV ==== 
     psi = 0.003*[#   3]+0.003*[#   4]+0.003*[#   7]+0.003*[#   8]+0.002*[#   1]
          +0.002*[#   5]
    |psi|^2 = 0.016
==== e(   6) =     0.09559 eV ==== 
     psi = 0.013*[#   2]+0.013*[#   6]
    |psi|^2 = 0.026
==== e(   7) =     1.89474 eV ==== 

    |psi|^2 = 0.003
==== e(   8) =     2.80358 eV ==== 
     psi = 0.007*[#   2]+0.007*[#   6]
    |psi|^2 = 0.014

 k =   0.0303030303  0.0874773135  0.0000000000
==== e(   1) =   -23.62708 eV ==== 
     psi = 0.465*[#   1]+0.465*[#   5]+0.013*[#   3]+0.013*[#   4]+0.013*[#   7]
          +0.013*[#   8]
    |psi|^2 = 0.984
==== e(   2) =   -11.68613 eV ==== 
     psi = 0.475*[#   2]+0.475*[#   6]
    |psi|^2 = 0.950
==== e(   3) =    -7.89790 eV ==== 
     psi = 0.242*[#   3]+0.242*[#   4]+0.242*[#   7]+0.242*[#   8]+0.015*[#   1]
          +0.015*[#   5]
    |psi|^2 = 0.997
==== e(   4) =    -7.62733 eV ==== 
     psi = 0.249*[#   3]+0.249*[#   4]+0.249*[#   7]+0.249*[#   8]
    |psi|^2 = 0.997
==== e(   5) =    -0.74305 eV ==== 
     psi = 0.004*[#   3]+0.004*[#   4]+0.004*[#   7]+0.004*[#   8]+0.001*[#   1]
          +0.001*[#   5]
    |psi|^2 = 0.020
==== e(   6) =     0.16232 eV ==== 
     psi = 0.013*[#   2]+0.013*[#   6]
    |psi|^2 = 0.025
==== e(   7) =     1.96128 eV ==== 

    |psi|^2 = 0.004
==== e(   8) =     2.86969 eV ==== 
     psi = 0.007*[#   2]+0.007*[#   6]
    |psi|^2 = 0.013

 k =   0.0303030303  0.1049727762  0.0000000000
==== e(   1) =   -23.56760 eV ==== 
     psi = 0.456*[#   1]+0.456*[#   5]+0.018*[#   3]+0.018*[#   4]+0.018*[#   7]
          +0.018*[#   8]
    |psi|^2 = 0.984
==== e(   2) =   -11.61498 eV ==== 
     psi = 0.476*[#   2]+0.476*[#   6]
    |psi|^2 = 0.952
==== e(   3) =    -8.11707 eV ==== 
     psi = 0.239*[#   3]+0.239*[#   4]+0.239*[#   7]+0.239*[#   8]+0.020*[#   1]
          +0.020*[#   5]
    |psi|^2 = 0.997
==== e(   4) =    -7.74515 eV ==== 
     psi = 0.249*[#   3]+0.249*[#   4]+0.249*[#   7]+0.249*[#   8]
    |psi|^2 = 0.997
==== e(   5) =    -0.66220 eV ==== 
     psi = 0.005*[#   3]+0.005*[#   4]+0.005*[#   7]+0.005*[#   8]+0.001*[#   1]
          +0.001*[#   5]
    |psi|^2 = 0.024
==== e(   6) =     0.24386 eV ==== 
     psi = 0.012*[#   2]+0.012*[#   6]
    |psi|^2 = 0.025
==== e(   7) =     2.04262 eV ==== 

    |psi|^2 = 0.004
==== e(   8) =     2.95044 eV ==== 
     psi = 0.007*[#   2]+0.007*[#   6]
    |psi|^2 = 0.013

 k =   0.0303030303  0.1224682389  0.0000000000
==== e(   1) =   -23.49736 eV ==== 
     psi = 0.446*[#   1]+0.446*[#   5]+0.023*[#   3]+0.023*[#   4]+0.023*[#   7]
          +0.023*[#   8]
    |psi|^2 = 0.984
==== e(   2) =   -11.53103 eV ==== 
     psi = 0.477*[#   2]+0.477*[#   6]
    |psi|^2 = 0.954
==== e(   3) =    -8.36740 eV ==== 
     psi = 0.236*[#   3]+0.236*[#   4]+0.236*[#   7]+0.236*[#   8]+0.026*[#   1]
          +0.026*[#   5]
    |psi|^2 = 0.997
==== e(   4) =    -7.87715 eV ==== 
     psi = 0.249*[#   3]+0.249*[#   4]+0.249*[#   7]+0.249*[#   8]+0.001*[#   1]
          +0.001*[#   5]
    |psi|^2 = 0.997
==== e(   5) =    -0.56663 eV ==== 
     psi = 0.007*[#   3]+0.007*[#   4]+0.007*[#   7]+0.007*[#   8]
    |psi|^2 = 0.028
==== e(   6) =     0.34017 eV ==== 
     psi = 0.012*[#   2]+0.012*[#   6]
    |psi|^2 = 0.024
==== e(   7) =     2.13873 eV ==== 

    |psi|^2 = 0.004
==== e(   8) =     3.04579 eV ==== 
     psi = 0.006*[#   2]+0.006*[#   6]
    |psi|^2 = 0.012

 k =   0.0303030303  0.1399637016  0.0000000000
==== e(   1) =   -23.41637 eV ==== 
     psi = 0.435*[#   1]+0.435*[#   5]+0.028*[#   3]+0.028*[#   4]+0.028*[#   7]
          +0.028*[#   8]
    |psi|^2 = 0.984
==== e(   2) =   -11.43438 eV ==== 
     psi = 0.478*[#   2]+0.478*[#   6]
    |psi|^2 = 0.956
==== e(   3) =    -8.64548 eV ==== 
     psi = 0.233*[#   3]+0.233*[#   4]+0.233*[#   7]+0.233*[#   8]+0.032*[#   1]
          +0.032*[#   5]
    |psi|^2 = 0.997
==== e(   4) =    -8.02060 eV ==== 
     psi = 0.249*[#   3]+0.249*[#   4]+0.249*[#   7]+0.249*[#   8]+0.001*[#   1]
          +0.001*[#   5]
    |psi|^2 = 0.997
==== e(   5) =    -0.45637 eV ==== 
     psi = 0.008*[#   3]+0.008*[#   4]+0.008*[#   7]+0.008*[#   8]
    |psi|^2 = 0.031
==== e(   6) =     0.45123 eV ==== 
     psi = 0.011*[#   2]+0.011*[#   6]
    |psi|^2 = 0.023
==== e(   7) =     2.24961 eV ==== 

    |psi|^2 = 0.004
==== e(   8) =     3.15567 eV ==== 
     psi = 0.006*[#   2]+0.006*[#   6]
    |psi|^2 = 0.012

 k =   0.0303030303  0.1574591643  0.0000000000
==== e(   1) =   -23.32468 eV ==== 
     psi = 0.424*[#   1]+0.424*[#   5]+0.034*[#   3]+0.034*[#   4]+0.034*[#   7]
          +0.034*[#   8]
    |psi|^2 = 0.983
==== e(   2) =   -11.32510 eV ==== 
     psi = 0.479*[#   2]+0.479*[#   6]
    |psi|^2 = 0.958
==== e(   3) =    -8.94794 eV ==== 
     psi = 0.230*[#   3]+0.230*[#   4]+0.230*[#   7]+0.230*[#   8]+0.039*[#   1]
          +0.039*[#   5]
    |psi|^2 = 0.996
==== e(   4) =    -8.17292 eV ==== 
     psi = 0.249*[#   3]+0.249*[#   4]+0.249*[#   7]+0.249*[#   8]+0.001*[#   1]
          +0.001*[#   5]
    |psi|^2 = 0.997
==== e(   5) =    -0.33142 eV ==== 
     psi = 0.009*[#   3]+0.009*[#   4]+0.009*[#   7]+0.009*[#   8]
    |psi|^2 = 0.034
==== e(   6) =     0.57702 eV ==== 
     psi = 0.011*[#   2]+0.011*[#   6]
    |psi|^2 = 0.022
==== e(   7) =     2.37523 eV ==== 

    |psi|^2 = 0.004
==== e(   8) =     3.28000 eV ==== 
     psi = 0.006*[#   2]+0.006*[#   6]
    |psi|^2 = 0.011

 k =   0.0303030303  0.1749546270  0.0000000000
==== e(   1) =   -23.22230 eV ==== 
     psi = 0.412*[#   1]+0.412*[#   5]+0.040*[#   3]+0.040*[#   4]+0.040*[#   7]
          +0.040*[#   8]
    |psi|^2 = 0.983
==== e(   2) =   -11.20331 eV ==== 
     psi = 0.480*[#   2]+0.480*[#   6]
    |psi|^2 = 0.961
==== e(   3) =    -9.27149 eV ==== 
     psi = 0.226*[#   3]+0.226*[#   4]+0.226*[#   7]+0.226*[#   8]+0.046*[#   1]
          +0.046*[#   5]
    |psi|^2 = 0.996
==== e(   4) =    -8.33169 eV ==== 
     psi = 0.248*[#   3]+0.248*[#   4]+0.248*[#   7]+0.248*[#   8]+0.002*[#   1]
          +0.002*[#   5]
    |psi|^2 = 0.997
==== e(   5) =    -0.19179 eV ==== 
     psi = 0.009*[#   3]+0.009*[#   4]+0.009*[#   7]+0.009*[#   8]
    |psi|^2 = 0.037
==== e(   6) =     0.71746 eV ==== 
     psi = 0.010*[#   2]+0.010*[#   6]
    |psi|^2 = 0.020
==== e(   7) =     2.51553 eV ==== 

    |psi|^2 = 0.004
==== e(   8) =     3.41858 eV ==== 
     psi = 0.005*[#   2]+0.005*[#   6]
    |psi|^2 = 0.011

 k =   0.0303030303  0.1924500897  0.0000000000
==== e(   1) =   -23.10930 eV ==== 
     psi = 0.401*[#   1]+0.401*[#   5]+0.045*[#   3]+0.045*[#   4]+0.045*[#   7]
          +0.045*[#   8]
    |psi|^2 = 0.983
==== e(   2) =   -11.06915 eV ==== 
     psi = 0.482*[#   2]+0.482*[#   6]
    |psi|^2 = 0.964
==== e(   3) =    -9.61301 eV ==== 
     psi = 0.222*[#   3]+0.222*[#   4]+0.222*[#   7]+0.222*[#   8]+0.053*[#   1]
          +0.053*[#   5]
    |psi|^2 = 0.995
==== e(   4) =    -8.49467 eV ==== 
     psi = 0.248*[#   3]+0.248*[#   4]+0.248*[#   7]+0.248*[#   8]+0.002*[#   1]
          +0.002*[#   5]
    |psi|^2 = 0.997
==== e(   5) =    -0.03750 eV ==== 
     psi = 0.010*[#   3]+0.010*[#   4]+0.010*[#   7]+0.010*[#   8]
    |psi|^2 = 0.039
==== e(   6) =     0.87250 eV ==== 
     psi = 0.010*[#   2]+0.010*[#   6]
    |psi|^2 = 0.019
==== e(   7) =     2.67041 eV ==== 

    |psi|^2 = 0.004
==== e(   8) =     3.57099 eV ==== 
     psi = 0.005*[#   2]+0.005*[#   6]
    |psi|^2 = 0.011

 k =   0.0303030303  0.2099455524  0.0000000000
==== e(   1) =   -22.98569 eV ==== 
     psi = 0.390*[#   1]+0.390*[#   5]+0.051*[#   3]+0.051*[#   4]+0.051*[#   7]
          +0.051*[#   8]
    |psi|^2 = 0.983
==== e(   2) =   -10.92277 eV ==== 
     psi = 0.483*[#   2]+0.483*[#   6]
    |psi|^2 = 0.966
==== e(   3) =    -9.96962 eV ==== 
     psi = 0.218*[#   3]+0.218*[#   4]+0.218*[#   7]+0.218*[#   8]+0.060*[#   1]
          +0.060*[#   5]
    |psi|^2 = 0.995
==== e(   4) =    -8.65985 eV ==== 
     psi = 0.248*[#   3]+0.248*[#   4]+0.248*[#   7]+0.248*[#   8]+0.002*[#   1]
          +0.002*[#   5]
    |psi|^2 = 0.997
==== e(   5) =     0.13143 eV ==== 
     psi = 0.010*[#   3]+0.010*[#   4]+0.010*[#   7]+0.010*[#   8]
    |psi|^2 = 0.040
==== e(   6) =     1.04202 eV ==== 
     psi = 0.009*[#   2]+0.009*[#   6]
    |psi|^2 = 0.018
==== e(   7) =     2.83972 eV ==== 

    |psi|^2 = 0.004
==== e(   8) =     3.73594 eV ==== 
     psi = 0.007*[#   2]+0.007*[#   6]
    |psi|^2 = 0.014

 k =   0.0303030303  0.2274410151  0.0000000000
==== e(   1) =   -22.85155 eV ==== 
     psi = 0.379*[#   1]+0.379*[#   5]+0.056*[#   3]+0.056*[#   4]+0.056*[#   7]
          +0.056*[#   8]
    |psi|^2 = 0.982
==== e(   2) =   -10.76435 eV ==== 
     psi = 0.485*[#   2]+0.485*[#   6]
    |psi|^2 = 0.969
==== e(   3) =   -10.33867 eV ==== 
     psi = 0.215*[#   3]+0.215*[#   4]+0.215*[#   7]+0.215*[#   8]+0.068*[#   1]
          +0.068*[#   5]
    |psi|^2 = 0.994
==== e(   4) =    -8.82545 eV ==== 
     psi = 0.248*[#   3]+0.248*[#   4]+0.248*[#   7]+0.248*[#   8]+0.002*[#   1]
          +0.002*[#   5]
    |psi|^2 = 0.997
==== e(   5) =     0.31498 eV ==== 
     psi = 0.010*[#   3]+0.010*[#   4]+0.010*[#   7]+0.010*[#   8]
    |psi|^2 = 0.040
==== e(   6) =     1.22582 eV ==== 
     psi = 0.008*[#   2]+0.008*[#   6]
    |psi|^2 = 0.017
==== e(   7) =     3.02313 eV ==== 
     psi = 0.001*[#   1]+0.001*[#   5]
    |psi|^2 = 0.004
==== e(   8) =     3.90610 eV ==== 
     psi = 0.022*[#   2]+0.022*[#   6]
    |psi|^2 = 0.043

 k =   0.0303030303  0.2449364778  0.0000000000
==== e(   1) =   -22.70692 eV ==== 
     psi = 0.368*[#   1]+0.368*[#   5]+0.062*[#   3]+0.062*[#   4]+0.062*[#   7]
          +0.062*[#   8]
    |psi|^2 = 0.982
==== e(   2) =   -10.71775 eV ==== 
     psi = 0.211*[#   3]+0.211*[#   4]+0.211*[#   7]+0.211*[#   8]+0.075*[#   1]
          +0.075*[#   5]
    |psi|^2 = 0.994
==== e(   3) =   -10.59411 eV ==== 
     psi = 0.486*[#   2]+0.486*[#   6]
    |psi|^2 = 0.972
==== e(   4) =    -8.98987 eV ==== 
     psi = 0.248*[#   3]+0.248*[#   4]+0.248*[#   7]+0.248*[#   8]+0.002*[#   1]
          +0.002*[#   5]
    |psi|^2 = 0.997
==== e(   5) =     0.51311 eV ==== 
     psi = 0.010*[#   3]+0.010*[#   4]+0.010*[#   7]+0.010*[#   8]
    |psi|^2 = 0.039
==== e(   6) =     1.42355 eV ==== 
     psi = 0.008*[#   2]+0.008*[#   6]
    |psi|^2 = 0.016
==== e(   7) =     3.21997 eV ==== 
     psi = 0.003*[#   1]+0.003*[#   5]
    |psi|^2 = 0.006
==== e(   8) =     3.92334 eV ==== 
     psi = 0.370*[#   2]+0.370*[#   6]
    |psi|^2 = 0.740

 k =   0.0303030303  0.2624319405  0.0000000000
==== e(   1) =   -22.55188 eV ==== 
     psi = 0.358*[#   1]+0.358*[#   5]+0.067*[#   3]+0.067*[#   4]+0.067*[#   7]
          +0.067*[#   8]
    |psi|^2 = 0.982
==== e(   2) =   -11.10469 eV ==== 
     psi = 0.207*[#   3]+0.207*[#   4]+0.207*[#   7]+0.207*[#   8]+0.082*[#   1]
          +0.082*[#   5]
    |psi|^2 = 0.993
==== e(   3) =   -10.41230 eV ==== 
     psi = 0.487*[#   2]+0.487*[#   6]
    |psi|^2 = 0.975
==== e(   4) =    -9.15173 eV ==== 
     psi = 0.248*[#   3]+0.248*[#   4]+0.248*[#   7]+0.248*[#   8]+0.002*[#   1]
          +0.002*[#   5]
    |psi|^2 = 0.997
==== e(   5) =     0.72579 eV ==== 
     psi = 0.009*[#   3]+0.009*[#   4]+0.009*[#   7]+0.009*[#   8]
    |psi|^2 = 0.038
==== e(   6) =     1.63440 eV ==== 
     psi = 0.008*[#   2]+0.008*[#   6]
    |psi|^2 = 0.016
==== e(   7) =     3.42831 eV ==== 
     psi = 0.006*[#   1]+0.006*[#   5]
    |psi|^2 = 0.014
==== e(   8) =     3.57608 eV ==== 
     psi = 0.465*[#   2]+0.465*[#   6]
    |psi|^2 = 0.930

 k =   0.0303030303  0.2799274032  0.0000000000
==== e(   1) =   -22.38649 eV ==== 
     psi = 0.348*[#   1]+0.348*[#   5]+0.072*[#   3]+0.072*[#   4]+0.072*[#   7]
          +0.072*[#   8]
    |psi|^2 = 0.982
==== e(   2) =   -11.49752 eV ==== 
     psi = 0.204*[#   3]+0.204*[#   4]+0.204*[#   7]+0.204*[#   8]+0.088*[#   1]
          +0.088*[#   5]
    |psi|^2 = 0.993
==== e(   3) =   -10.21923 eV ==== 
     psi = 0.489*[#   2]+0.489*[#   6]
    |psi|^2 = 0.978
==== e(   4) =    -9.30980 eV ==== 
     psi = 0.248*[#   3]+0.248*[#   4]+0.248*[#   7]+0.248*[#   8]+0.002*[#   1]
          +0.002*[#   5]
    |psi|^2 = 0.997
==== e(   5) =     0.95296 eV ==== 
     psi = 0.009*[#   3]+0.009*[#   4]+0.009*[#   7]+0.009*[#   8]
    |psi|^2 = 0.036
==== e(   6) =     1.85606 eV ==== 
     psi = 0.010*[#   2]+0.010*[#   6]
    |psi|^2 = 0.021
==== e(   7) =     3.19030 eV ==== 
     psi = 0.469*[#   2]+0.469*[#   6]
    |psi|^2 = 0.938
==== e(   8) =     3.64064 eV ==== 
     psi = 0.020*[#   1]+0.020*[#   5]+0.004*[#   3]+0.004*[#   4]+0.004*[#   7]
          +0.004*[#   8]
    |psi|^2 = 0.058

 k =   0.0303030303  0.2974228659  0.0000000000
==== e(   1) =   -22.21084 eV ==== 
     psi = 0.338*[#   1]+0.338*[#   5]+0.076*[#   3]+0.076*[#   4]+0.076*[#   7]
          +0.076*[#   8]
    |psi|^2 = 0.982
==== e(   2) =   -11.89450 eV ==== 
     psi = 0.201*[#   3]+0.201*[#   4]+0.201*[#   7]+0.201*[#   8]+0.095*[#   1]
          +0.095*[#   5]
    |psi|^2 = 0.992
==== e(   3) =   -10.01525 eV ==== 
     psi = 0.490*[#   2]+0.490*[#   6]
    |psi|^2 = 0.980
==== e(   4) =    -9.46301 eV ==== 
     psi = 0.248*[#   3]+0.248*[#   4]+0.248*[#   7]+0.248*[#   8]+0.002*[#   1]
          +0.002*[#   5]
    |psi|^2 = 0.997
==== e(   5) =     1.19455 eV ==== 
     psi = 0.008*[#   3]+0.008*[#   4]+0.008*[#   7]+0.008*[#   8]
    |psi|^2 = 0.033
==== e(   6) =     2.07802 eV ==== 
     psi = 0.027*[#   2]+0.027*[#   6]
    |psi|^2 = 0.054
==== e(   7) =     2.80660 eV ==== 
     psi = 0.453*[#   2]+0.453*[#   6]
    |psi|^2 = 0.906
==== e(   8) =     3.80971 eV ==== 
     psi = 0.108*[#   1]+0.108*[#   5]+0.039*[#   3]+0.039*[#   4]+0.039*[#   7]
          +0.039*[#   8]
    |psi|^2 = 0.371

 k =   0.0303030303  0.3149183286  0.0000000000
==== e(   1) =   -22.02502 eV ==== 
     psi = 0.329*[#   1]+0.329*[#   5]+0.081*[#   3]+0.081*[#   4]+0.081*[#   7]
          +0.081*[#   8]
    |psi|^2 = 0.982
==== e(   2) =   -12.29405 eV ==== 
     psi = 0.197*[#   3]+0.197*[#   4]+0.197*[#   7]+0.197*[#   8]+0.102*[#   1]
          +0.102*[#   5]
    |psi|^2 = 0.992
==== e(   3) =    -9.80080 eV ==== 
     psi = 0.491*[#   2]+0.491*[#   6]
    |psi|^2 = 0.983
==== e(   4) =    -9.61044 eV ==== 
     psi = 0.248*[#   3]+0.248*[#   4]+0.248*[#   7]+0.248*[#   8]+0.002*[#   1]
          +0.002*[#   5]
    |psi|^2 = 0.997
==== e(   5) =     1.45049 eV ==== 
     psi = 0.007*[#   3]+0.007*[#   4]+0.007*[#   7]+0.007*[#   8]
    |psi|^2 = 0.030
==== e(   6) =     2.18738 eV ==== 
     psi = 0.246*[#   2]+0.246*[#   6]
    |psi|^2 = 0.491
==== e(   7) =     2.54255 eV ==== 
     psi = 0.234*[#   2]+0.234*[#   6]
    |psi|^2 = 0.468
==== e(   8) =     3.83178 eV ==== 
     psi = 0.215*[#   1]+0.215*[#   5]+0.084*[#   3]+0.084*[#   4]+0.084*[#   7]
          +0.084*[#   8]
    |psi|^2 = 0.765

 k =   0.0303030303  0.3324137914  0.0000000000
==== e(   1) =   -21.82915 eV ==== 
     psi = 0.321*[#   1]+0.321*[#   5]+0.085*[#   3]+0.085*[#   4]+0.085*[#   7]
          +0.085*[#   8]
    |psi|^2 = 0.982
==== e(   2) =   -12.69477 eV ==== 
     psi = 0.194*[#   3]+0.194*[#   4]+0.194*[#   7]+0.194*[#   8]+0.108*[#   1]
          +0.108*[#   5]
    |psi|^2 = 0.992
==== e(   3) =    -9.75129 eV ==== 
     psi = 0.248*[#   3]+0.248*[#   4]+0.248*[#   7]+0.248*[#   8]+0.002*[#   1]
          +0.002*[#   5]
    |psi|^2 = 0.997
==== e(   4) =    -9.57640 eV ==== 
     psi = 0.493*[#   2]+0.493*[#   6]
    |psi|^2 = 0.985
==== e(   5) =     1.72064 eV ==== 
     psi = 0.006*[#   3]+0.006*[#   4]+0.006*[#   7]+0.006*[#   8]
    |psi|^2 = 0.026
==== e(   6) =     1.88911 eV ==== 
     psi = 0.443*[#   2]+0.443*[#   6]
    |psi|^2 = 0.886
==== e(   7) =     2.69582 eV ==== 
     psi = 0.036*[#   2]+0.036*[#   6]
    |psi|^2 = 0.072
==== e(   8) =     3.79078 eV ==== 
     psi = 0.245*[#   1]+0.245*[#   5]+0.089*[#   3]+0.089*[#   4]+0.089*[#   7]
          +0.089*[#   8]
    |psi|^2 = 0.848

 k =   0.0303030303  0.3499092541  0.0000000000
==== e(   1) =   -21.62336 eV ==== 
     psi = 0.313*[#   1]+0.313*[#   5]+0.089*[#   3]+0.089*[#   4]+0.089*[#   7]
          +0.089*[#   8]
    |psi|^2 = 0.982
==== e(   2) =   -13.09538 eV ==== 
     psi = 0.191*[#   3]+0.191*[#   4]+0.191*[#   7]+0.191*[#   8]+0.114*[#   1]
          +0.114*[#   5]
    |psi|^2 = 0.991
==== e(   3) =    -9.88484 eV ==== 
     psi = 0.248*[#   3]+0.248*[#   4]+0.248*[#   7]+0.248*[#   8]+0.002*[#   1]
          +0.002*[#   5]
    |psi|^2 = 0.997
==== e(   4) =    -9.34271 eV ==== 
     psi = 0.494*[#   2]+0.494*[#   6]
    |psi|^2 = 0.987
==== e(   5) =     1.48813 eV ==== 
     psi = 0.463*[#   2]+0.463*[#   6]
    |psi|^2 = 0.926
==== e(   6) =     2.00477 eV ==== 
     psi = 0.005*[#   3]+0.005*[#   4]+0.005*[#   7]+0.005*[#   8]
    |psi|^2 = 0.022
==== e(   7) =     2.96376 eV ==== 
     psi = 0.015*[#   2]+0.015*[#   6]
    |psi|^2 = 0.030
==== e(   8) =     3.73930 eV ==== 
     psi = 0.262*[#   1]+0.262*[#   5]+0.088*[#   3]+0.088*[#   4]+0.088*[#   7]
          +0.088*[#   8]
    |psi|^2 = 0.874

 k =   0.0303030303  0.3674047168  0.0000000000
==== e(   1) =   -21.40780 eV ==== 
     psi = 0.305*[#   1]+0.305*[#   5]+0.093*[#   3]+0.093*[#   4]+0.093*[#   7]
          +0.093*[#   8]
    |psi|^2 = 0.982
==== e(   2) =   -13.49472 eV ==== 
     psi = 0.188*[#   3]+0.188*[#   4]+0.188*[#   7]+0.188*[#   8]+0.119*[#   1]
          +0.119*[#   5]
    |psi|^2 = 0.991
==== e(   3) =   -10.01049 eV ==== 
     psi = 0.248*[#   3]+0.248*[#   4]+0.248*[#   7]+0.248*[#   8]+0.002*[#   1]
          +0.002*[#   5]
    |psi|^2 = 0.996
==== e(   4) =    -9.10054 eV ==== 
     psi = 0.495*[#   2]+0.495*[#   6]
    |psi|^2 = 0.989
==== e(   5) =     1.07479 eV ==== 
     psi = 0.468*[#   2]+0.468*[#   6]
    |psi|^2 = 0.936
==== e(   6) =     2.30250 eV ==== 
     psi = 0.004*[#   3]+0.004*[#   4]+0.004*[#   7]+0.004*[#   8]
    |psi|^2 = 0.018
==== e(   7) =     3.25821 eV ==== 
     psi = 0.009*[#   2]+0.009*[#   6]
    |psi|^2 = 0.019
==== e(   8) =     3.68679 eV ==== 
     psi = 0.274*[#   1]+0.274*[#   5]+0.084*[#   3]+0.084*[#   4]+0.084*[#   7]
          +0.084*[#   8]
    |psi|^2 = 0.886

 k =   0.0303030303  0.3849001795  0.0000000000
==== e(   1) =   -21.18266 eV ==== 
     psi = 0.298*[#   1]+0.298*[#   5]+0.097*[#   3]+0.097*[#   4]+0.097*[#   7]
          +0.097*[#   8]
    |psi|^2 = 0.982
==== e(   2) =   -13.89171 eV ==== 
     psi = 0.185*[#   3]+0.185*[#   4]+0.185*[#   7]+0.185*[#   8]+0.125*[#   1]
          +0.125*[#   5]
    |psi|^2 = 0.990
==== e(   3) =   -10.12771 eV ==== 
     psi = 0.248*[#   3]+0.248*[#   4]+0.248*[#   7]+0.248*[#   8]+0.002*[#   1]
          +0.002*[#   5]
    |psi|^2 = 0.996
==== e(   4) =    -8.85091 eV ==== 
     psi = 0.496*[#   2]+0.496*[#   6]
    |psi|^2 = 0.991
==== e(   5) =     0.66019 eV ==== 
     psi = 0.470*[#   2]+0.470*[#   6]
    |psi|^2 = 0.940
==== e(   6) =     2.61287 eV ==== 
     psi = 0.002*[#   1]+0.003*[#   3]+0.003*[#   4]+0.002*[#   5]+0.003*[#   7]
          +0.003*[#   8]
    |psi|^2 = 0.015
==== e(   7) =     3.57031 eV ==== 
     psi = 0.007*[#   2]+0.007*[#   6]
    |psi|^2 = 0.014
==== e(   8) =     3.63687 eV ==== 
     psi = 0.284*[#   1]+0.284*[#   5]+0.081*[#   3]+0.081*[#   4]+0.081*[#   7]
          +0.081*[#   8]
    |psi|^2 = 0.892

 k =   0.0303030303  0.4023956422  0.0000000000
==== e(   1) =   -20.94817 eV ==== 
     psi = 0.291*[#   1]+0.291*[#   5]+0.100*[#   3]+0.100*[#   4]+0.100*[#   7]
          +0.100*[#   8]
    |psi|^2 = 0.983
==== e(   2) =   -14.28537 eV ==== 
     psi = 0.182*[#   3]+0.182*[#   4]+0.182*[#   7]+0.182*[#   8]+0.130*[#   1]
          +0.130*[#   5]
    |psi|^2 = 0.990
==== e(   3) =   -10.23605 eV ==== 
     psi = 0.248*[#   3]+0.248*[#   4]+0.248*[#   7]+0.248*[#   8]+0.002*[#   1]
          +0.002*[#   5]
    |psi|^2 = 0.996
==== e(   4) =    -8.59511 eV ==== 
     psi = 0.496*[#   2]+0.496*[#   6]
    |psi|^2 = 0.993
==== e(   5) =     0.24883 eV ==== 
     psi = 0.471*[#   2]+0.471*[#   6]
    |psi|^2 = 0.942
==== e(   6) =     2.93297 eV ==== 
     psi = 0.008*[#   1]+0.008*[#   5]
    |psi|^2 = 0.019
==== e(   7) =     3.59375 eV ==== 
     psi = 0.289*[#   1]+0.289*[#   5]+0.078*[#   3]+0.078*[#   4]+0.078*[#   7]
          +0.078*[#   8]
    |psi|^2 = 0.889
==== e(   8) =     3.89789 eV ==== 
     psi = 0.005*[#   2]+0.005*[#   6]
    |psi|^2 = 0.011

 k =   0.0303030303  0.4198911049  0.0000000000
==== e(   1) =   -20.70462 eV ==== 
     psi = 0.285*[#   1]+0.285*[#   5]+0.103*[#   3]+0.103*[#   4]+0.103*[#   7]
          +0.103*[#   8]
    |psi|^2 = 0.983
==== e(   2) =   -14.67472 eV ==== 
     psi = 0.180*[#   3]+0.180*[#   4]+0.180*[#   7]+0.180*[#   8]+0.135*[#   1]
          +0.135*[#   5]
    |psi|^2 = 0.989
==== e(   3) =   -10.33510 eV ==== 
     psi = 0.248*[#   3]+0.248*[#   4]+0.248*[#   7]+0.248*[#   8]+0.002*[#   1]
          +0.002*[#   5]
    |psi|^2 = 0.996
==== e(   4) =    -8.33486 eV ==== 
     psi = 0.497*[#   2]+0.497*[#   6]
    |psi|^2 = 0.994
==== e(   5) =    -0.15581 eV ==== 
     psi = 0.472*[#   2]+0.472*[#   6]
    |psi|^2 = 0.944
==== e(   6) =     3.24622 eV ==== 
     psi = 0.045*[#   1]+0.045*[#   5]+0.002*[#   3]+0.002*[#   4]+0.002*[#   7]
          +0.002*[#   8]
    |psi|^2 = 0.096
==== e(   7) =     3.57474 eV ==== 
     psi = 0.261*[#   1]+0.261*[#   5]+0.073*[#   3]+0.073*[#   4]+0.073*[#   7]
          +0.073*[#   8]
    |psi|^2 = 0.812
==== e(   8) =     4.24009 eV ==== 
     psi = 0.004*[#   2]+0.004*[#   6]
    |psi|^2 = 0.009

 k =   0.0303030303  0.4373865676  0.0000000000
==== e(   1) =   -20.45243 eV ==== 
     psi = 0.280*[#   1]+0.280*[#   5]+0.106*[#   3]+0.106*[#   4]+0.106*[#   7]
          +0.106*[#   8]
    |psi|^2 = 0.983
==== e(   2) =   -15.05879 eV ==== 
     psi = 0.178*[#   3]+0.178*[#   4]+0.178*[#   7]+0.178*[#   8]+0.139*[#   1]
          +0.139*[#   5]
    |psi|^2 = 0.989
==== e(   3) =   -10.42455 eV ==== 
     psi = 0.248*[#   3]+0.248*[#   4]+0.248*[#   7]+0.248*[#   8]+0.002*[#   1]
          +0.002*[#   5]
    |psi|^2 = 0.996
==== e(   4) =    -8.07240 eV ==== 
     psi = 0.497*[#   2]+0.497*[#   6]
    |psi|^2 = 0.995
==== e(   5) =    -0.55023 eV ==== 
     psi = 0.473*[#   2]+0.473*[#   6]
    |psi|^2 = 0.945
==== e(   6) =     3.41837 eV ==== 
     psi = 0.247*[#   1]+0.247*[#   5]+0.040*[#   3]+0.040*[#   4]+0.040*[#   7]
          +0.040*[#   8]
    |psi|^2 = 0.654
==== e(   7) =     3.71459 eV ==== 
     psi = 0.067*[#   1]+0.067*[#   5]+0.030*[#   3]+0.030*[#   4]+0.030*[#   7]
          +0.030*[#   8]
    |psi|^2 = 0.254
==== e(   8) =     4.59641 eV ==== 
     psi = 0.004*[#   2]+0.004*[#   6]
    |psi|^2 = 0.008

 k =   0.0303030303  0.4548820303  0.0000000000
==== e(   1) =   -20.19215 eV ==== 
     psi = 0.275*[#   1]+0.275*[#   5]+0.108*[#   3]+0.108*[#   4]+0.108*[#   7]
          +0.108*[#   8]
    |psi|^2 = 0.984
==== e(   2) =   -15.43651 eV ==== 
     psi = 0.176*[#   3]+0.176*[#   4]+0.176*[#   7]+0.176*[#   8]+0.143*[#   1]
          +0.143*[#   5]
    |psi|^2 = 0.988
==== e(   3) =   -10.50408 eV ==== 
     psi = 0.248*[#   3]+0.248*[#   4]+0.248*[#   7]+0.248*[#   8]+0.002*[#   1]
          +0.002*[#   5]
    |psi|^2 = 0.996
==== e(   4) =    -7.81078 eV ==== 
     psi = 0.498*[#   2]+0.498*[#   6]
    |psi|^2 = 0.995
==== e(   5) =    -0.93039 eV ==== 
     psi = 0.473*[#   2]+0.473*[#   6]
    |psi|^2 = 0.946
==== e(   6) =     3.41535 eV ==== 
     psi = 0.308*[#   1]+0.308*[#   5]+0.055*[#   3]+0.055*[#   4]+0.055*[#   7]
          +0.055*[#   8]
    |psi|^2 = 0.837
==== e(   7) =     4.04768 eV ==== 
     psi = 0.012*[#   1]+0.012*[#   5]+0.011*[#   3]+0.011*[#   4]+0.011*[#   7]
          +0.011*[#   8]
    |psi|^2 = 0.070
==== e(   8) =     4.96645 eV ==== 
     psi = 0.003*[#   2]+0.003*[#   6]
    |psi|^2 = 0.007

 k =   0.0303030303  0.4723774930  0.0000000000
==== e(   1) =   -19.92464 eV ==== 
     psi = 0.272*[#   1]+0.272*[#   5]+0.110*[#   3]+0.110*[#   4]+0.110*[#   7]
          +0.110*[#   8]
    |psi|^2 = 0.985
==== e(   2) =   -15.80660 eV ==== 
     psi = 0.174*[#   3]+0.174*[#   4]+0.174*[#   7]+0.174*[#   8]+0.146*[#   1]
          +0.146*[#   5]
    |psi|^2 = 0.988
==== e(   3) =   -10.57347 eV ==== 
     psi = 0.248*[#   3]+0.248*[#   4]+0.248*[#   7]+0.248*[#   8]+0.002*[#   1]
          +0.002*[#   5]
    |psi|^2 = 0.996
==== e(   4) =    -7.55410 eV ==== 
     psi = 0.498*[#   2]+0.498*[#   6]
    |psi|^2 = 0.996
==== e(   5) =    -1.29135 eV ==== 
     psi = 0.474*[#   2]+0.474*[#   6]
    |psi|^2 = 0.947
==== e(   6) =     3.38932 eV ==== 
     psi = 0.322*[#   1]+0.322*[#   5]+0.056*[#   3]+0.056*[#   4]+0.056*[#   7]
          +0.056*[#   8]
    |psi|^2 = 0.870
==== e(   7) =     4.42205 eV ==== 
     psi = 0.007*[#   3]+0.007*[#   4]+0.007*[#   7]+0.007*[#   8]+0.004*[#   1]
          +0.004*[#   5]
    |psi|^2 = 0.035
==== e(   8) =     5.34978 eV ==== 
     psi = 0.003*[#   2]+0.003*[#   6]
    |psi|^2 = 0.006

 k =   0.0303030303  0.4898729557  0.0000000000
==== e(   1) =   -19.65128 eV ==== 
     psi = 0.269*[#   1]+0.269*[#   5]+0.112*[#   3]+0.112*[#   4]+0.112*[#   7]
          +0.112*[#   8]
    |psi|^2 = 0.986
==== e(   2) =   -16.16734 eV ==== 
     psi = 0.173*[#   3]+0.173*[#   4]+0.173*[#   7]+0.173*[#   8]+0.148*[#   1]
          +0.148*[#   5]
    |psi|^2 = 0.987
==== e(   3) =   -10.63251 eV ==== 
     psi = 0.248*[#   3]+0.248*[#   4]+0.248*[#   7]+0.248*[#   8]+0.002*[#   1]
          +0.002*[#   5]
    |psi|^2 = 0.996
==== e(   4) =    -7.30803 eV ==== 
     psi = 0.498*[#   2]+0.498*[#   6]
    |psi|^2 = 0.996
==== e(   5) =    -1.62676 eV ==== 
     psi = 0.474*[#   2]+0.474*[#   6]
    |psi|^2 = 0.948
==== e(   6) =     3.36291 eV ==== 
     psi = 0.330*[#   1]+0.330*[#   5]+0.056*[#   3]+0.056*[#   4]+0.056*[#   7]
          +0.056*[#   8]
    |psi|^2 = 0.882
==== e(   7) =     4.81511 eV ==== 
     psi = 0.004*[#   3]+0.004*[#   4]+0.004*[#   7]+0.004*[#   8]+0.002*[#   1]
          +0.002*[#   5]
    |psi|^2 = 0.022
==== e(   8) =     5.74594 eV ==== 
     psi = 0.003*[#   2]+0.003*[#   6]
    |psi|^2 = 0.006

 k =   0.0303030303  0.5073684184  0.0000000000
==== e(   1) =   -19.37458 eV ==== 
     psi = 0.269*[#   1]+0.269*[#   5]+0.112*[#   3]+0.112*[#   4]+0.112*[#   7]
          +0.112*[#   8]
    |psi|^2 = 0.987
==== e(   2) =   -16.51592 eV ==== 
     psi = 0.173*[#   3]+0.173*[#   4]+0.173*[#   7]+0.173*[#   8]+0.148*[#   1]
          +0.148*[#   5]
    |psi|^2 = 0.986
==== e(   3) =   -10.68104 eV ==== 
     psi = 0.248*[#   3]+0.248*[#   4]+0.248*[#   7]+0.248*[#   8]+0.002*[#   1]
          +0.002*[#   5]
    |psi|^2 = 0.996
==== e(   4) =    -7.08032 eV ==== 
     psi = 0.498*[#   2]+0.498*[#   6]
    |psi|^2 = 0.997
==== e(   5) =    -1.92833 eV ==== 
     psi = 0.475*[#   2]+0.475*[#   6]
    |psi|^2 = 0.949
==== e(   6) =     3.33986 eV ==== 
     psi = 0.335*[#   1]+0.335*[#   5]+0.054*[#   3]+0.054*[#   4]+0.054*[#   7]
          +0.054*[#   8]
    |psi|^2 = 0.888
==== e(   7) =     5.22305 eV ==== 
     psi = 0.003*[#   3]+0.003*[#   4]+0.003*[#   7]+0.003*[#   8]+0.001*[#   1]
          +0.001*[#   5]
    |psi|^2 = 0.016
==== e(   8) =     6.15426 eV ==== 
     psi = 0.003*[#   2]+0.003*[#   6]
    |psi|^2 = 0.006

 k =   0.0303030303  0.5248638811  0.0000000000
==== e(   1) =   -19.09956 eV ==== 
     psi = 0.272*[#   1]+0.272*[#   5]+0.111*[#   3]+0.111*[#   4]+0.111*[#   7]
          +0.111*[#   8]
    |psi|^2 = 0.988
==== e(   2) =   -16.84707 eV ==== 
     psi = 0.174*[#   3]+0.174*[#   4]+0.174*[#   7]+0.174*[#   8]+0.144*[#   1]
          +0.144*[#   5]
    |psi|^2 = 0.985
==== e(   3) =   -10.71891 eV ==== 
     psi = 0.248*[#   3]+0.248*[#   4]+0.248*[#   7]+0.248*[#   8]+0.002*[#   1]
          +0.002*[#   5]
    |psi|^2 = 0.996
==== e(   4) =    -6.88123 eV ==== 
     psi = 0.499*[#   2]+0.499*[#   6]
    |psi|^2 = 0.997
==== e(   5) =    -2.18531 eV ==== 
     psi = 0.475*[#   2]+0.475*[#   6]
    |psi|^2 = 0.950
==== e(   6) =     3.32133 eV ==== 
     psi = 0.339*[#   1]+0.339*[#   5]+0.053*[#   3]+0.053*[#   4]+0.053*[#   7]
          +0.053*[#   8]
    |psi|^2 = 0.891
==== e(   7) =     5.64442 eV ==== 
     psi = 0.002*[#   3]+0.002*[#   4]+0.002*[#   7]+0.002*[#   8]+0.001*[#   1]
          +0.001*[#   5]
    |psi|^2 = 0.012
==== e(   8) =     6.57375 eV ==== 
     psi = 0.003*[#   2]+0.003*[#   6]
    |psi|^2 = 0.006

 k =   0.0303030303  0.5423593438  0.0000000000
==== e(   1) =   -18.83804 eV ==== 
     psi = 0.281*[#   1]+0.281*[#   5]+0.107*[#   3]+0.107*[#   4]+0.107*[#   7]
          +0.107*[#   8]
    |psi|^2 = 0.990
==== e(   2) =   -17.14881 eV ==== 
     psi = 0.178*[#   3]+0.178*[#   4]+0.178*[#   7]+0.178*[#   8]+0.135*[#   1]
          +0.135*[#   5]
    |psi|^2 = 0.983
==== e(   3) =   -10.74604 eV ==== 
     psi = 0.248*[#   3]+0.248*[#   4]+0.248*[#   7]+0.248*[#   8]+0.002*[#   1]
          +0.002*[#   5]
    |psi|^2 = 0.996
==== e(   4) =    -6.72356 eV ==== 
     psi = 0.499*[#   2]+0.499*[#   6]
    |psi|^2 = 0.997
==== e(   5) =    -2.38459 eV ==== 
     psi = 0.475*[#   2]+0.475*[#   6]
    |psi|^2 = 0.950
==== e(   6) =     3.30785 eV ==== 
     psi = 0.341*[#   1]+0.341*[#   5]+0.053*[#   3]+0.053*[#   4]+0.053*[#   7]
          +0.053*[#   8]
    |psi|^2 = 0.893
==== e(   7) =     6.07807 eV ==== 
     psi = 0.002*[#   3]+0.002*[#   4]+0.002*[#   7]+0.002*[#   8]+0.001*[#   1]
          +0.001*[#   5]
    |psi|^2 = 0.010
==== e(   8) =     7.00250 eV ==== 
     psi = 0.004*[#   2]+0.004*[#   6]
    |psi|^2 = 0.007

 k =   0.0303030303  0.5598548065  0.0000000000
==== e(   1) =   -18.62166 eV ==== 
     psi = 0.298*[#   1]+0.298*[#   5]+0.099*[#   3]+0.099*[#   4]+0.099*[#   7]
          +0.099*[#   8]
    |psi|^2 = 0.992
==== e(   2) =   -17.38938 eV ==== 
     psi = 0.186*[#   3]+0.186*[#   4]+0.186*[#   7]+0.186*[#   8]+0.118*[#   1]
          +0.118*[#   5]
    |psi|^2 = 0.981
==== e(   3) =   -10.76234 eV ==== 
     psi = 0.248*[#   3]+0.248*[#   4]+0.248*[#   7]+0.248*[#   8]+0.002*[#   1]
          +0.002*[#   5]
    |psi|^2 = 0.996
==== e(   4) =    -6.62117 eV ==== 
     psi = 0.499*[#   2]+0.499*[#   6]
    |psi|^2 = 0.998
==== e(   5) =    -2.51203 eV ==== 
     psi = 0.475*[#   2]+0.475*[#   6]
    |psi|^2 = 0.950
==== e(   6) =     3.29968 eV ==== 
     psi = 0.343*[#   1]+0.343*[#   5]+0.052*[#   3]+0.052*[#   4]+0.052*[#   7]
          +0.052*[#   8]
    |psi|^2 = 0.893
==== e(   7) =     6.52169 eV ==== 
     psi = 0.002*[#   1]+0.002*[#   5]+0.001*[#   3]+0.001*[#   4]+0.001*[#   7]
          +0.001*[#   8]
    |psi|^2 = 0.009
==== e(   8) =     7.43425 eV ==== 
     psi = 0.004*[#   2]+0.004*[#   6]
    |psi|^2 = 0.009

 k =   0.0303030303  0.5773502692  0.0000000000
==== e(   1) =   -18.52749 eV ==== 
     psi = 0.311*[#   1]+0.311*[#   5]+0.093*[#   3]+0.093*[#   4]+0.093*[#   7]
          +0.093*[#   8]
    |psi|^2 = 0.994
==== e(   2) =   -17.49161 eV ==== 
     psi = 0.192*[#   3]+0.192*[#   4]+0.192*[#   7]+0.192*[#   8]+0.105*[#   1]
          +0.105*[#   5]
    |psi|^2 = 0.979
==== e(   3) =   -10.76778 eV ==== 
     psi = 0.248*[#   3]+0.248*[#   4]+0.248*[#   7]+0.248*[#   8]+0.002*[#   1]
          +0.002*[#   5]
    |psi|^2 = 0.996
==== e(   4) =    -6.58552 eV ==== 
     psi = 0.499*[#   2]+0.499*[#   6]
    |psi|^2 = 0.998
==== e(   5) =    -2.55605 eV ==== 
     psi = 0.475*[#   2]+0.475*[#   6]
    |psi|^2 = 0.950
==== e(   6) =     3.29694 eV ==== 
     psi = 0.343*[#   1]+0.343*[#   5]+0.052*[#   3]+0.052*[#   4]+0.052*[#   7]
          +0.052*[#   8]
    |psi|^2 = 0.894
==== e(   7) =     6.91002 eV ==== 
     psi = 0.005*[#   1]+0.005*[#   5]
    |psi|^2 = 0.011
==== e(   8) =     7.06110 eV ==== 
     psi = 0.002*[#   3]+0.002*[#   4]+0.002*[#   7]+0.002*[#   8]
    |psi|^2 = 0.010

 k =   0.0454545455  0.0787295822  0.0000000000
==== e(   1) =   -23.63249 eV ==== 
     psi = 0.466*[#   1]+0.466*[#   5]+0.013*[#   3]+0.013*[#   4]+0.013*[#   7]
          +0.013*[#   8]
    |psi|^2 = 0.984
==== e(   2) =   -11.69261 eV ==== 
     psi = 0.475*[#   2]+0.475*[#   6]
    |psi|^2 = 0.950
==== e(   3) =    -7.87411 eV ==== 
     psi = 0.242*[#   3]+0.242*[#   4]+0.242*[#   7]+0.242*[#   8]+0.014*[#   1]
          +0.014*[#   5]
    |psi|^2 = 0.998
==== e(   4) =    -7.62006 eV ==== 
     psi = 0.249*[#   3]+0.249*[#   4]+0.249*[#   7]+0.249*[#   8]
    |psi|^2 = 0.997
==== e(   5) =    -0.75040 eV ==== 
     psi = 0.004*[#   3]+0.004*[#   4]+0.004*[#   7]+0.004*[#   8]+0.002*[#   1]
          +0.002*[#   5]
    |psi|^2 = 0.020
==== e(   6) =     0.15491 eV ==== 
     psi = 0.013*[#   2]+0.013*[#   6]
    |psi|^2 = 0.026
==== e(   7) =     1.95390 eV ==== 

    |psi|^2 = 0.003
==== e(   8) =     2.86235 eV ==== 
     psi = 0.007*[#   2]+0.007*[#   6]
    |psi|^2 = 0.014

 k =   0.0454545455  0.0962250449  0.0000000000
==== e(   1) =   -23.57841 eV ==== 
     psi = 0.458*[#   1]+0.458*[#   5]+0.017*[#   3]+0.017*[#   4]+0.017*[#   7]
          +0.017*[#   8]
    |psi|^2 = 0.984
==== e(   2) =   -11.62791 eV ==== 
     psi = 0.476*[#   2]+0.476*[#   6]
    |psi|^2 = 0.952
==== e(   3) =    -8.06962 eV ==== 
     psi = 0.240*[#   3]+0.240*[#   4]+0.240*[#   7]+0.240*[#   8]+0.019*[#   1]
          +0.019*[#   5]
    |psi|^2 = 0.998
==== e(   4) =    -7.73300 eV ==== 
     psi = 0.249*[#   3]+0.249*[#   4]+0.249*[#   7]+0.249*[#   8]+0.001*[#   1]
          +0.001*[#   5]
    |psi|^2 = 0.997
==== e(   5) =    -0.67689 eV ==== 
     psi = 0.005*[#   3]+0.005*[#   4]+0.005*[#   7]+0.005*[#   8]+0.001*[#   1]
          +0.001*[#   5]
    |psi|^2 = 0.023
==== e(   6) =     0.22904 eV ==== 
     psi = 0.012*[#   2]+0.012*[#   6]
    |psi|^2 = 0.025
==== e(   7) =     2.02785 eV ==== 

    |psi|^2 = 0.004
==== e(   8) =     2.93577 eV ==== 
     psi = 0.007*[#   2]+0.007*[#   6]
    |psi|^2 = 0.013

 k =   0.0454545455  0.1137205076  0.0000000000
==== e(   1) =   -23.51356 eV ==== 
     psi = 0.448*[#   1]+0.448*[#   5]+0.022*[#   3]+0.022*[#   4]+0.022*[#   7]
          +0.022*[#   8]
    |psi|^2 = 0.984
==== e(   2) =   -11.55039 eV ==== 
     psi = 0.477*[#   2]+0.477*[#   6]
    |psi|^2 = 0.954
==== e(   3) =    -8.29720 eV ==== 
     psi = 0.237*[#   3]+0.237*[#   4]+0.237*[#   7]+0.237*[#   8]+0.024*[#   1]
          +0.024*[#   5]
    |psi|^2 = 0.997
==== e(   4) =    -7.86208 eV ==== 
     psi = 0.248*[#   3]+0.248*[#   4]+0.248*[#   7]+0.248*[#   8]+0.002*[#   1]
          +0.002*[#   5]
    |psi|^2 = 0.997
==== e(   5) =    -0.58867 eV ==== 
     psi = 0.006*[#   3]+0.006*[#   4]+0.006*[#   7]+0.006*[#   8]
    |psi|^2 = 0.027
==== e(   6) =     0.31795 eV ==== 
     psi = 0.012*[#   2]+0.012*[#   6]
    |psi|^2 = 0.024
==== e(   7) =     2.11660 eV ==== 

    |psi|^2 = 0.004
==== e(   8) =     3.02381 eV ==== 
     psi = 0.006*[#   2]+0.006*[#   6]
    |psi|^2 = 0.013

 k =   0.0454545455  0.1312159703  0.0000000000
==== e(   1) =   -23.43796 eV ==== 
     psi = 0.438*[#   1]+0.438*[#   5]+0.027*[#   3]+0.027*[#   4]+0.027*[#   7]
          +0.027*[#   8]
    |psi|^2 = 0.984
==== e(   2) =   -11.46012 eV ==== 
     psi = 0.478*[#   2]+0.478*[#   6]
    |psi|^2 = 0.956
==== e(   3) =    -8.55404 eV ==== 
     psi = 0.234*[#   3]+0.234*[#   4]+0.234*[#   7]+0.234*[#   8]+0.030*[#   1]
          +0.030*[#   5]
    |psi|^2 = 0.997
==== e(   4) =    -8.00419 eV ==== 
     psi = 0.248*[#   3]+0.248*[#   4]+0.248*[#   7]+0.248*[#   8]+0.002*[#   1]
          +0.002*[#   5]
    |psi|^2 = 0.997
==== e(   5) =    -0.48575 eV ==== 
     psi = 0.007*[#   3]+0.007*[#   4]+0.007*[#   7]+0.007*[#   8]
    |psi|^2 = 0.030
==== e(   6) =     0.42163 eV ==== 
     psi = 0.011*[#   2]+0.011*[#   6]
    |psi|^2 = 0.023
==== e(   7) =     2.22013 eV ==== 

    |psi|^2 = 0.004
==== e(   8) =     3.12643 eV ==== 
     psi = 0.006*[#   2]+0.006*[#   6]
    |psi|^2 = 0.012

 k =   0.0454545455  0.1487114330  0.0000000000
==== e(   1) =   -23.35164 eV ==== 
     psi = 0.427*[#   1]+0.427*[#   5]+0.032*[#   3]+0.032*[#   4]+0.032*[#   7]
          +0.032*[#   8]
    |psi|^2 = 0.983
==== e(   2) =   -11.35720 eV ==== 
     psi = 0.479*[#   2]+0.479*[#   6]
    |psi|^2 = 0.958
==== e(   3) =    -8.83713 eV ==== 
     psi = 0.231*[#   3]+0.231*[#   4]+0.231*[#   7]+0.231*[#   8]+0.036*[#   1]
          +0.036*[#   5]
    |psi|^2 = 0.997
==== e(   4) =    -8.15642 eV ==== 
     psi = 0.248*[#   3]+0.248*[#   4]+0.248*[#   7]+0.248*[#   8]+0.003*[#   1]
          +0.003*[#   5]
    |psi|^2 = 0.996
==== e(   5) =    -0.36813 eV ==== 
     psi = 0.008*[#   3]+0.008*[#   4]+0.008*[#   7]+0.008*[#   8]
    |psi|^2 = 0.034
==== e(   6) =     0.54005 eV ==== 
     psi = 0.011*[#   2]+0.011*[#   6]
    |psi|^2 = 0.022
==== e(   7) =     2.33843 eV ==== 

    |psi|^2 = 0.004
==== e(   8) =     3.24354 eV ==== 
     psi = 0.006*[#   2]+0.006*[#   6]
    |psi|^2 = 0.011

 k =   0.0454545455  0.1662068957  0.0000000000
==== e(   1) =   -23.25462 eV ==== 
     psi = 0.416*[#   1]+0.416*[#   5]+0.038*[#   3]+0.038*[#   4]+0.038*[#   7]
          +0.038*[#   8]
    |psi|^2 = 0.983
==== e(   2) =   -11.24171 eV ==== 
     psi = 0.480*[#   2]+0.480*[#   6]
    |psi|^2 = 0.960
==== e(   3) =    -9.14336 eV ==== 
     psi = 0.228*[#   3]+0.228*[#   4]+0.228*[#   7]+0.228*[#   8]+0.043*[#   1]
          +0.043*[#   5]
    |psi|^2 = 0.996
==== e(   4) =    -8.31608 eV ==== 
     psi = 0.248*[#   3]+0.248*[#   4]+0.248*[#   7]+0.248*[#   8]+0.003*[#   1]
          +0.003*[#   5]
    |psi|^2 = 0.996
==== e(   5) =    -0.23583 eV ==== 
     psi = 0.009*[#   3]+0.009*[#   4]+0.009*[#   7]+0.009*[#   8]
    |psi|^2 = 0.036
==== e(   6) =     0.67316 eV ==== 
     psi = 0.010*[#   2]+0.010*[#   6]
    |psi|^2 = 0.021
==== e(   7) =     2.47146 eV ==== 

    |psi|^2 = 0.004
==== e(   8) =     3.37504 eV ==== 
     psi = 0.005*[#   2]+0.005*[#   6]
    |psi|^2 = 0.011

 k =   0.0454545455  0.1837023584  0.0000000000
==== e(   1) =   -23.14695 eV ==== 
     psi = 0.405*[#   1]+0.405*[#   5]+0.043*[#   3]+0.043*[#   4]+0.043*[#   7]
          +0.043*[#   8]
    |psi|^2 = 0.983
==== e(   2) =   -11.11379 eV ==== 
     psi = 0.481*[#   2]+0.481*[#   6]
    |psi|^2 = 0.963
==== e(   3) =    -9.46966 eV ==== 
     psi = 0.224*[#   3]+0.224*[#   4]+0.224*[#   7]+0.224*[#   8]+0.050*[#   1]
          +0.050*[#   5]
    |psi|^2 = 0.996
==== e(   4) =    -8.48073 eV ==== 
     psi = 0.247*[#   3]+0.247*[#   4]+0.247*[#   7]+0.247*[#   8]+0.003*[#   1]
          +0.003*[#   5]
    |psi|^2 = 0.996
==== e(   5) =    -0.08885 eV ==== 
     psi = 0.010*[#   3]+0.010*[#   4]+0.010*[#   7]+0.010*[#   8]
    |psi|^2 = 0.038
==== e(   6) =     0.82091 eV ==== 
     psi = 0.010*[#   2]+0.010*[#   6]
    |psi|^2 = 0.019
==== e(   7) =     2.61916 eV ==== 

    |psi|^2 = 0.004
==== e(   8) =     3.52064 eV ==== 
     psi = 0.005*[#   2]+0.005*[#   6]
    |psi|^2 = 0.011

 k =   0.0454545455  0.2011978211  0.0000000000
==== e(   1) =   -23.02867 eV ==== 
     psi = 0.393*[#   1]+0.393*[#   5]+0.049*[#   3]+0.049*[#   4]+0.049*[#   7]
          +0.049*[#   8]
    |psi|^2 = 0.983
==== e(   2) =   -10.97357 eV ==== 
     psi = 0.483*[#   2]+0.483*[#   6]
    |psi|^2 = 0.965
==== e(   3) =    -9.81310 eV ==== 
     psi = 0.220*[#   3]+0.220*[#   4]+0.220*[#   7]+0.220*[#   8]+0.057*[#   1]
          +0.057*[#   5]
    |psi|^2 = 0.995
==== e(   4) =    -8.64823 eV ==== 
     psi = 0.247*[#   3]+0.247*[#   4]+0.247*[#   7]+0.247*[#   8]+0.004*[#   1]
          +0.004*[#   5]
    |psi|^2 = 0.996
==== e(   5) =     0.07278 eV ==== 
     psi = 0.010*[#   3]+0.010*[#   4]+0.010*[#   7]+0.010*[#   8]
    |psi|^2 = 0.040
==== e(   6) =     0.98320 eV ==== 
     psi = 0.009*[#   2]+0.009*[#   6]
    |psi|^2 = 0.018
==== e(   7) =     2.78141 eV ==== 

    |psi|^2 = 0.004
==== e(   8) =     3.67968 eV ==== 
     psi = 0.006*[#   2]+0.006*[#   6]
    |psi|^2 = 0.011

 k =   0.0454545455  0.2186932838  0.0000000000
==== e(   1) =   -22.89983 eV ==== 
     psi = 0.382*[#   1]+0.382*[#   5]+0.054*[#   3]+0.054*[#   4]+0.054*[#   7]
          +0.054*[#   8]
    |psi|^2 = 0.982
==== e(   2) =   -10.82122 eV ==== 
     psi = 0.484*[#   2]+0.484*[#   6]
    |psi|^2 = 0.968
==== e(   3) =   -10.17090 eV ==== 
     psi = 0.217*[#   3]+0.217*[#   4]+0.217*[#   7]+0.217*[#   8]+0.064*[#   1]
          +0.064*[#   5]
    |psi|^2 = 0.995
==== e(   4) =    -8.81664 eV ==== 
     psi = 0.247*[#   3]+0.247*[#   4]+0.247*[#   7]+0.247*[#   8]+0.004*[#   1]
          +0.004*[#   5]
    |psi|^2 = 0.996
==== e(   5) =     0.24903 eV ==== 
     psi = 0.010*[#   3]+0.010*[#   4]+0.010*[#   7]+0.010*[#   8]
    |psi|^2 = 0.040
==== e(   6) =     1.15990 eV ==== 
     psi = 0.008*[#   2]+0.008*[#   6]
    |psi|^2 = 0.017
==== e(   7) =     2.95804 eV ==== 
     psi = 0.001*[#   1]+0.001*[#   5]
    |psi|^2 = 0.004
==== e(   8) =     3.84926 eV ==== 
     psi = 0.010*[#   2]+0.010*[#   6]
    |psi|^2 = 0.020

 k =   0.0454545455  0.2361887465  0.0000000000
==== e(   1) =   -22.76048 eV ==== 
     psi = 0.372*[#   1]+0.372*[#   5]+0.060*[#   3]+0.060*[#   4]+0.060*[#   7]
          +0.060*[#   8]
    |psi|^2 = 0.982
==== e(   2) =   -10.65695 eV ==== 
     psi = 0.486*[#   2]+0.486*[#   6]
    |psi|^2 = 0.971
==== e(   3) =   -10.54052 eV ==== 
     psi = 0.213*[#   3]+0.213*[#   4]+0.213*[#   7]+0.213*[#   8]+0.071*[#   1]
          +0.071*[#   5]
    |psi|^2 = 0.994
==== e(   4) =    -8.98431 eV ==== 
     psi = 0.247*[#   3]+0.247*[#   4]+0.247*[#   7]+0.247*[#   8]+0.004*[#   1]
          +0.004*[#   5]
    |psi|^2 = 0.996
==== e(   5) =     0.43989 eV ==== 
     psi = 0.010*[#   3]+0.010*[#   4]+0.010*[#   7]+0.010*[#   8]
    |psi|^2 = 0.040
==== e(   6) =     1.35074 eV ==== 
     psi = 0.008*[#   2]+0.008*[#   6]
    |psi|^2 = 0.016
==== e(   7) =     3.14869 eV ==== 
     psi = 0.002*[#   1]+0.002*[#   5]
    |psi|^2 = 0.004
==== e(   8) =     3.98712 eV ==== 
     psi = 0.147*[#   2]+0.147*[#   6]
    |psi|^2 = 0.294

 k =   0.0454545455  0.2536842092  0.0000000000
==== e(   1) =   -22.61067 eV ==== 
     psi = 0.361*[#   1]+0.361*[#   5]+0.065*[#   3]+0.065*[#   4]+0.065*[#   7]
          +0.065*[#   8]
    |psi|^2 = 0.982
==== e(   2) =   -10.91962 eV ==== 
     psi = 0.209*[#   3]+0.209*[#   4]+0.209*[#   7]+0.209*[#   8]+0.078*[#   1]
          +0.078*[#   5]
    |psi|^2 = 0.994
==== e(   3) =   -10.48098 eV ==== 
     psi = 0.487*[#   2]+0.487*[#   6]
    |psi|^2 = 0.974
==== e(   4) =    -9.14976 eV ==== 
     psi = 0.247*[#   3]+0.247*[#   4]+0.247*[#   7]+0.247*[#   8]+0.004*[#   1]
          +0.004*[#   5]
    |psi|^2 = 0.996
==== e(   5) =     0.64532 eV ==== 
     psi = 0.010*[#   3]+0.010*[#   4]+0.010*[#   7]+0.010*[#   8]
    |psi|^2 = 0.039
==== e(   6) =     1.55522 eV ==== 
     psi = 0.008*[#   2]+0.008*[#   6]
    |psi|^2 = 0.015
==== e(   7) =     3.35251 eV ==== 
     psi = 0.003*[#   1]+0.003*[#   5]
    |psi|^2 = 0.007
==== e(   8) =     3.72667 eV ==== 
     psi = 0.460*[#   2]+0.460*[#   6]
    |psi|^2 = 0.919

 k =   0.0454545455  0.2711796719  0.0000000000
==== e(   1) =   -22.45050 eV ==== 
     psi = 0.351*[#   1]+0.351*[#   5]+0.070*[#   3]+0.070*[#   4]+0.070*[#   7]
          +0.070*[#   8]
    |psi|^2 = 0.982
==== e(   2) =   -11.30608 eV ==== 
     psi = 0.206*[#   3]+0.206*[#   4]+0.206*[#   7]+0.206*[#   8]+0.085*[#   1]
          +0.085*[#   5]
    |psi|^2 = 0.993
==== e(   3) =   -10.29359 eV ==== 
     psi = 0.488*[#   2]+0.488*[#   6]
    |psi|^2 = 0.977
==== e(   4) =    -9.31171 eV ==== 
     psi = 0.247*[#   3]+0.247*[#   4]+0.247*[#   7]+0.247*[#   8]+0.004*[#   1]
          +0.004*[#   5]
    |psi|^2 = 0.996
==== e(   5) =     0.86527 eV ==== 
     psi = 0.009*[#   3]+0.009*[#   4]+0.009*[#   7]+0.009*[#   8]
    |psi|^2 = 0.037
==== e(   6) =     1.77202 eV ==== 
     psi = 0.009*[#   2]+0.009*[#   6]
    |psi|^2 = 0.017
==== e(   7) =     3.34930 eV ==== 
     psi = 0.471*[#   2]+0.471*[#   6]
    |psi|^2 = 0.942
==== e(   8) =     3.56706 eV ==== 
     psi = 0.007*[#   1]+0.007*[#   5]
    |psi|^2 = 0.018

 k =   0.0454545455  0.2886751346  0.0000000000
==== e(   1) =   -22.28002 eV ==== 
     psi = 0.342*[#   1]+0.342*[#   5]+0.075*[#   3]+0.075*[#   4]+0.075*[#   7]
          +0.075*[#   8]
    |psi|^2 = 0.982
==== e(   2) =   -11.69800 eV ==== 
     psi = 0.202*[#   3]+0.202*[#   4]+0.202*[#   7]+0.202*[#   8]+0.092*[#   1]
          +0.092*[#   5]
    |psi|^2 = 0.993
==== e(   3) =   -10.09512 eV ==== 
     psi = 0.490*[#   2]+0.490*[#   6]
    |psi|^2 = 0.979
==== e(   4) =    -9.46906 eV ==== 
     psi = 0.247*[#   3]+0.247*[#   4]+0.247*[#   7]+0.247*[#   8]+0.005*[#   1]
          +0.005*[#   5]
    |psi|^2 = 0.996
==== e(   5) =     1.09969 eV ==== 
     psi = 0.009*[#   3]+0.009*[#   4]+0.009*[#   7]+0.009*[#   8]
    |psi|^2 = 0.034
==== e(   6) =     1.99639 eV ==== 
     psi = 0.015*[#   2]+0.015*[#   6]
    |psi|^2 = 0.030
==== e(   7) =     2.96341 eV ==== 
     psi = 0.466*[#   2]+0.466*[#   6]
    |psi|^2 = 0.932
==== e(   8) =     3.78156 eV ==== 
     psi = 0.028*[#   1]+0.028*[#   5]+0.007*[#   3]+0.007*[#   4]+0.007*[#   7]
          +0.007*[#   8]
    |psi|^2 = 0.084

 k =   0.0454545455  0.3061705973  0.0000000000
==== e(   1) =   -22.09933 eV ==== 
     psi = 0.333*[#   1]+0.333*[#   5]+0.079*[#   3]+0.079*[#   4]+0.079*[#   7]
          +0.079*[#   8]
    |psi|^2 = 0.982
==== e(   2) =   -12.09367 eV ==== 
     psi = 0.199*[#   3]+0.199*[#   4]+0.199*[#   7]+0.199*[#   8]+0.098*[#   1]
          +0.098*[#   5]
    |psi|^2 = 0.992
==== e(   3) =    -9.88594 eV ==== 
     psi = 0.491*[#   2]+0.491*[#   6]
    |psi|^2 = 0.982
==== e(   4) =    -9.62084 eV ==== 
     psi = 0.247*[#   3]+0.247*[#   4]+0.247*[#   7]+0.247*[#   8]+0.005*[#   1]
          +0.005*[#   5]
    |psi|^2 = 0.996
==== e(   5) =     1.34851 eV ==== 
     psi = 0.008*[#   3]+0.008*[#   4]+0.008*[#   7]+0.008*[#   8]
    |psi|^2 = 0.031
==== e(   6) =     2.19260 eV ==== 
     psi = 0.087*[#   2]+0.087*[#   6]
    |psi|^2 = 0.174
==== e(   7) =     2.61129 eV ==== 
     psi = 0.393*[#   2]+0.393*[#   6]
    |psi|^2 = 0.787
==== e(   8) =     3.92753 eV ==== 
     psi = 0.141*[#   1]+0.141*[#   5]+0.054*[#   3]+0.054*[#   4]+0.054*[#   7]
          +0.054*[#   8]
    |psi|^2 = 0.499

 k =   0.0454545455  0.3236660600  0.0000000000
==== e(   1) =   -21.90854 eV ==== 
     psi = 0.324*[#   1]+0.324*[#   5]+0.083*[#   3]+0.083*[#   4]+0.083*[#   7]
          +0.083*[#   8]
    |psi|^2 = 0.982
==== e(   2) =   -12.49155 eV ==== 
     psi = 0.196*[#   3]+0.196*[#   4]+0.196*[#   7]+0.196*[#   8]+0.104*[#   1]
          +0.104*[#   5]
    |psi|^2 = 0.992
==== e(   3) =    -9.76621 eV ==== 
     psi = 0.247*[#   3]+0.247*[#   4]+0.247*[#   7]+0.247*[#   8]+0.005*[#   1]
          +0.005*[#   5]
    |psi|^2 = 0.996
==== e(   4) =    -9.66655 eV ==== 
     psi = 0.492*[#   2]+0.492*[#   6]
    |psi|^2 = 0.984
==== e(   5) =     1.61163 eV ==== 
     psi = 0.007*[#   3]+0.007*[#   4]+0.007*[#   7]+0.007*[#   8]
    |psi|^2 = 0.028
==== e(   6) =     2.05514 eV ==== 
     psi = 0.414*[#   2]+0.414*[#   6]
    |psi|^2 = 0.829
==== e(   7) =     2.60133 eV ==== 
     psi = 0.065*[#   2]+0.065*[#   6]
    |psi|^2 = 0.131
==== e(   8) =     3.92689 eV ==== 
     psi = 0.224*[#   1]+0.224*[#   5]+0.087*[#   3]+0.087*[#   4]+0.087*[#   7]
          +0.087*[#   8]
    |psi|^2 = 0.796

 k =   0.0454545455  0.3411615227  0.0000000000
==== e(   1) =   -21.70777 eV ==== 
     psi = 0.316*[#   1]+0.316*[#   5]+0.088*[#   3]+0.088*[#   4]+0.088*[#   7]
          +0.088*[#   8]
    |psi|^2 = 0.982
==== e(   2) =   -12.89025 eV ==== 
     psi = 0.193*[#   3]+0.193*[#   4]+0.193*[#   7]+0.193*[#   8]+0.111*[#   1]
          +0.111*[#   5]
    |psi|^2 = 0.992
==== e(   3) =    -9.90445 eV ==== 
     psi = 0.247*[#   3]+0.247*[#   4]+0.247*[#   7]+0.247*[#   8]+0.005*[#   1]
          +0.005*[#   5]
    |psi|^2 = 0.996
==== e(   4) =    -9.43751 eV ==== 
     psi = 0.493*[#   2]+0.493*[#   6]
    |psi|^2 = 0.987
==== e(   5) =     1.67209 eV ==== 
     psi = 0.460*[#   2]+0.460*[#   6]
    |psi|^2 = 0.920
==== e(   6) =     1.88891 eV ==== 
     psi = 0.006*[#   3]+0.006*[#   4]+0.006*[#   7]+0.006*[#   8]
    |psi|^2 = 0.024
==== e(   7) =     2.84770 eV ==== 
     psi = 0.019*[#   2]+0.019*[#   6]
    |psi|^2 = 0.038
==== e(   8) =     3.88287 eV ==== 
     psi = 0.249*[#   1]+0.249*[#   5]+0.089*[#   3]+0.089*[#   4]+0.089*[#   7]
          +0.089*[#   8]
    |psi|^2 = 0.856

 k =   0.0454545455  0.3586569854  0.0000000000
==== e(   1) =   -21.49716 eV ==== 
     psi = 0.308*[#   1]+0.308*[#   5]+0.091*[#   3]+0.091*[#   4]+0.091*[#   7]
          +0.091*[#   8]
    |psi|^2 = 0.982
==== e(   2) =   -13.28851 eV ==== 
     psi = 0.190*[#   3]+0.190*[#   4]+0.190*[#   7]+0.190*[#   8]+0.116*[#   1]
          +0.116*[#   5]
    |psi|^2 = 0.991
==== e(   3) =   -10.03493 eV ==== 
     psi = 0.247*[#   3]+0.247*[#   4]+0.247*[#   7]+0.247*[#   8]+0.005*[#   1]
          +0.005*[#   5]
    |psi|^2 = 0.996
==== e(   4) =    -9.19956 eV ==== 
     psi = 0.494*[#   2]+0.494*[#   6]
    |psi|^2 = 0.989
==== e(   5) =     1.26346 eV ==== 
     psi = 0.468*[#   2]+0.468*[#   6]
    |psi|^2 = 0.935
==== e(   6) =     2.18008 eV ==== 
     psi = 0.005*[#   3]+0.005*[#   4]+0.005*[#   7]+0.005*[#   8]
    |psi|^2 = 0.020
==== e(   7) =     3.13252 eV ==== 
     psi = 0.011*[#   2]+0.011*[#   6]
    |psi|^2 = 0.021
==== e(   8) =     3.83175 eV ==== 
     psi = 0.264*[#   1]+0.264*[#   5]+0.087*[#   3]+0.087*[#   4]+0.087*[#   7]
          +0.087*[#   8]
    |psi|^2 = 0.877

 k =   0.0454545455  0.3761524481  0.0000000000
==== e(   1) =   -21.27688 eV ==== 
     psi = 0.301*[#   1]+0.301*[#   5]+0.095*[#   3]+0.095*[#   4]+0.095*[#   7]
          +0.095*[#   8]
    |psi|^2 = 0.982
==== e(   2) =   -13.68520 eV ==== 
     psi = 0.187*[#   3]+0.187*[#   4]+0.187*[#   7]+0.187*[#   8]+0.122*[#   1]
          +0.122*[#   5]
    |psi|^2 = 0.991
==== e(   3) =   -10.15710 eV ==== 
     psi = 0.247*[#   3]+0.247*[#   4]+0.247*[#   7]+0.247*[#   8]+0.005*[#   1]
          +0.005*[#   5]
    |psi|^2 = 0.996
==== e(   4) =    -8.95360 eV ==== 
     psi = 0.495*[#   2]+0.495*[#   6]
    |psi|^2 = 0.990
==== e(   5) =     0.85061 eV ==== 
     psi = 0.470*[#   2]+0.470*[#   6]
    |psi|^2 = 0.940
==== e(   6) =     2.48467 eV ==== 
     psi = 0.004*[#   3]+0.004*[#   4]+0.004*[#   7]+0.004*[#   8]+0.001*[#   1]
          +0.001*[#   5]
    |psi|^2 = 0.017
==== e(   7) =     3.43661 eV ==== 
     psi = 0.007*[#   2]+0.007*[#   6]
    |psi|^2 = 0.015
==== e(   8) =     3.78060 eV ==== 
     psi = 0.276*[#   1]+0.276*[#   5]+0.084*[#   3]+0.084*[#   4]+0.084*[#   7]
          +0.084*[#   8]
    |psi|^2 = 0.887

 k =   0.0454545455  0.3936479108  0.0000000000
==== e(   1) =   -21.04713 eV ==== 
     psi = 0.294*[#   1]+0.294*[#   5]+0.099*[#   3]+0.099*[#   4]+0.099*[#   7]
          +0.099*[#   8]
    |psi|^2 = 0.982
==== e(   2) =   -14.07924 eV ==== 
     psi = 0.184*[#   3]+0.184*[#   4]+0.184*[#   7]+0.184*[#   8]+0.127*[#   1]
          +0.127*[#   5]
    |psi|^2 = 0.990
==== e(   3) =   -10.27049 eV ==== 
     psi = 0.247*[#   3]+0.247*[#   4]+0.247*[#   7]+0.247*[#   8]+0.005*[#   1]
          +0.005*[#   5]
    |psi|^2 = 0.996
==== e(   4) =    -8.70076 eV ==== 
     psi = 0.496*[#   2]+0.496*[#   6]
    |psi|^2 = 0.992
==== e(   5) =     0.43912 eV ==== 
     psi = 0.472*[#   2]+0.472*[#   6]
    |psi|^2 = 0.943
==== e(   6) =     2.80150 eV ==== 
     psi = 0.003*[#   1]+0.003*[#   5]+0.002*[#   3]+0.002*[#   4]+0.002*[#   7]
          +0.002*[#   8]
    |psi|^2 = 0.015
==== e(   7) =     3.73284 eV ==== 
     psi = 0.285*[#   1]+0.285*[#   5]+0.080*[#   3]+0.080*[#   4]+0.080*[#   7]
          +0.080*[#   8]
    |psi|^2 = 0.891
==== e(   8) =     3.75661 eV ==== 
     psi = 0.006*[#   2]+0.006*[#   6]
    |psi|^2 = 0.011

 k =   0.0454545455  0.4111433735  0.0000000000
==== e(   1) =   -20.80819 eV ==== 
     psi = 0.288*[#   1]+0.288*[#   5]+0.102*[#   3]+0.102*[#   4]+0.102*[#   7]
          +0.102*[#   8]
    |psi|^2 = 0.983
==== e(   2) =   -14.46963 eV ==== 
     psi = 0.181*[#   3]+0.181*[#   4]+0.181*[#   7]+0.181*[#   8]+0.132*[#   1]
          +0.132*[#   5]
    |psi|^2 = 0.990
==== e(   3) =   -10.37470 eV ==== 
     psi = 0.247*[#   3]+0.247*[#   4]+0.247*[#   7]+0.247*[#   8]+0.005*[#   1]
          +0.005*[#   5]
    |psi|^2 = 0.996
==== e(   4) =    -8.44254 eV ==== 
     psi = 0.497*[#   2]+0.497*[#   6]
    |psi|^2 = 0.993
==== e(   5) =     0.03256 eV ==== 
     psi = 0.472*[#   2]+0.472*[#   6]
    |psi|^2 = 0.945
==== e(   6) =     3.12634 eV ==== 
     psi = 0.011*[#   1]+0.011*[#   5]
    |psi|^2 = 0.025
==== e(   7) =     3.69377 eV ==== 
     psi = 0.286*[#   1]+0.286*[#   5]+0.077*[#   3]+0.077*[#   4]+0.077*[#   7]
          +0.077*[#   8]
    |psi|^2 = 0.881
==== e(   8) =     4.09141 eV ==== 
     psi = 0.005*[#   2]+0.005*[#   6]
    |psi|^2 = 0.009

 k =   0.0454545455  0.4286388362  0.0000000000
==== e(   1) =   -20.56039 eV ==== 
     psi = 0.282*[#   1]+0.282*[#   5]+0.105*[#   3]+0.105*[#   4]+0.105*[#   7]
          +0.105*[#   8]
    |psi|^2 = 0.983
==== e(   2) =   -14.85539 eV ==== 
     psi = 0.179*[#   3]+0.179*[#   4]+0.179*[#   7]+0.179*[#   8]+0.137*[#   1]
          +0.137*[#   5]
    |psi|^2 = 0.989
==== e(   3) =   -10.46937 eV ==== 
     psi = 0.247*[#   3]+0.247*[#   4]+0.247*[#   7]+0.247*[#   8]+0.005*[#   1]
          +0.005*[#   5]
    |psi|^2 = 0.996
==== e(   4) =    -8.18087 eV ==== 
     psi = 0.497*[#   2]+0.497*[#   6]
    |psi|^2 = 0.994
==== e(   5) =    -0.36574 eV ==== 
     psi = 0.473*[#   2]+0.473*[#   6]
    |psi|^2 = 0.946
==== e(   6) =     3.42929 eV ==== 
     psi = 0.080*[#   1]+0.080*[#   5]+0.007*[#   3]+0.007*[#   4]+0.007*[#   7]
          +0.007*[#   8]
    |psi|^2 = 0.187
==== e(   7) =     3.69399 eV ==== 
     psi = 0.226*[#   1]+0.226*[#   5]+0.067*[#   3]+0.067*[#   4]+0.067*[#   7]
          +0.067*[#   8]
    |psi|^2 = 0.719
==== e(   8) =     4.44040 eV ==== 
     psi = 0.004*[#   2]+0.004*[#   6]
    |psi|^2 = 0.008

 k =   0.0454545455  0.4461342989  0.0000000000
==== e(   1) =   -20.30422 eV ==== 
     psi = 0.277*[#   1]+0.277*[#   5]+0.107*[#   3]+0.107*[#   4]+0.107*[#   7]
          +0.107*[#   8]
    |psi|^2 = 0.984
==== e(   2) =   -15.23547 eV ==== 
     psi = 0.177*[#   3]+0.177*[#   4]+0.177*[#   7]+0.177*[#   8]+0.141*[#   1]
          +0.141*[#   5]
    |psi|^2 = 0.989
==== e(   3) =   -10.55421 eV ==== 
     psi = 0.246*[#   3]+0.246*[#   4]+0.246*[#   7]+0.246*[#   8]+0.005*[#   1]
          +0.005*[#   5]
    |psi|^2 = 0.996
==== e(   4) =    -7.91835 eV ==== 
     psi = 0.498*[#   2]+0.498*[#   6]
    |psi|^2 = 0.995
==== e(   5) =    -0.75211 eV ==== 
     psi = 0.474*[#   2]+0.474*[#   6]
    |psi|^2 = 0.947
==== e(   6) =     3.53743 eV ==== 
     psi = 0.276*[#   1]+0.276*[#   5]+0.049*[#   3]+0.049*[#   4]+0.049*[#   7]
          +0.049*[#   8]
    |psi|^2 = 0.748
==== e(   7) =     3.90686 eV ==== 
     psi = 0.037*[#   1]+0.037*[#   5]+0.021*[#   3]+0.021*[#   4]+0.021*[#   7]
          +0.021*[#   8]
    |psi|^2 = 0.157
==== e(   8) =     4.80316 eV ==== 
     psi = 0.003*[#   2]+0.003*[#   6]
    |psi|^2 = 0.007

 k =   0.0454545455  0.4636297616  0.0000000000
==== e(   1) =   -20.04035 eV ==== 
     psi = 0.273*[#   1]+0.273*[#   5]+0.110*[#   3]+0.110*[#   4]+0.110*[#   7]
          +0.110*[#   8]
    |psi|^2 = 0.984
==== e(   2) =   -15.60872 eV ==== 
     psi = 0.175*[#   3]+0.175*[#   4]+0.175*[#   7]+0.175*[#   8]+0.145*[#   1]
          +0.145*[#   5]
    |psi|^2 = 0.988
==== e(   3) =   -10.62895 eV ==== 
     psi = 0.246*[#   3]+0.246*[#   4]+0.246*[#   7]+0.246*[#   8]+0.005*[#   1]
          +0.005*[#   5]
    |psi|^2 = 0.996
==== e(   4) =    -7.65850 eV ==== 
     psi = 0.498*[#   2]+0.498*[#   6]
    |psi|^2 = 0.996
==== e(   5) =    -1.12213 eV ==== 
     psi = 0.474*[#   2]+0.474*[#   6]
    |psi|^2 = 0.948
==== e(   6) =     3.52277 eV ==== 
     psi = 0.311*[#   1]+0.311*[#   5]+0.057*[#   3]+0.057*[#   4]+0.057*[#   7]
          +0.057*[#   8]
    |psi|^2 = 0.851
==== e(   7) =     4.26063 eV ==== 
     psi = 0.009*[#   3]+0.009*[#   4]+0.009*[#   7]+0.009*[#   8]+0.009*[#   1]
          +0.009*[#   5]
    |psi|^2 = 0.053
==== e(   8) =     5.17928 eV ==== 
     psi = 0.003*[#   2]+0.003*[#   6]
    |psi|^2 = 0.006

 k =   0.0454545455  0.4811252243  0.0000000000
==== e(   1) =   -19.76988 eV ==== 
     psi = 0.270*[#   1]+0.270*[#   5]+0.111*[#   3]+0.111*[#   4]+0.111*[#   7]
          +0.111*[#   8]
    |psi|^2 = 0.985
==== e(   2) =   -15.97366 eV ==== 
     psi = 0.173*[#   3]+0.173*[#   4]+0.173*[#   7]+0.173*[#   8]+0.147*[#   1]
          +0.147*[#   5]
    |psi|^2 = 0.987
==== e(   3) =   -10.69339 eV ==== 
     psi = 0.246*[#   3]+0.246*[#   4]+0.246*[#   7]+0.246*[#   8]+0.005*[#   1]
          +0.005*[#   5]
    |psi|^2 = 0.996
==== e(   4) =    -7.40613 eV ==== 
     psi = 0.498*[#   2]+0.498*[#   6]
    |psi|^2 = 0.996
==== e(   5) =    -1.47026 eV ==== 
     psi = 0.475*[#   2]+0.475*[#   6]
    |psi|^2 = 0.949
==== e(   6) =     3.49685 eV ==== 
     psi = 0.322*[#   1]+0.322*[#   5]+0.057*[#   3]+0.057*[#   4]+0.057*[#   7]
          +0.057*[#   8]
    |psi|^2 = 0.874
==== e(   7) =     4.64390 eV ==== 
     psi = 0.006*[#   3]+0.006*[#   4]+0.006*[#   7]+0.006*[#   8]+0.003*[#   1]
          +0.003*[#   5]
    |psi|^2 = 0.029
==== e(   8) =     5.56827 eV ==== 
     psi = 0.003*[#   2]+0.003*[#   6]
    |psi|^2 = 0.006

 k =   0.0454545455  0.4986206870  0.0000000000
==== e(   1) =   -19.49464 eV ==== 
     psi = 0.268*[#   1]+0.268*[#   5]+0.112*[#   3]+0.112*[#   4]+0.112*[#   7]
          +0.112*[#   8]
    |psi|^2 = 0.986
==== e(   2) =   -16.32812 eV ==== 
     psi = 0.173*[#   3]+0.173*[#   4]+0.173*[#   7]+0.173*[#   8]+0.148*[#   1]
          +0.148*[#   5]
    |psi|^2 = 0.986
==== e(   3) =   -10.74735 eV ==== 
     psi = 0.246*[#   3]+0.246*[#   4]+0.246*[#   7]+0.246*[#   8]+0.005*[#   1]
          +0.005*[#   5]
    |psi|^2 = 0.996
==== e(   4) =    -7.16786 eV ==== 
     psi = 0.498*[#   2]+0.498*[#   6]
    |psi|^2 = 0.997
==== e(   5) =    -1.78923 eV ==== 
     psi = 0.475*[#   2]+0.475*[#   6]
    |psi|^2 = 0.950
==== e(   6) =     3.47224 eV ==== 
     psi = 0.329*[#   1]+0.329*[#   5]+0.056*[#   3]+0.056*[#   4]+0.056*[#   7]
          +0.056*[#   8]
    |psi|^2 = 0.883
==== e(   7) =     5.04409 eV ==== 
     psi = 0.004*[#   3]+0.004*[#   4]+0.004*[#   7]+0.004*[#   8]+0.002*[#   1]
          +0.002*[#   5]
    |psi|^2 = 0.019
==== e(   8) =     5.96952 eV ==== 
     psi = 0.003*[#   2]+0.003*[#   6]
    |psi|^2 = 0.006

 k =   0.0454545455  0.5161161497  0.0000000000
==== e(   1) =   -19.21811 eV ==== 
     psi = 0.269*[#   1]+0.269*[#   5]+0.112*[#   3]+0.112*[#   4]+0.112*[#   7]
          +0.112*[#   8]
    |psi|^2 = 0.987
==== e(   2) =   -16.66832 eV ==== 
     psi = 0.173*[#   3]+0.173*[#   4]+0.173*[#   7]+0.173*[#   8]+0.146*[#   1]
          +0.146*[#   5]
    |psi|^2 = 0.985
==== e(   3) =   -10.79068 eV ==== 
     psi = 0.246*[#   3]+0.246*[#   4]+0.246*[#   7]+0.246*[#   8]+0.005*[#   1]
          +0.005*[#   5]
    |psi|^2 = 0.996
==== e(   4) =    -6.95265 eV ==== 
     psi = 0.499*[#   2]+0.499*[#   6]
    |psi|^2 = 0.997
==== e(   5) =    -2.06960 eV ==== 
     psi = 0.475*[#   2]+0.475*[#   6]
    |psi|^2 = 0.950
==== e(   6) =     3.45149 eV ==== 
     psi = 0.333*[#   1]+0.333*[#   5]+0.055*[#   3]+0.055*[#   4]+0.055*[#   7]
          +0.055*[#   8]
    |psi|^2 = 0.887
==== e(   7) =     5.45848 eV ==== 
     psi = 0.003*[#   3]+0.003*[#   4]+0.003*[#   7]+0.003*[#   8]+0.001*[#   1]
          +0.001*[#   5]
    |psi|^2 = 0.014
==== e(   8) =     6.38213 eV ==== 
     psi = 0.003*[#   2]+0.003*[#   6]
    |psi|^2 = 0.006

 k =   0.0454545455  0.5336116124  0.0000000000
==== e(   1) =   -18.94788 eV ==== 
     psi = 0.275*[#   1]+0.275*[#   5]+0.110*[#   3]+0.110*[#   4]+0.110*[#   7]
          +0.110*[#   8]
    |psi|^2 = 0.989
==== e(   2) =   -16.98650 eV ==== 
     psi = 0.176*[#   3]+0.176*[#   4]+0.176*[#   7]+0.176*[#   8]+0.141*[#   1]
          +0.141*[#   5]
    |psi|^2 = 0.984
==== e(   3) =   -10.82328 eV ==== 
     psi = 0.246*[#   3]+0.246*[#   4]+0.246*[#   7]+0.246*[#   8]+0.005*[#   1]
          +0.005*[#   5]
    |psi|^2 = 0.996
==== e(   4) =    -6.77215 eV ==== 
     psi = 0.499*[#   2]+0.499*[#   6]
    |psi|^2 = 0.997
==== e(   5) =    -2.29931 eV ==== 
     psi = 0.475*[#   2]+0.475*[#   6]
    |psi|^2 = 0.951
==== e(   6) =     3.43550 eV ==== 
     psi = 0.337*[#   1]+0.337*[#   5]+0.054*[#   3]+0.054*[#   4]+0.054*[#   7]
          +0.054*[#   8]
    |psi|^2 = 0.890
==== e(   7) =     5.88574 eV ==== 
     psi = 0.002*[#   3]+0.002*[#   4]+0.002*[#   7]+0.002*[#   8]+0.001*[#   1]
          +0.001*[#   5]
    |psi|^2 = 0.011
==== e(   8) =     6.80452 eV ==== 
     psi = 0.003*[#   2]+0.003*[#   6]
    |psi|^2 = 0.007

 k =   0.0454545455  0.5511070751  0.0000000000
==== e(   1) =   -18.70303 eV ==== 
     psi = 0.288*[#   1]+0.288*[#   5]+0.104*[#   3]+0.104*[#   4]+0.104*[#   7]
          +0.104*[#   8]
    |psi|^2 = 0.991
==== e(   2) =   -17.26340 eV ==== 
     psi = 0.182*[#   3]+0.182*[#   4]+0.182*[#   7]+0.182*[#   8]+0.128*[#   1]
          +0.128*[#   5]
    |psi|^2 = 0.982
==== e(   3) =   -10.84505 eV ==== 
     psi = 0.246*[#   3]+0.246*[#   4]+0.246*[#   7]+0.246*[#   8]+0.005*[#   1]
          +0.005*[#   5]
    |psi|^2 = 0.995
==== e(   4) =    -6.64006 eV ==== 
     psi = 0.499*[#   2]+0.499*[#   6]
    |psi|^2 = 0.998
==== e(   5) =    -2.46438 eV ==== 
     psi = 0.476*[#   2]+0.476*[#   6]
    |psi|^2 = 0.951
==== e(   6) =     3.42466 eV ==== 
     psi = 0.339*[#   1]+0.339*[#   5]+0.053*[#   3]+0.053*[#   4]+0.053*[#   7]
          +0.053*[#   8]
    |psi|^2 = 0.891
==== e(   7) =     6.32438 eV ==== 
     psi = 0.002*[#   1]+0.002*[#   5]+0.002*[#   3]+0.002*[#   4]+0.002*[#   7]
          +0.002*[#   8]
    |psi|^2 = 0.010
==== e(   8) =     7.23292 eV ==== 
     psi = 0.004*[#   2]+0.004*[#   6]
    |psi|^2 = 0.008

 k =   0.0454545455  0.5686025378  0.0000000000
==== e(   1) =   -18.53526 eV ==== 
     psi = 0.306*[#   1]+0.306*[#   5]+0.095*[#   3]+0.095*[#   4]+0.095*[#   7]
          +0.095*[#   8]
    |psi|^2 = 0.993
==== e(   2) =   -17.44722 eV ==== 
     psi = 0.190*[#   3]+0.190*[#   4]+0.190*[#   7]+0.190*[#   8]+0.110*[#   1]
          +0.110*[#   5]
    |psi|^2 = 0.980
==== e(   3) =   -10.85595 eV ==== 
     psi = 0.246*[#   3]+0.246*[#   4]+0.246*[#   7]+0.246*[#   8]+0.005*[#   1]
          +0.005*[#   5]
    |psi|^2 = 0.995
==== e(   4) =    -6.56971 eV ==== 
     psi = 0.499*[#   2]+0.499*[#   6]
    |psi|^2 = 0.998
==== e(   5) =    -2.55126 eV ==== 
     psi = 0.476*[#   2]+0.476*[#   6]
    |psi|^2 = 0.951
==== e(   6) =     3.41920 eV ==== 
     psi = 0.340*[#   1]+0.340*[#   5]+0.053*[#   3]+0.053*[#   4]+0.053*[#   7]
          +0.053*[#   8]
    |psi|^2 = 0.892
==== e(   7) =     6.76803 eV ==== 
     psi = 0.003*[#   1]+0.003*[#   5]+0.001*[#   3]+0.001*[#   4]+0.001*[#   7]
          +0.001*[#   8]
    |psi|^2 = 0.010
==== e(   8) =     7.25464 eV ==== 
     psi = 0.002*[#   1]+0.002*[#   5]+0.002*[#   3]+0.002*[#   4]+0.002*[#   7]
          +0.002*[#   8]
    |psi|^2 = 0.011

 k =   0.0606060606  0.1049727762  0.0000000000
==== e(   1) =   -23.51896 eV ==== 
     psi = 0.449*[#   1]+0.449*[#   5]+0.022*[#   3]+0.022*[#   4]+0.022*[#   7]
          +0.022*[#   8]
    |psi|^2 = 0.984
==== e(   2) =   -11.55684 eV ==== 
     psi = 0.477*[#   2]+0.477*[#   6]
    |psi|^2 = 0.953
==== e(   3) =    -8.27240 eV ==== 
     psi = 0.238*[#   3]+0.238*[#   4]+0.238*[#   7]+0.238*[#   8]+0.023*[#   1]
          +0.023*[#   5]
    |psi|^2 = 0.998
==== e(   4) =    -7.85834 eV ==== 
     psi = 0.248*[#   3]+0.248*[#   4]+0.248*[#   7]+0.248*[#   8]+0.002*[#   1]
          +0.002*[#   5]
    |psi|^2 = 0.997
==== e(   5) =    -0.59602 eV ==== 
     psi = 0.006*[#   3]+0.006*[#   4]+0.006*[#   7]+0.006*[#   8]
    |psi|^2 = 0.027
==== e(   6) =     0.31054 eV ==== 
     psi = 0.012*[#   2]+0.012*[#   6]
    |psi|^2 = 0.024
==== e(   7) =     2.10922 eV ==== 

    |psi|^2 = 0.004
==== e(   8) =     3.01648 eV ==== 
     psi = 0.006*[#   2]+0.006*[#   6]
    |psi|^2 = 0.013

 k =   0.0606060606  0.1224682389  0.0000000000
==== e(   1) =   -23.44876 eV ==== 
     psi = 0.439*[#   1]+0.439*[#   5]+0.026*[#   3]+0.026*[#   4]+0.026*[#   7]
          +0.026*[#   8]
    |psi|^2 = 0.984
==== e(   2) =   -11.47300 eV ==== 
     psi = 0.478*[#   2]+0.478*[#   6]
    |psi|^2 = 0.955
==== e(   3) =    -8.50447 eV ==== 
     psi = 0.235*[#   3]+0.235*[#   4]+0.235*[#   7]+0.235*[#   8]+0.028*[#   1]
          +0.028*[#   5]
    |psi|^2 = 0.998
==== e(   4) =    -7.99958 eV ==== 
     psi = 0.248*[#   3]+0.248*[#   4]+0.248*[#   7]+0.248*[#   8]+0.003*[#   1]
          +0.003*[#   5]
    |psi|^2 = 0.996
==== e(   5) =    -0.50044 eV ==== 
     psi = 0.007*[#   3]+0.007*[#   4]+0.007*[#   7]+0.007*[#   8]
    |psi|^2 = 0.030
==== e(   6) =     0.40683 eV ==== 
     psi = 0.012*[#   2]+0.012*[#   6]
    |psi|^2 = 0.023
==== e(   7) =     2.20540 eV ==== 

    |psi|^2 = 0.004
==== e(   8) =     3.11180 eV ==== 
     psi = 0.006*[#   2]+0.006*[#   6]
    |psi|^2 = 0.012

 k =   0.0606060606  0.1399637016  0.0000000000
==== e(   1) =   -23.36782 eV ==== 
     psi = 0.429*[#   1]+0.429*[#   5]+0.031*[#   3]+0.031*[#   4]+0.031*[#   7]
          +0.031*[#   8]
    |psi|^2 = 0.984
==== e(   2) =   -11.37646 eV ==== 
     psi = 0.479*[#   2]+0.479*[#   6]
    |psi|^2 = 0.957
==== e(   3) =    -8.76377 eV ==== 
     psi = 0.232*[#   3]+0.232*[#   4]+0.232*[#   7]+0.232*[#   8]+0.034*[#   1]
          +0.034*[#   5]
    |psi|^2 = 0.997
==== e(   4) =    -8.15304 eV ==== 
     psi = 0.247*[#   3]+0.247*[#   4]+0.247*[#   7]+0.247*[#   8]+0.004*[#   1]
          +0.004*[#   5]
    |psi|^2 = 0.996
==== e(   5) =    -0.39015 eV ==== 
     psi = 0.008*[#   3]+0.008*[#   4]+0.008*[#   7]+0.008*[#   8]
    |psi|^2 = 0.033
==== e(   6) =     0.51787 eV ==== 
     psi = 0.011*[#   2]+0.011*[#   6]
    |psi|^2 = 0.022
==== e(   7) =     2.31637 eV ==== 

    |psi|^2 = 0.004
==== e(   8) =     3.22166 eV ==== 
     psi = 0.006*[#   2]+0.006*[#   6]
    |psi|^2 = 0.012

 k =   0.0606060606  0.1574591643  0.0000000000
==== e(   1) =   -23.27618 eV ==== 
     psi = 0.418*[#   1]+0.418*[#   5]+0.037*[#   3]+0.037*[#   4]+0.037*[#   7]
          +0.037*[#   8]
    |psi|^2 = 0.983
==== e(   2) =   -11.26733 eV ==== 
     psi = 0.480*[#   2]+0.480*[#   6]
    |psi|^2 = 0.960
==== e(   3) =    -9.04788 eV ==== 
     psi = 0.229*[#   3]+0.229*[#   4]+0.229*[#   7]+0.229*[#   8]+0.040*[#   1]
          +0.040*[#   5]
    |psi|^2 = 0.997
==== e(   4) =    -8.31537 eV ==== 
     psi = 0.247*[#   3]+0.247*[#   4]+0.247*[#   7]+0.247*[#   8]+0.005*[#   1]
          +0.005*[#   5]
    |psi|^2 = 0.996
==== e(   5) =    -0.26518 eV ==== 
     psi = 0.009*[#   3]+0.009*[#   4]+0.009*[#   7]+0.009*[#   8]
    |psi|^2 = 0.036
==== e(   6) =     0.64362 eV ==== 
     psi = 0.010*[#   2]+0.010*[#   6]
    |psi|^2 = 0.021
==== e(   7) =     2.44210 eV ==== 

    |psi|^2 = 0.004
==== e(   8) =     3.34599 eV ==== 
     psi = 0.005*[#   2]+0.005*[#   6]
    |psi|^2 = 0.011

 k =   0.0606060606  0.1749546270  0.0000000000
==== e(   1) =   -23.17386 eV ==== 
     psi = 0.407*[#   1]+0.407*[#   5]+0.042*[#   3]+0.042*[#   4]+0.042*[#   7]
          +0.042*[#   8]
    |psi|^2 = 0.983
==== e(   2) =   -11.14570 eV ==== 
     psi = 0.481*[#   2]+0.481*[#   6]
    |psi|^2 = 0.962
==== e(   3) =    -9.35418 eV ==== 
     psi = 0.226*[#   3]+0.226*[#   4]+0.226*[#   7]+0.226*[#   8]+0.047*[#   1]
          +0.047*[#   5]
    |psi|^2 = 0.997
==== e(   4) =    -8.48364 eV ==== 
     psi = 0.246*[#   3]+0.246*[#   4]+0.246*[#   7]+0.246*[#   8]+0.005*[#   1]
          +0.005*[#   5]
    |psi|^2 = 0.995
==== e(   5) =    -0.12552 eV ==== 
     psi = 0.010*[#   3]+0.010*[#   4]+0.010*[#   7]+0.010*[#   8]
    |psi|^2 = 0.038
==== e(   6) =     0.78405 eV ==== 
     psi = 0.010*[#   2]+0.010*[#   6]
    |psi|^2 = 0.020
==== e(   7) =     2.58256 eV ==== 

    |psi|^2 = 0.004
==== e(   8) =     3.48461 eV ==== 
     psi = 0.005*[#   2]+0.005*[#   6]
    |psi|^2 = 0.010

 k =   0.0606060606  0.1924500897  0.0000000000
==== e(   1) =   -23.06092 eV ==== 
     psi = 0.396*[#   1]+0.396*[#   5]+0.047*[#   3]+0.047*[#   4]+0.047*[#   7]
          +0.047*[#   8]
    |psi|^2 = 0.983
==== e(   2) =   -11.01171 eV ==== 
     psi = 0.482*[#   2]+0.482*[#   6]
    |psi|^2 = 0.965
==== e(   3) =    -9.67991 eV ==== 
     psi = 0.222*[#   3]+0.222*[#   4]+0.222*[#   7]+0.222*[#   8]+0.054*[#   1]
          +0.054*[#   5]
    |psi|^2 = 0.996
==== e(   4) =    -8.65534 eV ==== 
     psi = 0.246*[#   3]+0.246*[#   4]+0.246*[#   7]+0.246*[#   8]+0.006*[#   1]
          +0.006*[#   5]
    |psi|^2 = 0.995
==== e(   5) =     0.02880 eV ==== 
     psi = 0.010*[#   3]+0.010*[#   4]+0.010*[#   7]+0.010*[#   8]
    |psi|^2 = 0.040
==== e(   6) =     0.93907 eV ==== 
     psi = 0.009*[#   2]+0.009*[#   6]
    |psi|^2 = 0.018
==== e(   7) =     2.73768 eV ==== 

    |psi|^2 = 0.004
==== e(   8) =     3.63715 eV ==== 
     psi = 0.005*[#   2]+0.005*[#   6]
    |psi|^2 = 0.010

 k =   0.0606060606  0.2099455524  0.0000000000
==== e(   1) =   -22.93740 eV ==== 
     psi = 0.386*[#   1]+0.386*[#   5]+0.053*[#   3]+0.053*[#   4]+0.053*[#   7]
          +0.053*[#   8]
    |psi|^2 = 0.983
==== e(   2) =   -10.86551 eV ==== 
     psi = 0.484*[#   2]+0.484*[#   6]
    |psi|^2 = 0.967
==== e(   3) =   -10.02232 eV ==== 
     psi = 0.219*[#   3]+0.219*[#   4]+0.219*[#   7]+0.219*[#   8]+0.061*[#   1]
          +0.061*[#   5]
    |psi|^2 = 0.996
==== e(   4) =    -8.82833 eV ==== 
     psi = 0.246*[#   3]+0.246*[#   4]+0.246*[#   7]+0.246*[#   8]+0.006*[#   1]
          +0.006*[#   5]
    |psi|^2 = 0.995
==== e(   5) =     0.19776 eV ==== 
     psi = 0.010*[#   3]+0.010*[#   4]+0.010*[#   7]+0.010*[#   8]
    |psi|^2 = 0.040
==== e(   6) =     1.10858 eV ==== 
     psi = 0.009*[#   2]+0.009*[#   6]
    |psi|^2 = 0.017
==== e(   7) =     2.90735 eV ==== 

    |psi|^2 = 0.004
==== e(   8) =     3.80231 eV ==== 
     psi = 0.007*[#   2]+0.007*[#   6]
    |psi|^2 = 0.013

 k =   0.0606060606  0.2274410151  0.0000000000
==== e(   1) =   -22.80335 eV ==== 
     psi = 0.375*[#   1]+0.375*[#   5]+0.058*[#   3]+0.058*[#   4]+0.058*[#   7]
          +0.058*[#   8]
    |psi|^2 = 0.982
==== e(   2) =   -10.70729 eV ==== 
     psi = 0.485*[#   2]+0.485*[#   6]
    |psi|^2 = 0.970
==== e(   3) =   -10.37874 eV ==== 
     psi = 0.215*[#   3]+0.215*[#   4]+0.215*[#   7]+0.215*[#   8]+0.068*[#   1]
          +0.068*[#   5]
    |psi|^2 = 0.995
==== e(   4) =    -9.00080 eV ==== 
     psi = 0.245*[#   3]+0.245*[#   4]+0.245*[#   7]+0.245*[#   8]+0.007*[#   1]
          +0.007*[#   5]
    |psi|^2 = 0.995
==== e(   5) =     0.38134 eV ==== 
     psi = 0.010*[#   3]+0.010*[#   4]+0.010*[#   7]+0.010*[#   8]
    |psi|^2 = 0.040
==== e(   6) =     1.29241 eV ==== 
     psi = 0.008*[#   2]+0.008*[#   6]
    |psi|^2 = 0.016
==== e(   7) =     3.09137 eV ==== 
     psi = 0.001*[#   1]+0.001*[#   5]
    |psi|^2 = 0.004
==== e(   8) =     3.96912 eV ==== 
     psi = 0.035*[#   2]+0.035*[#   6]
    |psi|^2 = 0.070

 k =   0.0606060606  0.2449364778  0.0000000000
==== e(   1) =   -22.65882 eV ==== 
     psi = 0.365*[#   1]+0.365*[#   5]+0.063*[#   3]+0.063*[#   4]+0.063*[#   7]
          +0.063*[#   8]
    |psi|^2 = 0.982
==== e(   2) =   -10.74670 eV ==== 
     psi = 0.211*[#   3]+0.211*[#   4]+0.211*[#   7]+0.211*[#   8]+0.074*[#   1]
          +0.074*[#   5]
    |psi|^2 = 0.994
==== e(   3) =   -10.53727 eV ==== 
     psi = 0.486*[#   2]+0.486*[#   6]
    |psi|^2 = 0.973
==== e(   4) =    -9.17120 eV ==== 
     psi = 0.245*[#   3]+0.245*[#   4]+0.245*[#   7]+0.245*[#   8]+0.007*[#   1]
          +0.007*[#   5]
    |psi|^2 = 0.995
==== e(   5) =     0.57951 eV ==== 
     psi = 0.010*[#   3]+0.010*[#   4]+0.010*[#   7]+0.010*[#   8]
    |psi|^2 = 0.040
==== e(   6) =     1.49020 eV ==== 
     psi = 0.008*[#   2]+0.008*[#   6]
    |psi|^2 = 0.015
==== e(   7) =     3.28934 eV ==== 
     psi = 0.002*[#   1]+0.002*[#   5]
    |psi|^2 = 0.004
==== e(   8) =     3.85408 eV ==== 
     psi = 0.447*[#   2]+0.447*[#   6]
    |psi|^2 = 0.895

 k =   0.0606060606  0.2624319405  0.0000000000
==== e(   1) =   -22.50388 eV ==== 
     psi = 0.355*[#   1]+0.355*[#   5]+0.068*[#   3]+0.068*[#   4]+0.068*[#   7]
          +0.068*[#   8]
    |psi|^2 = 0.982
==== e(   2) =   -11.12390 eV ==== 
     psi = 0.208*[#   3]+0.208*[#   4]+0.208*[#   7]+0.208*[#   8]+0.081*[#   1]
          +0.081*[#   5]
    |psi|^2 = 0.994
==== e(   3) =   -10.35568 eV ==== 
     psi = 0.488*[#   2]+0.488*[#   6]
    |psi|^2 = 0.976
==== e(   4) =    -9.33820 eV ==== 
     psi = 0.245*[#   3]+0.245*[#   4]+0.245*[#   7]+0.245*[#   8]+0.007*[#   1]
          +0.007*[#   5]
    |psi|^2 = 0.996
==== e(   5) =     0.79223 eV ==== 
     psi = 0.009*[#   3]+0.009*[#   4]+0.009*[#   7]+0.009*[#   8]
    |psi|^2 = 0.038
==== e(   6) =     1.70118 eV ==== 
     psi = 0.008*[#   2]+0.008*[#   6]
    |psi|^2 = 0.015
==== e(   7) =     3.48892 eV ==== 
     psi = 0.473*[#   2]+0.473*[#   6]
    |psi|^2 = 0.946
==== e(   8) =     3.50036 eV ==== 
     psi = 0.003*[#   1]+0.003*[#   5]
    |psi|^2 = 0.007

 k =   0.0606060606  0.2799274032  0.0000000000
==== e(   1) =   -22.33862 eV ==== 
     psi = 0.345*[#   1]+0.345*[#   5]+0.073*[#   3]+0.073*[#   4]+0.073*[#   7]
          +0.073*[#   8]
    |psi|^2 = 0.982
==== e(   2) =   -11.50823 eV ==== 
     psi = 0.204*[#   3]+0.204*[#   4]+0.204*[#   7]+0.204*[#   8]+0.088*[#   1]
          +0.088*[#   5]
    |psi|^2 = 0.993
==== e(   3) =   -10.16284 eV ==== 
     psi = 0.489*[#   2]+0.489*[#   6]
    |psi|^2 = 0.978
==== e(   4) =    -9.50067 eV ==== 
     psi = 0.245*[#   3]+0.245*[#   4]+0.245*[#   7]+0.245*[#   8]+0.008*[#   1]
          +0.008*[#   5]
    |psi|^2 = 0.996
==== e(   5) =     1.01945 eV ==== 
     psi = 0.009*[#   3]+0.009*[#   4]+0.009*[#   7]+0.009*[#   8]
    |psi|^2 = 0.036
==== e(   6) =     1.92291 eV ==== 
     psi = 0.010*[#   2]+0.010*[#   6]
    |psi|^2 = 0.021
==== e(   7) =     3.10749 eV ==== 
     psi = 0.472*[#   2]+0.472*[#   6]
    |psi|^2 = 0.944
==== e(   8) =     3.72161 eV ==== 
     psi = 0.008*[#   1]+0.008*[#   5]+0.001*[#   3]+0.001*[#   4]+0.001*[#   7]
          +0.001*[#   8]
    |psi|^2 = 0.021

 k =   0.0606060606  0.2974228659  0.0000000000
==== e(   1) =   -22.16310 eV ==== 
     psi = 0.336*[#   1]+0.336*[#   5]+0.078*[#   3]+0.078*[#   4]+0.078*[#   7]
          +0.078*[#   8]
    |psi|^2 = 0.982
==== e(   2) =   -11.89782 eV ==== 
     psi = 0.201*[#   3]+0.201*[#   4]+0.201*[#   7]+0.201*[#   8]+0.095*[#   1]
          +0.095*[#   5]
    |psi|^2 = 0.993
==== e(   3) =    -9.95910 eV ==== 
     psi = 0.491*[#   2]+0.491*[#   6]
    |psi|^2 = 0.981
==== e(   4) =    -9.65763 eV ==== 
     psi = 0.245*[#   3]+0.245*[#   4]+0.245*[#   7]+0.245*[#   8]+0.008*[#   1]
          +0.008*[#   5]
    |psi|^2 = 0.996
==== e(   5) =     1.26112 eV ==== 
     psi = 0.008*[#   3]+0.008*[#   4]+0.008*[#   7]+0.008*[#   8]
    |psi|^2 = 0.033
==== e(   6) =     2.14247 eV ==== 
     psi = 0.033*[#   2]+0.033*[#   6]
    |psi|^2 = 0.065
==== e(   7) =     2.73254 eV ==== 
     psi = 0.449*[#   2]+0.449*[#   6]
    |psi|^2 = 0.899
==== e(   8) =     3.93992 eV ==== 
     psi = 0.034*[#   1]+0.034*[#   5]+0.009*[#   3]+0.009*[#   4]+0.009*[#   7]
          +0.009*[#   8]
    |psi|^2 = 0.104

 k =   0.0606060606  0.3149183286  0.0000000000
==== e(   1) =   -21.97744 eV ==== 
     psi = 0.327*[#   1]+0.327*[#   5]+0.082*[#   3]+0.082*[#   4]+0.082*[#   7]
          +0.082*[#   8]
    |psi|^2 = 0.982
==== e(   2) =   -12.29094 eV ==== 
     psi = 0.198*[#   3]+0.198*[#   4]+0.198*[#   7]+0.198*[#   8]+0.101*[#   1]
          +0.101*[#   5]
    |psi|^2 = 0.992
==== e(   3) =    -9.80822 eV ==== 
     psi = 0.245*[#   3]+0.245*[#   4]+0.245*[#   7]+0.245*[#   8]+0.008*[#   1]
          +0.008*[#   5]
    |psi|^2 = 0.996
==== e(   4) =    -9.74490 eV ==== 
     psi = 0.492*[#   2]+0.492*[#   6]
    |psi|^2 = 0.984
==== e(   5) =     1.51715 eV ==== 
     psi = 0.007*[#   3]+0.007*[#   4]+0.007*[#   7]+0.007*[#   8]
    |psi|^2 = 0.030
==== e(   6) =     2.18638 eV ==== 
     psi = 0.335*[#   2]+0.335*[#   6]
    |psi|^2 = 0.670
==== e(   7) =     2.54053 eV ==== 
     psi = 0.146*[#   2]+0.146*[#   6]
    |psi|^2 = 0.293
==== e(   8) =     4.07304 eV ==== 
     psi = 0.158*[#   1]+0.158*[#   5]+0.062*[#   3]+0.062*[#   4]+0.062*[#   7]
          +0.062*[#   8]
    |psi|^2 = 0.564

 k =   0.0606060606  0.3324137914  0.0000000000
==== e(   1) =   -21.78175 eV ==== 
     psi = 0.319*[#   1]+0.319*[#   5]+0.086*[#   3]+0.086*[#   4]+0.086*[#   7]
          +0.086*[#   8]
    |psi|^2 = 0.982
==== e(   2) =   -12.68607 eV ==== 
     psi = 0.194*[#   3]+0.194*[#   4]+0.194*[#   7]+0.194*[#   8]+0.107*[#   1]
          +0.107*[#   5]
    |psi|^2 = 0.992
==== e(   3) =    -9.95173 eV ==== 
     psi = 0.245*[#   3]+0.245*[#   4]+0.245*[#   7]+0.245*[#   8]+0.008*[#   1]
          +0.008*[#   5]
    |psi|^2 = 0.996
==== e(   4) =    -9.52075 eV ==== 
     psi = 0.493*[#   2]+0.493*[#   6]
    |psi|^2 = 0.986
==== e(   5) =     1.78745 eV ==== 
     psi = 0.007*[#   3]+0.007*[#   4]+0.007*[#   7]+0.007*[#   8]
    |psi|^2 = 0.026
==== e(   6) =     1.84219 eV ==== 
     psi = 0.455*[#   2]+0.455*[#   6]
    |psi|^2 = 0.911
==== e(   7) =     2.74616 eV ==== 
     psi = 0.025*[#   2]+0.025*[#   6]
    |psi|^2 = 0.050
==== e(   8) =     4.06382 eV ==== 
     psi = 0.228*[#   1]+0.228*[#   5]+0.088*[#   3]+0.088*[#   4]+0.088*[#   7]
          +0.088*[#   8]
    |psi|^2 = 0.809

 k =   0.0606060606  0.3499092541  0.0000000000
==== e(   1) =   -21.57615 eV ==== 
     psi = 0.311*[#   1]+0.311*[#   5]+0.090*[#   3]+0.090*[#   4]+0.090*[#   7]
          +0.090*[#   8]
    |psi|^2 = 0.982
==== e(   2) =   -13.08181 eV ==== 
     psi = 0.191*[#   3]+0.191*[#   4]+0.191*[#   7]+0.191*[#   8]+0.113*[#   1]
          +0.113*[#   5]
    |psi|^2 = 0.992
==== e(   3) =   -10.08752 eV ==== 
     psi = 0.245*[#   3]+0.245*[#   4]+0.245*[#   7]+0.245*[#   8]+0.008*[#   1]
          +0.008*[#   5]
    |psi|^2 = 0.996
==== e(   4) =    -9.28729 eV ==== 
     psi = 0.494*[#   2]+0.494*[#   6]
    |psi|^2 = 0.988
==== e(   5) =     1.44087 eV ==== 
     psi = 0.468*[#   2]+0.468*[#   6]
    |psi|^2 = 0.935
==== e(   6) =     2.07185 eV ==== 
     psi = 0.006*[#   3]+0.006*[#   4]+0.006*[#   7]+0.006*[#   8]
    |psi|^2 = 0.023
==== e(   7) =     3.02053 eV ==== 
     psi = 0.012*[#   2]+0.012*[#   6]
    |psi|^2 = 0.024
==== e(   8) =     4.01953 eV ==== 
     psi = 0.251*[#   1]+0.251*[#   5]+0.089*[#   3]+0.089*[#   4]+0.089*[#   7]
          +0.089*[#   8]
    |psi|^2 = 0.859

 k =   0.0606060606  0.3674047168  0.0000000000
==== e(   1) =   -21.36080 eV ==== 
     psi = 0.303*[#   1]+0.303*[#   5]+0.094*[#   3]+0.094*[#   4]+0.094*[#   7]
          +0.094*[#   8]
    |psi|^2 = 0.982
==== e(   2) =   -13.47691 eV ==== 
     psi = 0.188*[#   3]+0.188*[#   4]+0.188*[#   7]+0.188*[#   8]+0.119*[#   1]
          +0.119*[#   5]
    |psi|^2 = 0.991
==== e(   3) =   -10.21504 eV ==== 
     psi = 0.245*[#   3]+0.245*[#   4]+0.245*[#   7]+0.245*[#   8]+0.008*[#   1]
          +0.008*[#   5]
    |psi|^2 = 0.996
==== e(   4) =    -9.04534 eV ==== 
     psi = 0.495*[#   2]+0.495*[#   6]
    |psi|^2 = 0.990
==== e(   5) =     1.03157 eV ==== 
     psi = 0.471*[#   2]+0.471*[#   6]
    |psi|^2 = 0.942
==== e(   6) =     2.37008 eV ==== 
     psi = 0.004*[#   3]+0.004*[#   4]+0.004*[#   7]+0.004*[#   8]
    |psi|^2 = 0.019
==== e(   7) =     3.31656 eV ==== 
     psi = 0.008*[#   2]+0.008*[#   6]
    |psi|^2 = 0.016
==== e(   8) =     3.96957 eV ==== 
     psi = 0.265*[#   1]+0.265*[#   5]+0.087*[#   3]+0.087*[#   4]+0.087*[#   7]
          +0.087*[#   8]
    |psi|^2 = 0.877

 k =   0.0606060606  0.3849001795  0.0000000000
==== e(   1) =   -21.13590 eV ==== 
     psi = 0.296*[#   1]+0.296*[#   5]+0.097*[#   3]+0.097*[#   4]+0.097*[#   7]
          +0.097*[#   8]
    |psi|^2 = 0.982
==== e(   2) =   -13.87022 eV ==== 
     psi = 0.185*[#   3]+0.185*[#   4]+0.185*[#   7]+0.185*[#   8]+0.125*[#   1]
          +0.125*[#   5]
    |psi|^2 = 0.991
==== e(   3) =   -10.33382 eV ==== 
     psi = 0.245*[#   3]+0.245*[#   4]+0.245*[#   7]+0.245*[#   8]+0.008*[#   1]
          +0.008*[#   5]
    |psi|^2 = 0.996
==== e(   4) =    -8.79588 eV ==== 
     psi = 0.496*[#   2]+0.496*[#   6]
    |psi|^2 = 0.991
==== e(   5) =     0.62170 eV ==== 
     psi = 0.472*[#   2]+0.472*[#   6]
    |psi|^2 = 0.945
==== e(   6) =     2.68159 eV ==== 
     psi = 0.003*[#   3]+0.003*[#   4]+0.003*[#   7]+0.003*[#   8]+0.001*[#   1]
          +0.001*[#   5]
    |psi|^2 = 0.015
==== e(   7) =     3.62895 eV ==== 
     psi = 0.006*[#   2]+0.006*[#   6]
    |psi|^2 = 0.012
==== e(   8) =     3.92012 eV ==== 
     psi = 0.276*[#   1]+0.276*[#   5]+0.083*[#   3]+0.083*[#   4]+0.083*[#   7]
          +0.083*[#   8]
    |psi|^2 = 0.885

 k =   0.0606060606  0.4023956422  0.0000000000
==== e(   1) =   -20.90167 eV ==== 
     psi = 0.290*[#   1]+0.290*[#   5]+0.101*[#   3]+0.101*[#   4]+0.101*[#   7]
          +0.101*[#   8]
    |psi|^2 = 0.983
==== e(   2) =   -14.26065 eV ==== 
     psi = 0.183*[#   3]+0.183*[#   4]+0.183*[#   7]+0.183*[#   8]+0.130*[#   1]
          +0.130*[#   5]
    |psi|^2 = 0.990
==== e(   3) =   -10.44345 eV ==== 
     psi = 0.245*[#   3]+0.245*[#   4]+0.245*[#   7]+0.245*[#   8]+0.008*[#   1]
          +0.008*[#   5]
    |psi|^2 = 0.996
==== e(   4) =    -8.54022 eV ==== 
     psi = 0.496*[#   2]+0.496*[#   6]
    |psi|^2 = 0.993
==== e(   5) =     0.21501 eV ==== 
     psi = 0.473*[#   2]+0.473*[#   6]
    |psi|^2 = 0.946
==== e(   6) =     3.00499 eV ==== 
     psi = 0.004*[#   1]+0.004*[#   5]+0.002*[#   3]+0.002*[#   4]+0.002*[#   7]
          +0.002*[#   8]
    |psi|^2 = 0.015
==== e(   7) =     3.87457 eV ==== 
     psi = 0.284*[#   1]+0.284*[#   5]+0.080*[#   3]+0.080*[#   4]+0.080*[#   7]
          +0.080*[#   8]
    |psi|^2 = 0.888
==== e(   8) =     3.95626 eV ==== 
     psi = 0.005*[#   2]+0.005*[#   6]
    |psi|^2 = 0.010

 k =   0.0606060606  0.4198911049  0.0000000000
==== e(   1) =   -20.65842 eV ==== 
     psi = 0.284*[#   1]+0.284*[#   5]+0.104*[#   3]+0.104*[#   4]+0.104*[#   7]
          +0.104*[#   8]
    |psi|^2 = 0.983
==== e(   2) =   -14.64719 eV ==== 
     psi = 0.180*[#   3]+0.180*[#   4]+0.180*[#   7]+0.180*[#   8]+0.135*[#   1]
          +0.135*[#   5]
    |psi|^2 = 0.990
==== e(   3) =   -10.54357 eV ==== 
     psi = 0.245*[#   3]+0.245*[#   4]+0.245*[#   7]+0.245*[#   8]+0.008*[#   1]
          +0.008*[#   5]
    |psi|^2 = 0.996
==== e(   4) =    -8.28004 eV ==== 
     psi = 0.497*[#   2]+0.497*[#   6]
    |psi|^2 = 0.994
==== e(   5) =    -0.18532 eV ==== 
     psi = 0.474*[#   2]+0.474*[#   6]
    |psi|^2 = 0.947
==== e(   6) =     3.33483 eV ==== 
     psi = 0.015*[#   1]+0.015*[#   5]
    |psi|^2 = 0.031
==== e(   7) =     3.83941 eV ==== 
     psi = 0.282*[#   1]+0.282*[#   5]+0.077*[#   3]+0.077*[#   4]+0.077*[#   7]
          +0.077*[#   8]
    |psi|^2 = 0.872
==== e(   8) =     4.29781 eV ==== 
     psi = 0.004*[#   2]+0.004*[#   6]
    |psi|^2 = 0.008

 k =   0.0606060606  0.4373865676  0.0000000000
==== e(   1) =   -20.40656 eV ==== 
     psi = 0.279*[#   1]+0.279*[#   5]+0.107*[#   3]+0.107*[#   4]+0.107*[#   7]
          +0.107*[#   8]
    |psi|^2 = 0.984
==== e(   2) =   -15.02878 eV ==== 
     psi = 0.178*[#   3]+0.178*[#   4]+0.178*[#   7]+0.178*[#   8]+0.139*[#   1]
          +0.139*[#   5]
    |psi|^2 = 0.989
==== e(   3) =   -10.63389 eV ==== 
     psi = 0.245*[#   3]+0.245*[#   4]+0.245*[#   7]+0.245*[#   8]+0.008*[#   1]
          +0.008*[#   5]
    |psi|^2 = 0.996
==== e(   4) =    -8.01755 eV ==== 
     psi = 0.497*[#   2]+0.497*[#   6]
    |psi|^2 = 0.995
==== e(   5) =    -0.57589 eV ==== 
     psi = 0.474*[#   2]+0.474*[#   6]
    |psi|^2 = 0.948
==== e(   6) =     3.62513 eV ==== 
     psi = 0.119*[#   1]+0.119*[#   5]+0.014*[#   3]+0.014*[#   4]+0.014*[#   7]
          +0.014*[#   8]
    |psi|^2 = 0.295
==== e(   7) =     3.86124 eV ==== 
     psi = 0.186*[#   1]+0.186*[#   5]+0.059*[#   3]+0.059*[#   4]+0.059*[#   7]
          +0.059*[#   8]
    |psi|^2 = 0.608
==== e(   8) =     4.65314 eV ==== 
     psi = 0.004*[#   2]+0.004*[#   6]
    |psi|^2 = 0.007

 k =   0.0606060606  0.4548820303  0.0000000000
==== e(   1) =   -20.14666 eV ==== 
     psi = 0.274*[#   1]+0.274*[#   5]+0.109*[#   3]+0.109*[#   4]+0.109*[#   7]
          +0.109*[#   8]
    |psi|^2 = 0.984
==== e(   2) =   -15.40433 eV ==== 
     psi = 0.176*[#   3]+0.176*[#   4]+0.176*[#   7]+0.176*[#   8]+0.143*[#   1]
          +0.143*[#   5]
    |psi|^2 = 0.989
==== e(   3) =   -10.71413 eV ==== 
     psi = 0.245*[#   3]+0.245*[#   4]+0.245*[#   7]+0.245*[#   8]+0.008*[#   1]
          +0.008*[#   5]
    |psi|^2 = 0.995
==== e(   4) =    -7.75576 eV ==== 
     psi = 0.498*[#   2]+0.498*[#   6]
    |psi|^2 = 0.996
==== e(   5) =    -0.95277 eV ==== 
     psi = 0.475*[#   2]+0.475*[#   6]
    |psi|^2 = 0.949
==== e(   6) =     3.69370 eV ==== 
     psi = 0.287*[#   1]+0.287*[#   5]+0.053*[#   3]+0.053*[#   4]+0.053*[#   7]
          +0.053*[#   8]
    |psi|^2 = 0.788
==== e(   7) =     4.12266 eV ==== 
     psi = 0.025*[#   1]+0.025*[#   5]+0.016*[#   3]+0.016*[#   4]+0.016*[#   7]
          +0.016*[#   8]
    |psi|^2 = 0.114
==== e(   8) =     5.02181 eV ==== 
     psi = 0.003*[#   2]+0.003*[#   6]
    |psi|^2 = 0.006

 k =   0.0606060606  0.4723774930  0.0000000000
==== e(   1) =   -19.87957 eV ==== 
     psi = 0.270*[#   1]+0.270*[#   5]+0.111*[#   3]+0.111*[#   4]+0.111*[#   7]
          +0.111*[#   8]
    |psi|^2 = 0.985
==== e(   2) =   -15.77252 eV ==== 
     psi = 0.174*[#   3]+0.174*[#   4]+0.174*[#   7]+0.174*[#   8]+0.146*[#   1]
          +0.146*[#   5]
    |psi|^2 = 0.988
==== e(   3) =   -10.78409 eV ==== 
     psi = 0.245*[#   3]+0.245*[#   4]+0.245*[#   7]+0.245*[#   8]+0.008*[#   1]
          +0.008*[#   5]
    |psi|^2 = 0.995
==== e(   4) =    -7.49875 eV ==== 
     psi = 0.498*[#   2]+0.498*[#   6]
    |psi|^2 = 0.996
==== e(   5) =    -1.31106 eV ==== 
     psi = 0.475*[#   2]+0.475*[#   6]
    |psi|^2 = 0.950
==== e(   6) =     3.67535 eV ==== 
     psi = 0.312*[#   1]+0.312*[#   5]+0.058*[#   3]+0.058*[#   4]+0.058*[#   7]
          +0.058*[#   8]
    |psi|^2 = 0.857
==== e(   7) =     4.48907 eV ==== 
     psi = 0.007*[#   3]+0.007*[#   4]+0.007*[#   7]+0.007*[#   8]+0.006*[#   1]
          +0.006*[#   5]
    |psi|^2 = 0.043
==== e(   8) =     5.40336 eV ==== 
     psi = 0.003*[#   2]+0.003*[#   6]
    |psi|^2 = 0.006

 k =   0.0606060606  0.4898729557  0.0000000000
==== e(   1) =   -19.60668 eV ==== 
     psi = 0.268*[#   1]+0.268*[#   5]+0.112*[#   3]+0.112*[#   4]+0.112*[#   7]
          +0.112*[#   8]
    |psi|^2 = 0.986
==== e(   2) =   -16.13156 eV ==== 
     psi = 0.173*[#   3]+0.173*[#   4]+0.173*[#   7]+0.173*[#   8]+0.148*[#   1]
          +0.148*[#   5]
    |psi|^2 = 0.987
==== e(   3) =   -10.84358 eV ==== 
     psi = 0.245*[#   3]+0.245*[#   4]+0.245*[#   7]+0.245*[#   8]+0.008*[#   1]
          +0.008*[#   5]
    |psi|^2 = 0.995
==== e(   4) =    -7.25216 eV ==== 
     psi = 0.498*[#   2]+0.498*[#   6]
    |psi|^2 = 0.996
==== e(   5) =    -1.64446 eV ==== 
     psi = 0.475*[#   2]+0.475*[#   6]
    |psi|^2 = 0.951
==== e(   6) =     3.65065 eV ==== 
     psi = 0.321*[#   1]+0.321*[#   5]+0.058*[#   3]+0.058*[#   4]+0.058*[#   7]
          +0.058*[#   8]
    |psi|^2 = 0.875
==== e(   7) =     4.88001 eV ==== 
     psi = 0.005*[#   3]+0.005*[#   4]+0.005*[#   7]+0.005*[#   8]+0.003*[#   1]
          +0.003*[#   5]
    |psi|^2 = 0.024
==== e(   8) =     5.79715 eV ==== 
     psi = 0.003*[#   2]+0.003*[#   6]
    |psi|^2 = 0.006

 k =   0.0606060606  0.5073684184  0.0000000000
==== e(   1) =   -19.33050 eV ==== 
     psi = 0.268*[#   1]+0.268*[#   5]+0.113*[#   3]+0.113*[#   4]+0.113*[#   7]
          +0.113*[#   8]
    |psi|^2 = 0.987
==== e(   2) =   -16.47865 eV ==== 
     psi = 0.173*[#   3]+0.173*[#   4]+0.173*[#   7]+0.173*[#   8]+0.147*[#   1]
          +0.147*[#   5]
    |psi|^2 = 0.986
==== e(   3) =   -10.89246 eV ==== 
     psi = 0.245*[#   3]+0.245*[#   4]+0.245*[#   7]+0.245*[#   8]+0.008*[#   1]
          +0.008*[#   5]
    |psi|^2 = 0.995
==== e(   4) =    -7.02370 eV ==== 
     psi = 0.498*[#   2]+0.498*[#   6]
    |psi|^2 = 0.997
==== e(   5) =    -1.94469 eV ==== 
     psi = 0.476*[#   2]+0.476*[#   6]
    |psi|^2 = 0.952
==== e(   6) =     3.62816 eV ==== 
     psi = 0.326*[#   1]+0.326*[#   5]+0.057*[#   3]+0.057*[#   4]+0.057*[#   7]
          +0.057*[#   8]
    |psi|^2 = 0.882
==== e(   7) =     5.28680 eV ==== 
     psi = 0.003*[#   3]+0.003*[#   4]+0.003*[#   7]+0.003*[#   8]+0.002*[#   1]
          +0.002*[#   5]
    |psi|^2 = 0.016
==== e(   8) =     6.20230 eV ==== 
     psi = 0.003*[#   2]+0.003*[#   6]
    |psi|^2 = 0.006

 k =   0.0606060606  0.5248638811  0.0000000000
==== e(   1) =   -19.05608 eV ==== 
     psi = 0.271*[#   1]+0.271*[#   5]+0.112*[#   3]+0.112*[#   4]+0.112*[#   7]
          +0.112*[#   8]
    |psi|^2 = 0.988
==== e(   2) =   -16.80847 eV ==== 
     psi = 0.174*[#   3]+0.174*[#   4]+0.174*[#   7]+0.174*[#   8]+0.144*[#   1]
          +0.144*[#   5]
    |psi|^2 = 0.985
==== e(   3) =   -10.93059 eV ==== 
     psi = 0.245*[#   3]+0.245*[#   4]+0.245*[#   7]+0.245*[#   8]+0.008*[#   1]
          +0.008*[#   5]
    |psi|^2 = 0.995
==== e(   4) =    -6.82369 eV ==== 
     psi = 0.499*[#   2]+0.499*[#   6]
    |psi|^2 = 0.997
==== e(   5) =    -2.20099 eV ==== 
     psi = 0.476*[#   2]+0.476*[#   6]
    |psi|^2 = 0.952
==== e(   6) =     3.60985 eV ==== 
     psi = 0.330*[#   1]+0.330*[#   5]+0.056*[#   3]+0.056*[#   4]+0.056*[#   7]
          +0.056*[#   8]
    |psi|^2 = 0.886
==== e(   7) =     5.70718 eV ==== 
     psi = 0.002*[#   3]+0.002*[#   4]+0.002*[#   7]+0.002*[#   8]+0.001*[#   1]
          +0.001*[#   5]
    |psi|^2 = 0.012
==== e(   8) =     6.61741 eV ==== 
     psi = 0.003*[#   2]+0.003*[#   6]
    |psi|^2 = 0.006

 k =   0.0606060606  0.5423593438  0.0000000000
==== e(   1) =   -18.79523 eV ==== 
     psi = 0.279*[#   1]+0.279*[#   5]+0.108*[#   3]+0.108*[#   4]+0.108*[#   7]
          +0.108*[#   8]
    |psi|^2 = 0.990
==== e(   2) =   -17.10903 eV ==== 
     psi = 0.178*[#   3]+0.178*[#   4]+0.178*[#   7]+0.178*[#   8]+0.135*[#   1]
          +0.135*[#   5]
    |psi|^2 = 0.983
==== e(   3) =   -10.95789 eV ==== 
     psi = 0.245*[#   3]+0.245*[#   4]+0.245*[#   7]+0.245*[#   8]+0.008*[#   1]
          +0.008*[#   5]
    |psi|^2 = 0.995
==== e(   4) =    -6.66506 eV ==== 
     psi = 0.499*[#   2]+0.499*[#   6]
    |psi|^2 = 0.998
==== e(   5) =    -2.40008 eV ==== 
     psi = 0.476*[#   2]+0.476*[#   6]
    |psi|^2 = 0.952
==== e(   6) =     3.59645 eV ==== 
     psi = 0.333*[#   1]+0.333*[#   5]+0.055*[#   3]+0.055*[#   4]+0.055*[#   7]
          +0.055*[#   8]
    |psi|^2 = 0.888
==== e(   7) =     6.13974 eV ==== 
     psi = 0.002*[#   3]+0.002*[#   4]+0.002*[#   7]+0.002*[#   8]+0.002*[#   1]
          +0.002*[#   5]
    |psi|^2 = 0.010
==== e(   8) =     7.03956 eV ==== 
     psi = 0.004*[#   2]+0.004*[#   6]
    |psi|^2 = 0.008

 k =   0.0606060606  0.5598548065  0.0000000000
==== e(   1) =   -18.57954 eV ==== 
     psi = 0.295*[#   1]+0.295*[#   5]+0.100*[#   3]+0.100*[#   4]+0.100*[#   7]
          +0.100*[#   8]
    |psi|^2 = 0.992
==== e(   2) =   -17.34861 eV ==== 
     psi = 0.186*[#   3]+0.186*[#   4]+0.186*[#   7]+0.186*[#   8]+0.119*[#   1]
          +0.119*[#   5]
    |psi|^2 = 0.981
==== e(   3) =   -10.97429 eV ==== 
     psi = 0.245*[#   3]+0.245*[#   4]+0.245*[#   7]+0.245*[#   8]+0.008*[#   1]
          +0.008*[#   5]
    |psi|^2 = 0.995
==== e(   4) =    -6.56190 eV ==== 
     psi = 0.499*[#   2]+0.499*[#   6]
    |psi|^2 = 0.998
==== e(   5) =    -2.52761 eV ==== 
     psi = 0.476*[#   2]+0.476*[#   6]
    |psi|^2 = 0.952
==== e(   6) =     3.58830 eV ==== 
     psi = 0.335*[#   1]+0.335*[#   5]+0.055*[#   3]+0.055*[#   4]+0.055*[#   7]
          +0.055*[#   8]
    |psi|^2 = 0.889
==== e(   7) =     6.58192 eV ==== 
     psi = 0.002*[#   1]+0.002*[#   5]+0.001*[#   3]+0.001*[#   4]+0.001*[#   7]
          +0.001*[#   8]
    |psi|^2 = 0.010
==== e(   8) =     7.45907 eV ==== 
     psi = 0.005*[#   2]+0.005*[#   6]
    |psi|^2 = 0.010

 k =   0.0606060606  0.5773502692  0.0000000000
==== e(   1) =   -18.48574 eV ==== 
     psi = 0.308*[#   1]+0.308*[#   5]+0.094*[#   3]+0.094*[#   4]+0.094*[#   7]
          +0.094*[#   8]
    |psi|^2 = 0.994
==== e(   2) =   -17.45037 eV ==== 
     psi = 0.192*[#   3]+0.192*[#   4]+0.192*[#   7]+0.192*[#   8]+0.106*[#   1]
          +0.106*[#   5]
    |psi|^2 = 0.979
==== e(   3) =   -10.97977 eV ==== 
     psi = 0.245*[#   3]+0.245*[#   4]+0.245*[#   7]+0.245*[#   8]+0.008*[#   1]
          +0.008*[#   5]
    |psi|^2 = 0.995
==== e(   4) =    -6.52595 eV ==== 
     psi = 0.499*[#   2]+0.499*[#   6]
    |psi|^2 = 0.998
==== e(   5) =    -2.57169 eV ==== 
     psi = 0.476*[#   2]+0.476*[#   6]
    |psi|^2 = 0.952
==== e(   6) =     3.58557 eV ==== 
     psi = 0.335*[#   1]+0.335*[#   5]+0.055*[#   3]+0.055*[#   4]+0.055*[#   7]
          +0.055*[#   8]
    |psi|^2 = 0.889
==== e(   7) =     6.96699 eV ==== 
     psi = 0.005*[#   1]+0.005*[#   5]
    |psi|^2 = 0.012
==== e(   8) =     7.12192 eV ==== 
     psi = 0.002*[#   3]+0.002*[#   4]+0.002*[#   7]+0.002*[#   8]
    |psi|^2 = 0.010

 k =   0.0757575758  0.1312159703  0.0000000000
==== e(   1) =   -23.37321 eV ==== 
     psi = 0.430*[#   1]+0.430*[#   5]+0.031*[#   3]+0.031*[#   4]+0.031*[#   7]
          +0.031*[#   8]
    |psi|^2 = 0.984
==== e(   2) =   -11.38289 eV ==== 
     psi = 0.479*[#   2]+0.479*[#   6]
    |psi|^2 = 0.957
==== e(   3) =    -8.73775 eV ==== 
     psi = 0.233*[#   3]+0.233*[#   4]+0.233*[#   7]+0.233*[#   8]+0.033*[#   1]
          +0.033*[#   5]
    |psi|^2 = 0.998
==== e(   4) =    -8.15342 eV ==== 
     psi = 0.247*[#   3]+0.247*[#   4]+0.247*[#   7]+0.247*[#   8]+0.004*[#   1]
          +0.004*[#   5]
    |psi|^2 = 0.996
==== e(   5) =    -0.39749 eV ==== 
     psi = 0.008*[#   3]+0.008*[#   4]+0.008*[#   7]+0.008*[#   8]
    |psi|^2 = 0.033
==== e(   6) =     0.51047 eV ==== 
     psi = 0.011*[#   2]+0.011*[#   6]
    |psi|^2 = 0.022
==== e(   7) =     2.30901 eV ==== 

    |psi|^2 = 0.004
==== e(   8) =     3.21437 eV ==== 
     psi = 0.006*[#   2]+0.006*[#   6]
    |psi|^2 = 0.012

 k =   0.0757575758  0.1487114330  0.0000000000
==== e(   1) =   -23.28695 eV ==== 
     psi = 0.419*[#   1]+0.419*[#   5]+0.036*[#   3]+0.036*[#   4]+0.036*[#   7]
          +0.036*[#   8]
    |psi|^2 = 0.983
==== e(   2) =   -11.28014 eV ==== 
     psi = 0.480*[#   2]+0.480*[#   6]
    |psi|^2 = 0.959
==== e(   3) =    -8.99583 eV ==== 
     psi = 0.230*[#   3]+0.230*[#   4]+0.230*[#   7]+0.230*[#   8]+0.039*[#   1]
          +0.039*[#   5]
    |psi|^2 = 0.998
==== e(   4) =    -8.31924 eV ==== 
     psi = 0.246*[#   3]+0.246*[#   4]+0.246*[#   7]+0.246*[#   8]+0.006*[#   1]
          +0.006*[#   5]
    |psi|^2 = 0.995
==== e(   5) =    -0.27985 eV ==== 
     psi = 0.009*[#   3]+0.009*[#   4]+0.009*[#   7]+0.009*[#   8]
    |psi|^2 = 0.036
==== e(   6) =     0.62885 eV ==== 
     psi = 0.011*[#   2]+0.011*[#   6]
    |psi|^2 = 0.021
==== e(   7) =     2.42743 eV ==== 

    |psi|^2 = 0.004
==== e(   8) =     3.33146 eV ==== 
     psi = 0.005*[#   2]+0.005*[#   6]
    |psi|^2 = 0.011

 k =   0.0757575758  0.1662068957  0.0000000000
==== e(   1) =   -23.19001 eV ==== 
     psi = 0.409*[#   1]+0.409*[#   5]+0.041*[#   3]+0.041*[#   4]+0.041*[#   7]
          +0.041*[#   8]
    |psi|^2 = 0.983
==== e(   2) =   -11.16485 eV ==== 
     psi = 0.481*[#   2]+0.481*[#   6]
    |psi|^2 = 0.962
==== e(   3) =    -9.27718 eV ==== 
     psi = 0.227*[#   3]+0.227*[#   4]+0.227*[#   7]+0.227*[#   8]+0.045*[#   1]
          +0.045*[#   5]
    |psi|^2 = 0.997
==== e(   4) =    -8.49305 eV ==== 
     psi = 0.245*[#   3]+0.245*[#   4]+0.245*[#   7]+0.245*[#   8]+0.007*[#   1]
          +0.007*[#   5]
    |psi|^2 = 0.995
==== e(   5) =    -0.14752 eV ==== 
     psi = 0.009*[#   3]+0.009*[#   4]+0.009*[#   7]+0.009*[#   8]
    |psi|^2 = 0.038
==== e(   6) =     0.76193 eV ==== 
     psi = 0.010*[#   2]+0.010*[#   6]
    |psi|^2 = 0.020
==== e(   7) =     2.56061 eV ==== 

    |psi|^2 = 0.004
==== e(   8) =     3.46296 eV ==== 
     psi = 0.005*[#   2]+0.005*[#   6]
    |psi|^2 = 0.010

 k =   0.0757575758  0.1837023584  0.0000000000
==== e(   1) =   -23.08243 eV ==== 
     psi = 0.398*[#   1]+0.398*[#   5]+0.047*[#   3]+0.047*[#   4]+0.047*[#   7]
          +0.047*[#   8]
    |psi|^2 = 0.983
==== e(   2) =   -11.03715 eV ==== 
     psi = 0.482*[#   2]+0.482*[#   6]
    |psi|^2 = 0.964
==== e(   3) =    -9.57987 eV ==== 
     psi = 0.224*[#   3]+0.224*[#   4]+0.224*[#   7]+0.224*[#   8]+0.051*[#   1]
          +0.051*[#   5]
    |psi|^2 = 0.997
==== e(   4) =    -8.67142 eV ==== 
     psi = 0.245*[#   3]+0.245*[#   4]+0.245*[#   7]+0.245*[#   8]+0.008*[#   1]
          +0.008*[#   5]
    |psi|^2 = 0.994
==== e(   5) =    -0.00051 eV ==== 
     psi = 0.010*[#   3]+0.010*[#   4]+0.010*[#   7]+0.010*[#   8]
    |psi|^2 = 0.040
==== e(   6) =     0.90964 eV ==== 
     psi = 0.009*[#   2]+0.009*[#   6]
    |psi|^2 = 0.019
==== e(   7) =     2.70853 eV ==== 

    |psi|^2 = 0.004
==== e(   8) =     3.60868 eV ==== 
     psi = 0.005*[#   2]+0.005*[#   6]
    |psi|^2 = 0.010

 k =   0.0757575758  0.2011978211  0.0000000000
==== e(   1) =   -22.96425 eV ==== 
     psi = 0.388*[#   1]+0.388*[#   5]+0.052*[#   3]+0.052*[#   4]+0.052*[#   7]
          +0.052*[#   8]
    |psi|^2 = 0.983
==== e(   2) =   -10.89717 eV ==== 
     psi = 0.483*[#   2]+0.483*[#   6]
    |psi|^2 = 0.967
==== e(   3) =    -9.90162 eV ==== 
     psi = 0.220*[#   3]+0.220*[#   4]+0.220*[#   7]+0.220*[#   8]+0.058*[#   1]
          +0.058*[#   5]
    |psi|^2 = 0.996
==== e(   4) =    -8.85159 eV ==== 
     psi = 0.244*[#   3]+0.244*[#   4]+0.244*[#   7]+0.244*[#   8]+0.009*[#   1]
          +0.009*[#   5]
    |psi|^2 = 0.994
==== e(   5) =     0.16115 eV ==== 
     psi = 0.010*[#   3]+0.010*[#   4]+0.010*[#   7]+0.010*[#   8]
    |psi|^2 = 0.041
==== e(   6) =     1.07191 eV ==== 
     psi = 0.009*[#   2]+0.009*[#   6]
    |psi|^2 = 0.017
==== e(   7) =     2.87110 eV ==== 

    |psi|^2 = 0.004
==== e(   8) =     3.76800 eV ==== 
     psi = 0.005*[#   2]+0.005*[#   6]
    |psi|^2 = 0.010

 k =   0.0757575758  0.2186932838  0.0000000000
==== e(   1) =   -22.83551 eV ==== 
     psi = 0.377*[#   1]+0.377*[#   5]+0.057*[#   3]+0.057*[#   4]+0.057*[#   7]
          +0.057*[#   8]
    |psi|^2 = 0.982
==== e(   2) =   -10.74509 eV ==== 
     psi = 0.485*[#   2]+0.485*[#   6]
    |psi|^2 = 0.970
==== e(   3) =   -10.23996 eV ==== 
     psi = 0.217*[#   3]+0.217*[#   4]+0.217*[#   7]+0.217*[#   8]+0.064*[#   1]
          +0.064*[#   5]
    |psi|^2 = 0.996
==== e(   4) =    -9.03135 eV ==== 
     psi = 0.244*[#   3]+0.244*[#   4]+0.244*[#   7]+0.244*[#   8]+0.009*[#   1]
          +0.009*[#   5]
    |psi|^2 = 0.994
==== e(   5) =     0.33744 eV ==== 
     psi = 0.010*[#   3]+0.010*[#   4]+0.010*[#   7]+0.010*[#   8]
    |psi|^2 = 0.041
==== e(   6) =     1.24861 eV ==== 
     psi = 0.008*[#   2]+0.008*[#   6]
    |psi|^2 = 0.016
==== e(   7) =     3.04821 eV ==== 

    |psi|^2 = 0.004
==== e(   8) =     3.93731 eV ==== 
     psi = 0.012*[#   2]+0.012*[#   6]
    |psi|^2 = 0.025

 k =   0.0757575758  0.2361887465  0.0000000000
==== e(   1) =   -22.69629 eV ==== 
     psi = 0.367*[#   1]+0.367*[#   5]+0.062*[#   3]+0.062*[#   4]+0.062*[#   7]
          +0.062*[#   8]
    |psi|^2 = 0.982
==== e(   2) =   -10.59237 eV ==== 
     psi = 0.213*[#   3]+0.213*[#   4]+0.213*[#   7]+0.213*[#   8]+0.071*[#   1]
          +0.071*[#   5]
    |psi|^2 = 0.995
==== e(   3) =   -10.58110 eV ==== 
     psi = 0.486*[#   2]+0.486*[#   6]
    |psi|^2 = 0.972
==== e(   4) =    -9.20894 eV ==== 
     psi = 0.244*[#   3]+0.244*[#   4]+0.244*[#   7]+0.244*[#   8]+0.010*[#   1]
          +0.010*[#   5]
    |psi|^2 = 0.994
==== e(   5) =     0.52834 eV ==== 
     psi = 0.010*[#   3]+0.010*[#   4]+0.010*[#   7]+0.010*[#   8]
    |psi|^2 = 0.040
==== e(   6) =     1.43951 eV ==== 
     psi = 0.008*[#   2]+0.008*[#   6]
    |psi|^2 = 0.015
==== e(   7) =     3.23968 eV ==== 

    |psi|^2 = 0.004
==== e(   8) =     3.95530 eV ==== 
     psi = 0.418*[#   2]+0.418*[#   6]
    |psi|^2 = 0.836

 k =   0.0757575758  0.2536842092  0.0000000000
==== e(   1) =   -22.54662 eV ==== 
     psi = 0.357*[#   1]+0.357*[#   5]+0.067*[#   3]+0.067*[#   4]+0.067*[#   7]
          +0.067*[#   8]
    |psi|^2 = 0.982
==== e(   2) =   -10.95641 eV ==== 
     psi = 0.210*[#   3]+0.210*[#   4]+0.210*[#   7]+0.210*[#   8]+0.078*[#   1]
          +0.078*[#   5]
    |psi|^2 = 0.995
==== e(   3) =   -10.40543 eV ==== 
     psi = 0.487*[#   2]+0.487*[#   6]
    |psi|^2 = 0.975
==== e(   4) =    -9.38294 eV ==== 
     psi = 0.243*[#   3]+0.243*[#   4]+0.243*[#   7]+0.243*[#   8]+0.011*[#   1]
          +0.011*[#   5]
    |psi|^2 = 0.995
==== e(   5) =     0.73381 eV ==== 
     psi = 0.010*[#   3]+0.010*[#   4]+0.010*[#   7]+0.010*[#   8]
    |psi|^2 = 0.039
==== e(   6) =     1.64413 eV ==== 
     psi = 0.007*[#   2]+0.007*[#   6]
    |psi|^2 = 0.015
==== e(   7) =     3.44509 eV ==== 
     psi = 0.002*[#   1]+0.002*[#   5]
    |psi|^2 = 0.005
==== e(   8) =     3.60620 eV ==== 
     psi = 0.475*[#   2]+0.475*[#   6]
    |psi|^2 = 0.949

 k =   0.0757575758  0.2711796719  0.0000000000
==== e(   1) =   -22.38660 eV ==== 
     psi = 0.348*[#   1]+0.348*[#   5]+0.072*[#   3]+0.072*[#   4]+0.072*[#   7]
          +0.072*[#   8]
    |psi|^2 = 0.982
==== e(   2) =   -11.32977 eV ==== 
     psi = 0.206*[#   3]+0.206*[#   4]+0.206*[#   7]+0.206*[#   8]+0.085*[#   1]
          +0.085*[#   5]
    |psi|^2 = 0.994
==== e(   3) =   -10.21835 eV ==== 
     psi = 0.489*[#   2]+0.489*[#   6]
    |psi|^2 = 0.978
==== e(   4) =    -9.55219 eV ==== 
     psi = 0.243*[#   3]+0.243*[#   4]+0.243*[#   7]+0.243*[#   8]+0.011*[#   1]
          +0.011*[#   5]
    |psi|^2 = 0.995
==== e(   5) =     0.95381 eV ==== 
     psi = 0.009*[#   3]+0.009*[#   4]+0.009*[#   7]+0.009*[#   8]
    |psi|^2 = 0.037
==== e(   6) =     1.86113 eV ==== 
     psi = 0.008*[#   2]+0.008*[#   6]
    |psi|^2 = 0.016
==== e(   7) =     3.23266 eV ==== 
     psi = 0.476*[#   2]+0.476*[#   6]
    |psi|^2 = 0.952
==== e(   8) =     3.66353 eV ==== 
     psi = 0.003*[#   1]+0.003*[#   5]
    |psi|^2 = 0.008

 k =   0.0757575758  0.2886751346  0.0000000000
==== e(   1) =   -22.21630 eV ==== 
     psi = 0.338*[#   1]+0.338*[#   5]+0.076*[#   3]+0.076*[#   4]+0.076*[#   7]
          +0.076*[#   8]
    |psi|^2 = 0.982
==== e(   2) =   -11.71034 eV ==== 
     psi = 0.203*[#   3]+0.203*[#   4]+0.203*[#   7]+0.203*[#   8]+0.091*[#   1]
          +0.091*[#   5]
    |psi|^2 = 0.994
==== e(   3) =   -10.02020 eV ==== 
     psi = 0.490*[#   2]+0.490*[#   6]
    |psi|^2 = 0.980
==== e(   4) =    -9.71571 eV ==== 
     psi = 0.243*[#   3]+0.243*[#   4]+0.243*[#   7]+0.243*[#   8]+0.011*[#   1]
          +0.011*[#   5]
    |psi|^2 = 0.995
==== e(   5) =     1.18829 eV ==== 
     psi = 0.009*[#   3]+0.009*[#   4]+0.009*[#   7]+0.009*[#   8]
    |psi|^2 = 0.035
==== e(   6) =     2.08497 eV ==== 
     psi = 0.016*[#   2]+0.016*[#   6]
    |psi|^2 = 0.032
==== e(   7) =     2.85557 eV ==== 
     psi = 0.468*[#   2]+0.468*[#   6]
    |psi|^2 = 0.935
==== e(   8) =     3.89213 eV ==== 
     psi = 0.008*[#   1]+0.008*[#   5]+0.001*[#   3]+0.001*[#   4]+0.001*[#   7]
          +0.001*[#   8]
    |psi|^2 = 0.022

 k =   0.0757575758  0.3061705973  0.0000000000
==== e(   1) =   -22.03581 eV ==== 
     psi = 0.330*[#   1]+0.330*[#   5]+0.081*[#   3]+0.081*[#   4]+0.081*[#   7]
          +0.081*[#   8]
    |psi|^2 = 0.982
==== e(   2) =   -12.09619 eV ==== 
     psi = 0.199*[#   3]+0.199*[#   4]+0.199*[#   7]+0.199*[#   8]+0.098*[#   1]
          +0.098*[#   5]
    |psi|^2 = 0.993
==== e(   3) =    -9.87270 eV ==== 
     psi = 0.243*[#   3]+0.243*[#   4]+0.243*[#   7]+0.243*[#   8]+0.012*[#   1]
          +0.012*[#   5]
    |psi|^2 = 0.995
==== e(   4) =    -9.81136 eV ==== 
     psi = 0.491*[#   2]+0.491*[#   6]
    |psi|^2 = 0.983
==== e(   5) =     1.43719 eV ==== 
     psi = 0.008*[#   3]+0.008*[#   4]+0.008*[#   7]+0.008*[#   8]
    |psi|^2 = 0.032
==== e(   6) =     2.25088 eV ==== 
     psi = 0.169*[#   2]+0.169*[#   6]
    |psi|^2 = 0.339
==== e(   7) =     2.54266 eV ==== 
     psi = 0.313*[#   2]+0.313*[#   6]
    |psi|^2 = 0.627
==== e(   8) =     4.11713 eV ==== 
     psi = 0.035*[#   1]+0.035*[#   5]+0.010*[#   3]+0.010*[#   4]+0.010*[#   7]
          +0.010*[#   8]
    |psi|^2 = 0.109

 k =   0.0757575758  0.3236660600  0.0000000000
==== e(   1) =   -21.84524 eV ==== 
     psi = 0.321*[#   1]+0.321*[#   5]+0.085*[#   3]+0.085*[#   4]+0.085*[#   7]
          +0.085*[#   8]
    |psi|^2 = 0.982
==== e(   2) =   -12.48557 eV ==== 
     psi = 0.196*[#   3]+0.196*[#   4]+0.196*[#   7]+0.196*[#   8]+0.104*[#   1]
          +0.104*[#   5]
    |psi|^2 = 0.993
==== e(   3) =   -10.02244 eV ==== 
     psi = 0.243*[#   3]+0.243*[#   4]+0.243*[#   7]+0.243*[#   8]+0.012*[#   1]
          +0.012*[#   5]
    |psi|^2 = 0.995
==== e(   4) =    -9.59230 eV ==== 
     psi = 0.493*[#   2]+0.493*[#   6]
    |psi|^2 = 0.985
==== e(   5) =     1.70042 eV ==== 
     psi = 0.007*[#   3]+0.007*[#   4]+0.007*[#   7]+0.007*[#   8]
    |psi|^2 = 0.029
==== e(   6) =     1.99561 eV ==== 
     psi = 0.447*[#   2]+0.447*[#   6]
    |psi|^2 = 0.895
==== e(   7) =     2.65931 eV ==== 
     psi = 0.035*[#   2]+0.035*[#   6]
    |psi|^2 = 0.069
==== e(   8) =     4.25119 eV ==== 
     psi = 0.163*[#   1]+0.163*[#   5]+0.064*[#   3]+0.064*[#   4]+0.064*[#   7]
          +0.064*[#   8]
    |psi|^2 = 0.583

 k =   0.0757575758  0.3411615227  0.0000000000
==== e(   1) =   -21.64471 eV ==== 
     psi = 0.313*[#   1]+0.313*[#   5]+0.089*[#   3]+0.089*[#   4]+0.089*[#   7]
          +0.089*[#   8]
    |psi|^2 = 0.982
==== e(   2) =   -12.87692 eV ==== 
     psi = 0.193*[#   3]+0.193*[#   4]+0.193*[#   7]+0.193*[#   8]+0.110*[#   1]
          +0.110*[#   5]
    |psi|^2 = 0.992
==== e(   3) =   -10.16433 eV ==== 
     psi = 0.243*[#   3]+0.243*[#   4]+0.243*[#   7]+0.243*[#   8]+0.012*[#   1]
          +0.012*[#   5]
    |psi|^2 = 0.995
==== e(   4) =    -9.36359 eV ==== 
     psi = 0.494*[#   2]+0.494*[#   6]
    |psi|^2 = 0.987
==== e(   5) =     1.60451 eV ==== 
     psi = 0.468*[#   2]+0.468*[#   6]
    |psi|^2 = 0.935
==== e(   6) =     1.97789 eV ==== 
     psi = 0.006*[#   3]+0.006*[#   4]+0.006*[#   7]+0.006*[#   8]
    |psi|^2 = 0.025
==== e(   7) =     2.92214 eV ==== 
     psi = 0.013*[#   2]+0.013*[#   6]
    |psi|^2 = 0.027
==== e(   8) =     4.24151 eV ==== 
     psi = 0.229*[#   1]+0.229*[#   5]+0.089*[#   3]+0.089*[#   4]+0.089*[#   7]
          +0.089*[#   8]
    |psi|^2 = 0.813

 k =   0.0757575758  0.3586569854  0.0000000000
==== e(   1) =   -21.43437 eV ==== 
     psi = 0.306*[#   1]+0.306*[#   5]+0.093*[#   3]+0.093*[#   4]+0.093*[#   7]
          +0.093*[#   8]
    |psi|^2 = 0.982
==== e(   2) =   -13.26882 eV ==== 
     psi = 0.190*[#   3]+0.190*[#   4]+0.190*[#   7]+0.190*[#   8]+0.116*[#   1]
          +0.116*[#   5]
    |psi|^2 = 0.992
==== e(   3) =   -10.29785 eV ==== 
     psi = 0.243*[#   3]+0.243*[#   4]+0.243*[#   7]+0.243*[#   8]+0.012*[#   1]
          +0.012*[#   5]
    |psi|^2 = 0.995
==== e(   4) =    -9.12595 eV ==== 
     psi = 0.495*[#   2]+0.495*[#   6]
    |psi|^2 = 0.989
==== e(   5) =     1.20053 eV ==== 
     psi = 0.472*[#   2]+0.472*[#   6]
    |psi|^2 = 0.944
==== e(   6) =     2.26941 eV ==== 
     psi = 0.005*[#   3]+0.005*[#   4]+0.005*[#   7]+0.005*[#   8]
    |psi|^2 = 0.021
==== e(   7) =     3.21017 eV ==== 
     psi = 0.008*[#   2]+0.008*[#   6]
    |psi|^2 = 0.017
==== e(   8) =     4.19851 eV ==== 
     psi = 0.251*[#   1]+0.251*[#   5]+0.089*[#   3]+0.089*[#   4]+0.089*[#   7]
          +0.089*[#   8]
    |psi|^2 = 0.859

 k =   0.0757575758  0.3761524481  0.0000000000
==== e(   1) =   -21.21439 eV ==== 
     psi = 0.298*[#   1]+0.298*[#   5]+0.096*[#   3]+0.096*[#   4]+0.096*[#   7]
          +0.096*[#   8]
    |psi|^2 = 0.982
==== e(   2) =   -13.65999 eV ==== 
     psi = 0.187*[#   3]+0.187*[#   4]+0.187*[#   7]+0.187*[#   8]+0.122*[#   1]
          +0.122*[#   5]
    |psi|^2 = 0.991
==== e(   3) =   -10.42255 eV ==== 
     psi = 0.243*[#   3]+0.243*[#   4]+0.243*[#   7]+0.243*[#   8]+0.012*[#   1]
          +0.012*[#   5]
    |psi|^2 = 0.995
==== e(   4) =    -8.88026 eV ==== 
     psi = 0.495*[#   2]+0.495*[#   6]
    |psi|^2 = 0.991
==== e(   5) =     0.79407 eV ==== 
     psi = 0.473*[#   2]+0.473*[#   6]
    |psi|^2 = 0.947
==== e(   6) =     2.57470 eV ==== 
     psi = 0.004*[#   3]+0.004*[#   4]+0.004*[#   7]+0.004*[#   8]
    |psi|^2 = 0.017
==== e(   7) =     3.51499 eV ==== 
     psi = 0.006*[#   2]+0.006*[#   6]
    |psi|^2 = 0.012
==== e(   8) =     4.15024 eV ==== 
     psi = 0.264*[#   1]+0.264*[#   5]+0.087*[#   3]+0.087*[#   4]+0.087*[#   7]
          +0.087*[#   8]
    |psi|^2 = 0.875

 k =   0.0757575758  0.3936479108  0.0000000000
==== e(   1) =   -20.98498 eV ==== 
     psi = 0.292*[#   1]+0.292*[#   5]+0.100*[#   3]+0.100*[#   4]+0.100*[#   7]
          +0.100*[#   8]
    |psi|^2 = 0.982
==== e(   2) =   -14.04923 eV ==== 
     psi = 0.184*[#   3]+0.184*[#   4]+0.184*[#   7]+0.184*[#   8]+0.127*[#   1]
          +0.127*[#   5]
    |psi|^2 = 0.991
==== e(   3) =   -10.53804 eV ==== 
     psi = 0.243*[#   3]+0.243*[#   4]+0.243*[#   7]+0.243*[#   8]+0.012*[#   1]
          +0.012*[#   5]
    |psi|^2 = 0.995
==== e(   4) =    -8.62765 eV ==== 
     psi = 0.496*[#   2]+0.496*[#   6]
    |psi|^2 = 0.992
==== e(   5) =     0.38910 eV ==== 
     psi = 0.474*[#   2]+0.474*[#   6]
    |psi|^2 = 0.948
==== e(   6) =     2.89319 eV ==== 
     psi = 0.003*[#   3]+0.003*[#   4]+0.003*[#   7]+0.003*[#   8]+0.001*[#   1]
          +0.001*[#   5]
    |psi|^2 = 0.014
==== e(   7) =     3.83479 eV ==== 
     psi = 0.005*[#   2]+0.005*[#   6]
    |psi|^2 = 0.010
==== e(   8) =     4.10267 eV ==== 
     psi = 0.275*[#   1]+0.275*[#   5]+0.083*[#   3]+0.083*[#   4]+0.083*[#   7]
          +0.083*[#   8]
    |psi|^2 = 0.883

 k =   0.0757575758  0.4111433735  0.0000000000
==== e(   1) =   -20.74641 eV ==== 
     psi = 0.286*[#   1]+0.286*[#   5]+0.103*[#   3]+0.103*[#   4]+0.103*[#   7]
          +0.103*[#   8]
    |psi|^2 = 0.983
==== e(   2) =   -14.43545 eV ==== 
     psi = 0.182*[#   3]+0.182*[#   4]+0.182*[#   7]+0.182*[#   8]+0.132*[#   1]
          +0.132*[#   5]
    |psi|^2 = 0.990
==== e(   3) =   -10.64397 eV ==== 
     psi = 0.243*[#   3]+0.243*[#   4]+0.243*[#   7]+0.243*[#   8]+0.012*[#   1]
          +0.012*[#   5]
    |psi|^2 = 0.995
==== e(   4) =    -8.36957 eV ==== 
     psi = 0.497*[#   2]+0.497*[#   6]
    |psi|^2 = 0.994
==== e(   5) =    -0.01131 eV ==== 
     psi = 0.475*[#   2]+0.475*[#   6]
    |psi|^2 = 0.949
==== e(   6) =     3.22337 eV ==== 
     psi = 0.004*[#   1]+0.004*[#   5]+0.002*[#   3]+0.002*[#   4]+0.002*[#   7]
          +0.002*[#   8]
    |psi|^2 = 0.015
==== e(   7) =     4.05925 eV ==== 
     psi = 0.282*[#   1]+0.282*[#   5]+0.080*[#   3]+0.080*[#   4]+0.080*[#   7]
          +0.080*[#   8]
    |psi|^2 = 0.884
==== e(   8) =     4.16882 eV ==== 
     psi = 0.004*[#   2]+0.004*[#   6]
    |psi|^2 = 0.008

 k =   0.0757575758  0.4286388362  0.0000000000
==== e(   1) =   -20.49904 eV ==== 
     psi = 0.280*[#   1]+0.280*[#   5]+0.106*[#   3]+0.106*[#   4]+0.106*[#   7]
          +0.106*[#   8]
    |psi|^2 = 0.983
==== e(   2) =   -14.81756 eV ==== 
     psi = 0.179*[#   3]+0.179*[#   4]+0.179*[#   7]+0.179*[#   8]+0.137*[#   1]
          +0.137*[#   5]
    |psi|^2 = 0.990
==== e(   3) =   -10.74006 eV ==== 
     psi = 0.243*[#   3]+0.243*[#   4]+0.243*[#   7]+0.243*[#   8]+0.012*[#   1]
          +0.012*[#   5]
    |psi|^2 = 0.995
==== e(   4) =    -8.10794 eV ==== 
     psi = 0.497*[#   2]+0.497*[#   6]
    |psi|^2 = 0.995
==== e(   5) =    -0.40405 eV ==== 
     psi = 0.475*[#   2]+0.475*[#   6]
    |psi|^2 = 0.950
==== e(   6) =     3.55894 eV ==== 
     psi = 0.017*[#   1]+0.017*[#   5]
    |psi|^2 = 0.037
==== e(   7) =     4.02728 eV ==== 
     psi = 0.278*[#   1]+0.278*[#   5]+0.076*[#   3]+0.076*[#   4]+0.076*[#   7]
          +0.076*[#   8]
    |psi|^2 = 0.862
==== e(   8) =     4.51658 eV ==== 
     psi = 0.004*[#   2]+0.004*[#   6]
    |psi|^2 = 0.007

 k =   0.0757575758  0.4461342989  0.0000000000
==== e(   1) =   -20.24334 eV ==== 
     psi = 0.275*[#   1]+0.275*[#   5]+0.108*[#   3]+0.108*[#   4]+0.108*[#   7]
          +0.108*[#   8]
    |psi|^2 = 0.984
==== e(   2) =   -15.19446 eV ==== 
     psi = 0.177*[#   3]+0.177*[#   4]+0.177*[#   7]+0.177*[#   8]+0.141*[#   1]
          +0.141*[#   5]
    |psi|^2 = 0.989
==== e(   3) =   -10.82605 eV ==== 
     psi = 0.243*[#   3]+0.243*[#   4]+0.243*[#   7]+0.243*[#   8]+0.013*[#   1]
          +0.013*[#   5]
    |psi|^2 = 0.995
==== e(   4) =    -7.84530 eV ==== 
     psi = 0.498*[#   2]+0.498*[#   6]
    |psi|^2 = 0.995
==== e(   5) =    -0.78557 eV ==== 
     psi = 0.476*[#   2]+0.476*[#   6]
    |psi|^2 = 0.951
==== e(   6) =     3.84076 eV ==== 
     psi = 0.146*[#   1]+0.146*[#   5]+0.021*[#   3]+0.021*[#   4]+0.021*[#   7]
          +0.021*[#   8]
    |psi|^2 = 0.377
==== e(   7) =     4.06653 eV ==== 
     psi = 0.157*[#   1]+0.157*[#   5]+0.052*[#   3]+0.052*[#   4]+0.052*[#   7]
          +0.052*[#   8]
    |psi|^2 = 0.521
==== e(   8) =     4.87764 eV ==== 
     psi = 0.003*[#   2]+0.003*[#   6]
    |psi|^2 = 0.006

 k =   0.0757575758  0.4636297616  0.0000000000
==== e(   1) =   -19.98000 eV ==== 
     psi = 0.271*[#   1]+0.271*[#   5]+0.111*[#   3]+0.111*[#   4]+0.111*[#   7]
          +0.111*[#   8]
    |psi|^2 = 0.985
==== e(   2) =   -15.56492 eV ==== 
     psi = 0.175*[#   3]+0.175*[#   4]+0.175*[#   7]+0.175*[#   8]+0.144*[#   1]
          +0.144*[#   5]
    |psi|^2 = 0.988
==== e(   3) =   -10.90173 eV ==== 
     psi = 0.243*[#   3]+0.243*[#   4]+0.243*[#   7]+0.243*[#   8]+0.013*[#   1]
          +0.013*[#   5]
    |psi|^2 = 0.995
==== e(   4) =    -7.58512 eV ==== 
     psi = 0.498*[#   2]+0.498*[#   6]
    |psi|^2 = 0.996
==== e(   5) =    -1.15154 eV ==== 
     psi = 0.476*[#   2]+0.476*[#   6]
    |psi|^2 = 0.952
==== e(   6) =     3.88983 eV ==== 
     psi = 0.290*[#   1]+0.290*[#   5]+0.056*[#   3]+0.056*[#   4]+0.056*[#   7]
          +0.056*[#   8]
    |psi|^2 = 0.806
==== e(   7) =     4.35635 eV ==== 
     psi = 0.019*[#   1]+0.019*[#   5]+0.013*[#   3]+0.013*[#   4]+0.013*[#   7]
          +0.013*[#   8]
    |psi|^2 = 0.091
==== e(   8) =     5.25149 eV ==== 
     psi = 0.003*[#   2]+0.003*[#   6]
    |psi|^2 = 0.006

 k =   0.0757575758  0.4811252243  0.0000000000
==== e(   1) =   -19.71012 eV ==== 
     psi = 0.268*[#   1]+0.268*[#   5]+0.112*[#   3]+0.112*[#   4]+0.112*[#   7]
          +0.112*[#   8]
    |psi|^2 = 0.985
==== e(   2) =   -15.92741 eV ==== 
     psi = 0.174*[#   3]+0.174*[#   4]+0.174*[#   7]+0.174*[#   8]+0.147*[#   1]
          +0.147*[#   5]
    |psi|^2 = 0.988
==== e(   3) =   -10.96691 eV ==== 
     psi = 0.242*[#   3]+0.242*[#   4]+0.242*[#   7]+0.242*[#   8]+0.013*[#   1]
          +0.013*[#   5]
    |psi|^2 = 0.995
==== e(   4) =    -7.33218 eV ==== 
     psi = 0.498*[#   2]+0.498*[#   6]
    |psi|^2 = 0.996
==== e(   5) =    -1.49648 eV ==== 
     psi = 0.476*[#   2]+0.476*[#   6]
    |psi|^2 = 0.952
==== e(   6) =     3.87096 eV ==== 
     psi = 0.310*[#   1]+0.310*[#   5]+0.060*[#   3]+0.060*[#   4]+0.060*[#   7]
          +0.060*[#   8]
    |psi|^2 = 0.860
==== e(   7) =     4.73210 eV ==== 
     psi = 0.006*[#   3]+0.006*[#   4]+0.006*[#   7]+0.006*[#   8]+0.005*[#   1]
          +0.005*[#   5]
    |psi|^2 = 0.036
==== e(   8) =     5.63749 eV ==== 
     psi = 0.003*[#   2]+0.003*[#   6]
    |psi|^2 = 0.006

 k =   0.0757575758  0.4986206870  0.0000000000
==== e(   1) =   -19.43554 eV ==== 
     psi = 0.266*[#   1]+0.266*[#   5]+0.113*[#   3]+0.113*[#   4]+0.113*[#   7]
          +0.113*[#   8]
    |psi|^2 = 0.986
==== e(   2) =   -16.27970 eV ==== 
     psi = 0.173*[#   3]+0.173*[#   4]+0.173*[#   7]+0.173*[#   8]+0.148*[#   1]
          +0.148*[#   5]
    |psi|^2 = 0.987
==== e(   3) =   -11.02146 eV ==== 
     psi = 0.242*[#   3]+0.242*[#   4]+0.242*[#   7]+0.242*[#   8]+0.013*[#   1]
          +0.013*[#   5]
    |psi|^2 = 0.995
==== e(   4) =    -7.09304 eV ==== 
     psi = 0.498*[#   2]+0.498*[#   6]
    |psi|^2 = 0.997
==== e(   5) =    -1.81320 eV ==== 
     psi = 0.477*[#   2]+0.477*[#   6]
    |psi|^2 = 0.953
==== e(   6) =     3.84804 eV ==== 
     psi = 0.318*[#   1]+0.318*[#   5]+0.060*[#   3]+0.060*[#   4]+0.060*[#   7]
          +0.060*[#   8]
    |psi|^2 = 0.874
==== e(   7) =     5.12993 eV ==== 
     psi = 0.004*[#   3]+0.004*[#   4]+0.004*[#   7]+0.004*[#   8]+0.002*[#   1]
          +0.002*[#   5]
    |psi|^2 = 0.021
==== e(   8) =     6.03475 eV ==== 
     psi = 0.003*[#   2]+0.003*[#   6]
    |psi|^2 = 0.006

 k =   0.0757575758  0.5161161497  0.0000000000
==== e(   1) =   -19.15977 eV ==== 
     psi = 0.267*[#   1]+0.267*[#   5]+0.113*[#   3]+0.113*[#   4]+0.113*[#   7]
          +0.113*[#   8]
    |psi|^2 = 0.987
==== e(   2) =   -16.61800 eV ==== 
     psi = 0.173*[#   3]+0.173*[#   4]+0.173*[#   7]+0.173*[#   8]+0.146*[#   1]
          +0.146*[#   5]
    |psi|^2 = 0.986
==== e(   3) =   -11.06523 eV ==== 
     psi = 0.242*[#   3]+0.242*[#   4]+0.242*[#   7]+0.242*[#   8]+0.013*[#   1]
          +0.013*[#   5]
    |psi|^2 = 0.995
==== e(   4) =    -6.87670 eV ==== 
     psi = 0.499*[#   2]+0.499*[#   6]
    |psi|^2 = 0.997
==== e(   5) =    -2.09221 eV ==== 
     psi = 0.477*[#   2]+0.477*[#   6]
    |psi|^2 = 0.953
==== e(   6) =     3.82786 eV ==== 
     psi = 0.323*[#   1]+0.323*[#   5]+0.059*[#   3]+0.059*[#   4]+0.059*[#   7]
          +0.059*[#   8]
    |psi|^2 = 0.880
==== e(   7) =     5.54283 eV ==== 
     psi = 0.003*[#   3]+0.003*[#   4]+0.003*[#   7]+0.003*[#   8]+0.001*[#   1]
          +0.001*[#   5]
    |psi|^2 = 0.014
==== e(   8) =     6.44187 eV ==== 
     psi = 0.003*[#   2]+0.003*[#   6]
    |psi|^2 = 0.006

 k =   0.0757575758  0.5336116124  0.0000000000
==== e(   1) =   -18.89038 eV ==== 
     psi = 0.273*[#   1]+0.273*[#   5]+0.111*[#   3]+0.111*[#   4]+0.111*[#   7]
          +0.111*[#   8]
    |psi|^2 = 0.989
==== e(   2) =   -16.93448 eV ==== 
     psi = 0.176*[#   3]+0.176*[#   4]+0.176*[#   7]+0.176*[#   8]+0.141*[#   1]
          +0.141*[#   5]
    |psi|^2 = 0.984
==== e(   3) =   -11.09814 eV ==== 
     psi = 0.242*[#   3]+0.242*[#   4]+0.242*[#   7]+0.242*[#   8]+0.013*[#   1]
          +0.013*[#   5]
    |psi|^2 = 0.995
==== e(   4) =    -6.69488 eV ==== 
     psi = 0.499*[#   2]+0.499*[#   6]
    |psi|^2 = 0.997
==== e(   5) =    -2.32138 eV ==== 
     psi = 0.477*[#   2]+0.477*[#   6]
    |psi|^2 = 0.954
==== e(   6) =     3.81208 eV ==== 
     psi = 0.326*[#   1]+0.326*[#   5]+0.058*[#   3]+0.058*[#   4]+0.058*[#   7]
          +0.058*[#   8]
    |psi|^2 = 0.883
==== e(   7) =     5.96867 eV ==== 
     psi = 0.002*[#   3]+0.002*[#   4]+0.002*[#   7]+0.002*[#   8]+0.001*[#   1]
          +0.001*[#   5]
    |psi|^2 = 0.011
==== e(   8) =     6.85629 eV ==== 
     psi = 0.004*[#   2]+0.004*[#   6]
    |psi|^2 = 0.007

 k =   0.0757575758  0.5511070751  0.0000000000
==== e(   1) =   -18.64644 eV ==== 
     psi = 0.285*[#   1]+0.285*[#   5]+0.105*[#   3]+0.105*[#   4]+0.105*[#   7]
          +0.105*[#   8]
    |psi|^2 = 0.991
==== e(   2) =   -17.20990 eV ==== 
     psi = 0.181*[#   3]+0.181*[#   4]+0.181*[#   7]+0.181*[#   8]+0.128*[#   1]
          +0.128*[#   5]
    |psi|^2 = 0.982
==== e(   3) =   -11.12012 eV ==== 
     psi = 0.242*[#   3]+0.242*[#   4]+0.242*[#   7]+0.242*[#   8]+0.013*[#   1]
          +0.013*[#   5]
    |psi|^2 = 0.995
==== e(   4) =    -6.56155 eV ==== 
     psi = 0.499*[#   2]+0.499*[#   6]
    |psi|^2 = 0.998
==== e(   5) =    -2.48643 eV ==== 
     psi = 0.477*[#   2]+0.477*[#   6]
    |psi|^2 = 0.954
==== e(   6) =     3.80133 eV ==== 
     psi = 0.328*[#   1]+0.328*[#   5]+0.057*[#   3]+0.057*[#   4]+0.057*[#   7]
          +0.057*[#   8]
    |psi|^2 = 0.885
==== e(   7) =     6.40561 eV ==== 
     psi = 0.002*[#   1]+0.002*[#   5]+0.002*[#   3]+0.002*[#   4]+0.002*[#   7]
          +0.002*[#   8]
    |psi|^2 = 0.010
==== e(   8) =     7.27156 eV ==== 
     psi = 0.004*[#   2]+0.004*[#   6]
    |psi|^2 = 0.009

 k =   0.0757575758  0.5686025378  0.0000000000
==== e(   1) =   -18.47946 eV ==== 
     psi = 0.302*[#   1]+0.302*[#   5]+0.097*[#   3]+0.097*[#   4]+0.097*[#   7]
          +0.097*[#   8]
    |psi|^2 = 0.993
==== e(   2) =   -17.39266 eV ==== 
     psi = 0.190*[#   3]+0.190*[#   4]+0.190*[#   7]+0.190*[#   8]+0.111*[#   1]
          +0.111*[#   5]
    |psi|^2 = 0.980
==== e(   3) =   -11.13113 eV ==== 
     psi = 0.242*[#   3]+0.242*[#   4]+0.242*[#   7]+0.242*[#   8]+0.013*[#   1]
          +0.013*[#   5]
    |psi|^2 = 0.995
==== e(   4) =    -6.49043 eV ==== 
     psi = 0.499*[#   2]+0.499*[#   6]
    |psi|^2 = 0.998
==== e(   5) =    -2.57346 eV ==== 
     psi = 0.477*[#   2]+0.477*[#   6]
    |psi|^2 = 0.954
==== e(   6) =     3.79589 eV ==== 
     psi = 0.329*[#   1]+0.329*[#   5]+0.057*[#   3]+0.057*[#   4]+0.057*[#   7]
          +0.057*[#   8]
    |psi|^2 = 0.885
==== e(   7) =     6.84667 eV ==== 
     psi = 0.003*[#   1]+0.003*[#   5]+0.001*[#   3]+0.001*[#   4]+0.001*[#   7]
          +0.001*[#   8]
    |psi|^2 = 0.011
==== e(   8) =     7.33241 eV ==== 
     psi = 0.003*[#   1]+0.003*[#   5]+0.002*[#   3]+0.002*[#   4]+0.002*[#   7]
          +0.002*[#   8]
    |psi|^2 = 0.012

 k =   0.0909090909  0.1574591643  0.0000000000
==== e(   1) =   -23.19540 eV ==== 
     psi = 0.410*[#   1]+0.410*[#   5]+0.041*[#   3]+0.041*[#   4]+0.041*[#   7]
          +0.041*[#   8]
    |psi|^2 = 0.983
==== e(   2) =   -11.17124 eV ==== 
     psi = 0.481*[#   2]+0.481*[#   6]
    |psi|^2 = 0.962
==== e(   3) =    -9.24978 eV ==== 
     psi = 0.227*[#   3]+0.227*[#   4]+0.227*[#   7]+0.227*[#   8]+0.044*[#   1]
          +0.044*[#   5]
    |psi|^2 = 0.998
==== e(   4) =    -8.49791 eV ==== 
     psi = 0.245*[#   3]+0.245*[#   4]+0.245*[#   7]+0.245*[#   8]+0.007*[#   1]
          +0.007*[#   5]
    |psi|^2 = 0.994
==== e(   5) =    -0.15485 eV ==== 
     psi = 0.009*[#   3]+0.009*[#   4]+0.009*[#   7]+0.009*[#   8]
    |psi|^2 = 0.038
==== e(   6) =     0.75455 eV ==== 
     psi = 0.010*[#   2]+0.010*[#   6]
    |psi|^2 = 0.020
==== e(   7) =     2.55330 eV ==== 

    |psi|^2 = 0.004
==== e(   8) =     3.45575 eV ==== 
     psi = 0.005*[#   2]+0.005*[#   6]
    |psi|^2 = 0.010

 k =   0.0909090909  0.1749546270  0.0000000000
==== e(   1) =   -23.09319 eV ==== 
     psi = 0.399*[#   1]+0.399*[#   5]+0.046*[#   3]+0.046*[#   4]+0.046*[#   7]
          +0.046*[#   8]
    |psi|^2 = 0.983
==== e(   2) =   -11.04988 eV ==== 
     psi = 0.482*[#   2]+0.482*[#   6]
    |psi|^2 = 0.964
==== e(   3) =    -9.52505 eV ==== 
     psi = 0.225*[#   3]+0.225*[#   4]+0.225*[#   7]+0.225*[#   8]+0.050*[#   1]
          +0.050*[#   5]
    |psi|^2 = 0.997
==== e(   4) =    -8.68432 eV ==== 
     psi = 0.244*[#   3]+0.244*[#   4]+0.244*[#   7]+0.244*[#   8]+0.009*[#   1]
          +0.009*[#   5]
    |psi|^2 = 0.994
==== e(   5) =    -0.01516 eV ==== 
     psi = 0.010*[#   3]+0.010*[#   4]+0.010*[#   7]+0.010*[#   8]
    |psi|^2 = 0.040
==== e(   6) =     0.89492 eV ==== 
     psi = 0.009*[#   2]+0.009*[#   6]
    |psi|^2 = 0.019
==== e(   7) =     2.69395 eV ==== 

    |psi|^2 = 0.004
==== e(   8) =     3.59442 eV ==== 
     psi = 0.005*[#   2]+0.005*[#   6]
    |psi|^2 = 0.010

 k =   0.0909090909  0.1924500897  0.0000000000
==== e(   1) =   -22.98036 eV ==== 
     psi = 0.389*[#   1]+0.389*[#   5]+0.051*[#   3]+0.051*[#   4]+0.051*[#   7]
          +0.051*[#   8]
    |psi|^2 = 0.983
==== e(   2) =   -10.91618 eV ==== 
     psi = 0.483*[#   2]+0.483*[#   6]
    |psi|^2 = 0.966
==== e(   3) =    -9.82062 eV ==== 
     psi = 0.221*[#   3]+0.221*[#   4]+0.221*[#   7]+0.221*[#   8]+0.056*[#   1]
          +0.056*[#   5]
    |psi|^2 = 0.997
==== e(   4) =    -8.87432 eV ==== 
     psi = 0.243*[#   3]+0.243*[#   4]+0.243*[#   7]+0.243*[#   8]+0.010*[#   1]
          +0.010*[#   5]
    |psi|^2 = 0.994
==== e(   5) =     0.13919 eV ==== 
     psi = 0.010*[#   3]+0.010*[#   4]+0.010*[#   7]+0.010*[#   8]
    |psi|^2 = 0.041
==== e(   6) =     1.04990 eV ==== 
     psi = 0.009*[#   2]+0.009*[#   6]
    |psi|^2 = 0.017
==== e(   7) =     2.84933 eV ==== 

    |psi|^2 = 0.004
==== e(   8) =     3.74720 eV ==== 
     psi = 0.005*[#   2]+0.005*[#   6]
    |psi|^2 = 0.009

 k =   0.0909090909  0.2099455524  0.0000000000
==== e(   1) =   -22.85697 eV ==== 
     psi = 0.379*[#   1]+0.379*[#   5]+0.056*[#   3]+0.056*[#   4]+0.056*[#   7]
          +0.056*[#   8]
    |psi|^2 = 0.982
==== e(   2) =   -10.77031 eV ==== 
     psi = 0.485*[#   2]+0.485*[#   6]
    |psi|^2 = 0.969
==== e(   3) =   -10.13496 eV ==== 
     psi = 0.218*[#   3]+0.218*[#   4]+0.218*[#   7]+0.218*[#   8]+0.062*[#   1]
          +0.062*[#   5]
    |psi|^2 = 0.997
==== e(   4) =    -9.06462 eV ==== 
     psi = 0.243*[#   3]+0.243*[#   4]+0.243*[#   7]+0.243*[#   8]+0.012*[#   1]
          +0.012*[#   5]
    |psi|^2 = 0.993
==== e(   5) =     0.30819 eV ==== 
     psi = 0.010*[#   3]+0.010*[#   4]+0.010*[#   7]+0.010*[#   8]
    |psi|^2 = 0.041
==== e(   6) =     1.21940 eV ==== 
     psi = 0.008*[#   2]+0.008*[#   6]
    |psi|^2 = 0.016
==== e(   7) =     3.01937 eV ==== 

    |psi|^2 = 0.004
==== e(   8) =     3.91286 eV ==== 
     psi = 0.006*[#   2]+0.006*[#   6]
    |psi|^2 = 0.012

 k =   0.0909090909  0.2274410151  0.0000000000
==== e(   1) =   -22.72306 eV ==== 
     psi = 0.369*[#   1]+0.369*[#   5]+0.061*[#   3]+0.061*[#   4]+0.061*[#   7]
          +0.061*[#   8]
    |psi|^2 = 0.982
==== e(   2) =   -10.61244 eV ==== 
     psi = 0.486*[#   2]+0.486*[#   6]
    |psi|^2 = 0.972
==== e(   3) =   -10.46607 eV ==== 
     psi = 0.215*[#   3]+0.215*[#   4]+0.215*[#   7]+0.215*[#   8]+0.068*[#   1]
          +0.068*[#   5]
    |psi|^2 = 0.996
==== e(   4) =    -9.25273 eV ==== 
     psi = 0.242*[#   3]+0.242*[#   4]+0.242*[#   7]+0.242*[#   8]+0.013*[#   1]
          +0.013*[#   5]
    |psi|^2 = 0.993
==== e(   5) =     0.49180 eV ==== 
     psi = 0.010*[#   3]+0.010*[#   4]+0.010*[#   7]+0.010*[#   8]
    |psi|^2 = 0.041
==== e(   6) =     1.40325 eV ==== 
     psi = 0.007*[#   2]+0.007*[#   6]
    |psi|^2 = 0.015
==== e(   7) =     3.20397 eV ==== 

    |psi|^2 = 0.004
==== e(   8) =     4.02649 eV ==== 
     psi = 0.332*[#   2]+0.332*[#   6]
    |psi|^2 = 0.664

 k =   0.0909090909  0.2449364778  0.0000000000
==== e(   1) =   -22.57870 eV ==== 
     psi = 0.359*[#   1]+0.359*[#   5]+0.066*[#   3]+0.066*[#   4]+0.066*[#   7]
          +0.066*[#   8]
    |psi|^2 = 0.982
==== e(   2) =   -10.81167 eV ==== 
     psi = 0.211*[#   3]+0.211*[#   4]+0.211*[#   7]+0.211*[#   8]+0.075*[#   1]
          +0.075*[#   5]
    |psi|^2 = 0.996
==== e(   3) =   -10.44278 eV ==== 
     psi = 0.487*[#   2]+0.487*[#   6]
    |psi|^2 = 0.974
==== e(   4) =    -9.43683 eV ==== 
     psi = 0.242*[#   3]+0.242*[#   4]+0.242*[#   7]+0.242*[#   8]+0.013*[#   1]
          +0.013*[#   5]
    |psi|^2 = 0.993
==== e(   5) =     0.69000 eV ==== 
     psi = 0.010*[#   3]+0.010*[#   4]+0.010*[#   7]+0.010*[#   8]
    |psi|^2 = 0.040
==== e(   6) =     1.60116 eV ==== 
     psi = 0.007*[#   2]+0.007*[#   6]
    |psi|^2 = 0.014
==== e(   7) =     3.40292 eV ==== 

    |psi|^2 = 0.004
==== e(   8) =     3.69836 eV ==== 
     psi = 0.477*[#   2]+0.477*[#   6]
    |psi|^2 = 0.955

 k =   0.0909090909  0.2624319405  0.0000000000
==== e(   1) =   -22.42395 eV ==== 
     psi = 0.350*[#   1]+0.350*[#   5]+0.071*[#   3]+0.071*[#   4]+0.071*[#   7]
          +0.071*[#   8]
    |psi|^2 = 0.982
==== e(   2) =   -11.16938 eV ==== 
     psi = 0.208*[#   3]+0.208*[#   4]+0.208*[#   7]+0.208*[#   8]+0.082*[#   1]
          +0.082*[#   5]
    |psi|^2 = 0.995
==== e(   3) =   -10.26159 eV ==== 
     psi = 0.489*[#   2]+0.489*[#   6]
    |psi|^2 = 0.977
==== e(   4) =    -9.61559 eV ==== 
     psi = 0.241*[#   3]+0.241*[#   4]+0.241*[#   7]+0.241*[#   8]+0.014*[#   1]
          +0.014*[#   5]
    |psi|^2 = 0.994
==== e(   5) =     0.90276 eV ==== 
     psi = 0.009*[#   3]+0.009*[#   4]+0.009*[#   7]+0.009*[#   8]
    |psi|^2 = 0.038
==== e(   6) =     1.81239 eV ==== 
     psi = 0.007*[#   2]+0.007*[#   6]
    |psi|^2 = 0.014
==== e(   7) =     3.33485 eV ==== 
     psi = 0.479*[#   2]+0.479*[#   6]
    |psi|^2 = 0.958
==== e(   8) =     3.61586 eV ==== 
     psi = 0.002*[#   1]+0.002*[#   5]
    |psi|^2 = 0.005

 k =   0.0909090909  0.2799274032  0.0000000000
==== e(   1) =   -22.25889 eV ==== 
     psi = 0.341*[#   1]+0.341*[#   5]+0.075*[#   3]+0.075*[#   4]+0.075*[#   7]
          +0.075*[#   8]
    |psi|^2 = 0.982
==== e(   2) =   -11.53688 eV ==== 
     psi = 0.204*[#   3]+0.204*[#   4]+0.204*[#   7]+0.204*[#   8]+0.088*[#   1]
          +0.088*[#   5]
    |psi|^2 = 0.994
==== e(   3) =   -10.06916 eV ==== 
     psi = 0.490*[#   2]+0.490*[#   6]
    |psi|^2 = 0.980
==== e(   4) =    -9.78802 eV ==== 
     psi = 0.241*[#   3]+0.241*[#   4]+0.241*[#   7]+0.241*[#   8]+0.015*[#   1]
          +0.015*[#   5]
    |psi|^2 = 0.994
==== e(   5) =     1.13002 eV ==== 
     psi = 0.009*[#   3]+0.009*[#   4]+0.009*[#   7]+0.009*[#   8]
    |psi|^2 = 0.036
==== e(   6) =     2.03430 eV ==== 
     psi = 0.010*[#   2]+0.010*[#   6]
    |psi|^2 = 0.020
==== e(   7) =     2.96339 eV ==== 
     psi = 0.476*[#   2]+0.476*[#   6]
    |psi|^2 = 0.951
==== e(   8) =     3.84192 eV ==== 
     psi = 0.003*[#   1]+0.003*[#   5]
    |psi|^2 = 0.008

 k =   0.0909090909  0.2974228659  0.0000000000
==== e(   1) =   -22.08361 eV ==== 
     psi = 0.332*[#   1]+0.332*[#   5]+0.080*[#   3]+0.080*[#   4]+0.080*[#   7]
          +0.080*[#   8]
    |psi|^2 = 0.982
==== e(   2) =   -11.91197 eV ==== 
     psi = 0.201*[#   3]+0.201*[#   4]+0.201*[#   7]+0.201*[#   8]+0.095*[#   1]
          +0.095*[#   5]
    |psi|^2 = 0.994
==== e(   3) =    -9.95333 eV ==== 
     psi = 0.241*[#   3]+0.241*[#   4]+0.241*[#   7]+0.241*[#   8]+0.015*[#   1]
          +0.015*[#   5]
    |psi|^2 = 0.994
==== e(   4) =    -9.86584 eV ==== 
     psi = 0.491*[#   2]+0.491*[#   6]
    |psi|^2 = 0.982
==== e(   5) =     1.37174 eV ==== 
     psi = 0.008*[#   3]+0.008*[#   4]+0.008*[#   7]+0.008*[#   8]
    |psi|^2 = 0.033
==== e(   6) =     2.24550 eV ==== 
     psi = 0.057*[#   2]+0.057*[#   6]
    |psi|^2 = 0.114
==== e(   7) =     2.60802 eV ==== 
     psi = 0.427*[#   2]+0.427*[#   6]
    |psi|^2 = 0.855
==== e(   8) =     4.07846 eV ==== 
     psi = 0.008*[#   1]+0.008*[#   5]+0.001*[#   3]+0.001*[#   4]+0.001*[#   7]
          +0.001*[#   8]
    |psi|^2 = 0.020

 k =   0.0909090909  0.3149183286  0.0000000000
==== e(   1) =   -21.89821 eV ==== 
     psi = 0.323*[#   1]+0.323*[#   5]+0.084*[#   3]+0.084*[#   4]+0.084*[#   7]
          +0.084*[#   8]
    |psi|^2 = 0.982
==== e(   2) =   -12.29265 eV ==== 
     psi = 0.198*[#   3]+0.198*[#   4]+0.198*[#   7]+0.198*[#   8]+0.101*[#   1]
          +0.101*[#   5]
    |psi|^2 = 0.993
==== e(   3) =   -10.11090 eV ==== 
     psi = 0.241*[#   3]+0.241*[#   4]+0.241*[#   7]+0.241*[#   8]+0.016*[#   1]
          +0.016*[#   5]
    |psi|^2 = 0.994
==== e(   4) =    -9.65207 eV ==== 
     psi = 0.492*[#   2]+0.492*[#   6]
    |psi|^2 = 0.984
==== e(   5) =     1.62785 eV ==== 
     psi = 0.008*[#   3]+0.008*[#   4]+0.008*[#   7]+0.008*[#   8]
    |psi|^2 = 0.030
==== e(   6) =     2.12923 eV ==== 
     psi = 0.432*[#   2]+0.432*[#   6]
    |psi|^2 = 0.865
==== e(   7) =     2.58742 eV ==== 
     psi = 0.051*[#   2]+0.051*[#   6]
    |psi|^2 = 0.103
==== e(   8) =     4.31301 eV ==== 
     psi = 0.031*[#   1]+0.031*[#   5]+0.009*[#   3]+0.009*[#   4]+0.009*[#   7]
          +0.009*[#   8]
    |psi|^2 = 0.099

 k =   0.0909090909  0.3324137914  0.0000000000
==== e(   1) =   -21.70280 eV ==== 
     psi = 0.315*[#   1]+0.315*[#   5]+0.088*[#   3]+0.088*[#   4]+0.088*[#   7]
          +0.088*[#   8]
    |psi|^2 = 0.982
==== e(   2) =   -12.67708 eV ==== 
     psi = 0.195*[#   3]+0.195*[#   4]+0.195*[#   7]+0.195*[#   8]+0.107*[#   1]
          +0.107*[#   5]
    |psi|^2 = 0.993
==== e(   3) =   -10.26021 eV ==== 
     psi = 0.241*[#   3]+0.241*[#   4]+0.241*[#   7]+0.241*[#   8]+0.016*[#   1]
          +0.016*[#   5]
    |psi|^2 = 0.994
==== e(   4) =    -9.42834 eV ==== 
     psi = 0.493*[#   2]+0.493*[#   6]
    |psi|^2 = 0.987
==== e(   5) =     1.75172 eV ==== 
     psi = 0.468*[#   2]+0.468*[#   6]
    |psi|^2 = 0.937
==== e(   6) =     1.89827 eV ==== 
     psi = 0.007*[#   3]+0.007*[#   4]+0.007*[#   7]+0.007*[#   8]
    |psi|^2 = 0.027
==== e(   7) =     2.83721 eV ==== 
     psi = 0.014*[#   2]+0.014*[#   6]
    |psi|^2 = 0.029
==== e(   8) =     4.46140 eV ==== 
     psi = 0.157*[#   1]+0.157*[#   5]+0.062*[#   3]+0.062*[#   4]+0.062*[#   7]
          +0.062*[#   8]
    |psi|^2 = 0.564

 k =   0.0909090909  0.3499092541  0.0000000000
==== e(   1) =   -21.49752 eV ==== 
     psi = 0.308*[#   1]+0.308*[#   5]+0.092*[#   3]+0.092*[#   4]+0.092*[#   7]
          +0.092*[#   8]
    |psi|^2 = 0.982
==== e(   2) =   -13.06363 eV ==== 
     psi = 0.192*[#   3]+0.192*[#   4]+0.192*[#   7]+0.192*[#   8]+0.113*[#   1]
          +0.113*[#   5]
    |psi|^2 = 0.992
==== e(   3) =   -10.40080 eV ==== 
     psi = 0.240*[#   3]+0.240*[#   4]+0.240*[#   7]+0.240*[#   8]+0.016*[#   1]
          +0.016*[#   5]
    |psi|^2 = 0.994
==== e(   4) =    -9.19530 eV ==== 
     psi = 0.494*[#   2]+0.494*[#   6]
    |psi|^2 = 0.989
==== e(   5) =     1.35469 eV ==== 
     psi = 0.473*[#   2]+0.473*[#   6]
    |psi|^2 = 0.947
==== e(   6) =     2.18288 eV ==== 
     psi = 0.006*[#   3]+0.006*[#   4]+0.006*[#   7]+0.006*[#   8]
    |psi|^2 = 0.023
==== e(   7) =     3.11749 eV ==== 
     psi = 0.008*[#   2]+0.008*[#   6]
    |psi|^2 = 0.017
==== e(   8) =     4.45741 eV ==== 
     psi = 0.228*[#   1]+0.228*[#   5]+0.089*[#   3]+0.089*[#   4]+0.089*[#   7]
          +0.089*[#   8]
    |psi|^2 = 0.810

 k =   0.0909090909  0.3674047168  0.0000000000
==== e(   1) =   -21.28254 eV ==== 
     psi = 0.300*[#   1]+0.300*[#   5]+0.095*[#   3]+0.095*[#   4]+0.095*[#   7]
          +0.095*[#   8]
    |psi|^2 = 0.982
==== e(   2) =   -13.45082 eV ==== 
     psi = 0.189*[#   3]+0.189*[#   4]+0.189*[#   7]+0.189*[#   8]+0.119*[#   1]
          +0.119*[#   5]
    |psi|^2 = 0.992
==== e(   3) =   -10.53230 eV ==== 
     psi = 0.240*[#   3]+0.240*[#   4]+0.240*[#   7]+0.240*[#   8]+0.016*[#   1]
          +0.016*[#   5]
    |psi|^2 = 0.994
==== e(   4) =    -8.95373 eV ==== 
     psi = 0.495*[#   2]+0.495*[#   6]
    |psi|^2 = 0.990
==== e(   5) =     0.95344 eV ==== 
     psi = 0.475*[#   2]+0.475*[#   6]
    |psi|^2 = 0.950
==== e(   6) =     2.48150 eV ==== 
     psi = 0.005*[#   3]+0.005*[#   4]+0.005*[#   7]+0.005*[#   8]
    |psi|^2 = 0.020
==== e(   7) =     3.41486 eV ==== 
     psi = 0.006*[#   2]+0.006*[#   6]
    |psi|^2 = 0.012
==== e(   8) =     4.41688 eV ==== 
     psi = 0.249*[#   1]+0.249*[#   5]+0.090*[#   3]+0.090*[#   4]+0.090*[#   7]
          +0.090*[#   8]
    |psi|^2 = 0.856

 k =   0.0909090909  0.3849001795  0.0000000000
==== e(   1) =   -21.05804 eV ==== 
     psi = 0.294*[#   1]+0.294*[#   5]+0.099*[#   3]+0.099*[#   4]+0.099*[#   7]
          +0.099*[#   8]
    |psi|^2 = 0.982
==== e(   2) =   -13.83729 eV ==== 
     psi = 0.186*[#   3]+0.186*[#   4]+0.186*[#   7]+0.186*[#   8]+0.124*[#   1]
          +0.124*[#   5]
    |psi|^2 = 0.991
==== e(   3) =   -10.65436 eV ==== 
     psi = 0.240*[#   3]+0.240*[#   4]+0.240*[#   7]+0.240*[#   8]+0.017*[#   1]
          +0.017*[#   5]
    |psi|^2 = 0.995
==== e(   4) =    -8.70460 eV ==== 
     psi = 0.496*[#   2]+0.496*[#   6]
    |psi|^2 = 0.992
==== e(   5) =     0.55210 eV ==== 
     psi = 0.476*[#   2]+0.476*[#   6]
    |psi|^2 = 0.951
==== e(   6) =     2.79385 eV ==== 
     psi = 0.004*[#   3]+0.004*[#   4]+0.004*[#   7]+0.004*[#   8]
    |psi|^2 = 0.016
==== e(   7) =     3.72717 eV ==== 
     psi = 0.005*[#   2]+0.005*[#   6]
    |psi|^2 = 0.010
==== e(   8) =     4.37068 eV ==== 
     psi = 0.262*[#   1]+0.262*[#   5]+0.087*[#   3]+0.087*[#   4]+0.087*[#   7]
          +0.087*[#   8]
    |psi|^2 = 0.872

 k =   0.0909090909  0.4023956422  0.0000000000
==== e(   1) =   -20.82426 eV ==== 
     psi = 0.287*[#   1]+0.287*[#   5]+0.102*[#   3]+0.102*[#   4]+0.102*[#   7]
          +0.102*[#   8]
    |psi|^2 = 0.983
==== e(   2) =   -14.22182 eV ==== 
     psi = 0.183*[#   3]+0.183*[#   4]+0.183*[#   7]+0.183*[#   8]+0.129*[#   1]
          +0.129*[#   5]
    |psi|^2 = 0.991
==== e(   3) =   -10.76669 eV ==== 
     psi = 0.240*[#   3]+0.240*[#   4]+0.240*[#   7]+0.240*[#   8]+0.017*[#   1]
          +0.017*[#   5]
    |psi|^2 = 0.995
==== e(   4) =    -8.44919 eV ==== 
     psi = 0.497*[#   2]+0.497*[#   6]
    |psi|^2 = 0.993
==== e(   5) =     0.15359 eV ==== 
     psi = 0.476*[#   2]+0.476*[#   6]
    |psi|^2 = 0.952
==== e(   6) =     3.11936 eV ==== 
     psi = 0.003*[#   3]+0.003*[#   4]+0.003*[#   7]+0.003*[#   8]+0.002*[#   1]
          +0.002*[#   5]
    |psi|^2 = 0.014
==== e(   7) =     4.05362 eV ==== 
     psi = 0.004*[#   2]+0.004*[#   6]
    |psi|^2 = 0.008
==== e(   8) =     4.32510 eV ==== 
     psi = 0.273*[#   1]+0.273*[#   5]+0.083*[#   3]+0.083*[#   4]+0.083*[#   7]
          +0.083*[#   8]
    |psi|^2 = 0.879

 k =   0.0909090909  0.4198911049  0.0000000000
==== e(   1) =   -20.58151 eV ==== 
     psi = 0.281*[#   1]+0.281*[#   5]+0.105*[#   3]+0.105*[#   4]+0.105*[#   7]
          +0.105*[#   8]
    |psi|^2 = 0.983
==== e(   2) =   -14.60323 eV ==== 
     psi = 0.180*[#   3]+0.180*[#   4]+0.180*[#   7]+0.180*[#   8]+0.134*[#   1]
          +0.134*[#   5]
    |psi|^2 = 0.990
==== e(   3) =   -10.86902 eV ==== 
     psi = 0.240*[#   3]+0.240*[#   4]+0.240*[#   7]+0.240*[#   8]+0.017*[#   1]
          +0.017*[#   5]
    |psi|^2 = 0.995
==== e(   4) =    -8.18913 eV ==== 
     psi = 0.497*[#   2]+0.497*[#   6]
    |psi|^2 = 0.994
==== e(   5) =    -0.23921 eV ==== 
     psi = 0.476*[#   2]+0.476*[#   6]
    |psi|^2 = 0.953
==== e(   6) =     3.45650 eV ==== 
     psi = 0.004*[#   1]+0.004*[#   5]+0.001*[#   3]+0.001*[#   4]+0.001*[#   7]
          +0.001*[#   8]
    |psi|^2 = 0.014
==== e(   7) =     4.28367 eV ==== 
     psi = 0.279*[#   1]+0.279*[#   5]+0.080*[#   3]+0.080*[#   4]+0.080*[#   7]
          +0.080*[#   8]
    |psi|^2 = 0.879
==== e(   8) =     4.39372 eV ==== 
     psi = 0.003*[#   2]+0.003*[#   6]
    |psi|^2 = 0.007

 k =   0.0909090909  0.4373865676  0.0000000000
==== e(   1) =   -20.33021 eV ==== 
     psi = 0.276*[#   1]+0.276*[#   5]+0.108*[#   3]+0.108*[#   4]+0.108*[#   7]
          +0.108*[#   8]
    |psi|^2 = 0.984
==== e(   2) =   -14.98038 eV ==== 
     psi = 0.178*[#   3]+0.178*[#   4]+0.178*[#   7]+0.178*[#   8]+0.139*[#   1]
          +0.139*[#   5]
    |psi|^2 = 0.990
==== e(   3) =   -10.96114 eV ==== 
     psi = 0.240*[#   3]+0.240*[#   4]+0.240*[#   7]+0.240*[#   8]+0.017*[#   1]
          +0.017*[#   5]
    |psi|^2 = 0.995
==== e(   4) =    -7.92661 eV ==== 
     psi = 0.498*[#   2]+0.498*[#   6]
    |psi|^2 = 0.995
==== e(   5) =    -0.62312 eV ==== 
     psi = 0.477*[#   2]+0.477*[#   6]
    |psi|^2 = 0.953
==== e(   6) =     3.79883 eV ==== 
     psi = 0.017*[#   1]+0.017*[#   5]
    |psi|^2 = 0.038
==== e(   7) =     4.25384 eV ==== 
     psi = 0.275*[#   1]+0.275*[#   5]+0.076*[#   3]+0.076*[#   4]+0.076*[#   7]
          +0.076*[#   8]
    |psi|^2 = 0.855
==== e(   8) =     4.74700 eV ==== 
     psi = 0.003*[#   2]+0.003*[#   6]
    |psi|^2 = 0.006

 k =   0.0909090909  0.4548820303  0.0000000000
==== e(   1) =   -20.07094 eV ==== 
     psi = 0.272*[#   1]+0.272*[#   5]+0.110*[#   3]+0.110*[#   4]+0.110*[#   7]
          +0.110*[#   8]
    |psi|^2 = 0.984
==== e(   2) =   -15.35205 eV ==== 
     psi = 0.176*[#   3]+0.176*[#   4]+0.176*[#   7]+0.176*[#   8]+0.143*[#   1]
          +0.143*[#   5]
    |psi|^2 = 0.989
==== e(   3) =   -11.04285 eV ==== 
     psi = 0.240*[#   3]+0.240*[#   4]+0.240*[#   7]+0.240*[#   8]+0.017*[#   1]
          +0.017*[#   5]
    |psi|^2 = 0.995
==== e(   4) =    -7.66456 eV ==== 
     psi = 0.498*[#   2]+0.498*[#   6]
    |psi|^2 = 0.996
==== e(   5) =    -0.99430 eV ==== 
     psi = 0.477*[#   2]+0.477*[#   6]
    |psi|^2 = 0.954
==== e(   6) =     4.08137 eV ==== 
     psi = 0.157*[#   1]+0.157*[#   5]+0.025*[#   3]+0.025*[#   4]+0.025*[#   7]
          +0.025*[#   8]
    |psi|^2 = 0.414
==== e(   7) =     4.30122 eV ==== 
     psi = 0.143*[#   1]+0.143*[#   5]+0.048*[#   3]+0.048*[#   4]+0.048*[#   7]
          +0.048*[#   8]
    |psi|^2 = 0.479
==== e(   8) =     5.11294 eV ==== 
     psi = 0.003*[#   2]+0.003*[#   6]
    |psi|^2 = 0.006

 k =   0.0909090909  0.4723774930  0.0000000000
==== e(   1) =   -19.80454 eV ==== 
     psi = 0.268*[#   1]+0.268*[#   5]+0.112*[#   3]+0.112*[#   4]+0.112*[#   7]
          +0.112*[#   8]
    |psi|^2 = 0.985
==== e(   2) =   -15.71684 eV ==== 
     psi = 0.174*[#   3]+0.174*[#   4]+0.174*[#   7]+0.174*[#   8]+0.146*[#   1]
          +0.146*[#   5]
    |psi|^2 = 0.988
==== e(   3) =   -11.11399 eV ==== 
     psi = 0.240*[#   3]+0.240*[#   4]+0.240*[#   7]+0.240*[#   8]+0.017*[#   1]
          +0.017*[#   5]
    |psi|^2 = 0.995
==== e(   4) =    -7.40699 eV ==== 
     psi = 0.498*[#   2]+0.498*[#   6]
    |psi|^2 = 0.996
==== e(   5) =    -1.34796 eV ==== 
     psi = 0.477*[#   2]+0.477*[#   6]
    |psi|^2 = 0.954
==== e(   6) =     4.12441 eV ==== 
     psi = 0.289*[#   1]+0.289*[#   5]+0.059*[#   3]+0.059*[#   4]+0.059*[#   7]
          +0.059*[#   8]
    |psi|^2 = 0.814
==== e(   7) =     4.60583 eV ==== 
     psi = 0.016*[#   1]+0.016*[#   5]+0.011*[#   3]+0.011*[#   4]+0.011*[#   7]
          +0.011*[#   8]
    |psi|^2 = 0.078
==== e(   8) =     5.49086 eV ==== 
     psi = 0.003*[#   2]+0.003*[#   6]
    |psi|^2 = 0.005

 k =   0.0909090909  0.4898729557  0.0000000000
==== e(   1) =   -19.53245 eV ==== 
     psi = 0.266*[#   1]+0.266*[#   5]+0.114*[#   3]+0.114*[#   4]+0.114*[#   7]
          +0.114*[#   8]
    |psi|^2 = 0.986
==== e(   2) =   -16.07292 eV ==== 
     psi = 0.173*[#   3]+0.173*[#   4]+0.173*[#   7]+0.173*[#   8]+0.147*[#   1]
          +0.147*[#   5]
    |psi|^2 = 0.987
==== e(   3) =   -11.17441 eV ==== 
     psi = 0.240*[#   3]+0.240*[#   4]+0.240*[#   7]+0.240*[#   8]+0.017*[#   1]
          +0.017*[#   5]
    |psi|^2 = 0.995
==== e(   4) =    -7.15949 eV ==== 
     psi = 0.498*[#   2]+0.498*[#   6]
    |psi|^2 = 0.997
==== e(   5) =    -1.67789 eV ==== 
     psi = 0.477*[#   2]+0.477*[#   6]
    |psi|^2 = 0.955
==== e(   6) =     4.10658 eV ==== 
     psi = 0.307*[#   1]+0.307*[#   5]+0.062*[#   3]+0.062*[#   4]+0.062*[#   7]
          +0.062*[#   8]
    |psi|^2 = 0.860
==== e(   7) =     4.98917 eV ==== 
     psi = 0.005*[#   3]+0.005*[#   4]+0.005*[#   7]+0.005*[#   8]+0.004*[#   1]
          +0.004*[#   5]
    |psi|^2 = 0.031
==== e(   8) =     5.87982 eV ==== 
     psi = 0.003*[#   2]+0.003*[#   6]
    |psi|^2 = 0.006

 k =   0.0909090909  0.5073684184  0.0000000000
==== e(   1) =   -19.25715 eV ==== 
     psi = 0.265*[#   1]+0.265*[#   5]+0.114*[#   3]+0.114*[#   4]+0.114*[#   7]
          +0.114*[#   8]
    |psi|^2 = 0.987
==== e(   2) =   -16.41739 eV ==== 
     psi = 0.173*[#   3]+0.173*[#   4]+0.173*[#   7]+0.173*[#   8]+0.147*[#   1]
          +0.147*[#   5]
    |psi|^2 = 0.986
==== e(   3) =   -11.22400 eV ==== 
     psi = 0.240*[#   3]+0.240*[#   4]+0.240*[#   7]+0.240*[#   8]+0.017*[#   1]
          +0.017*[#   5]
    |psi|^2 = 0.995
==== e(   4) =    -6.92974 eV ==== 
     psi = 0.498*[#   2]+0.498*[#   6]
    |psi|^2 = 0.997
==== e(   5) =    -1.97583 eV ==== 
     psi = 0.478*[#   2]+0.478*[#   6]
    |psi|^2 = 0.955
==== e(   6) =     4.08578 eV ==== 
     psi = 0.314*[#   1]+0.314*[#   5]+0.061*[#   3]+0.061*[#   4]+0.061*[#   7]
          +0.061*[#   8]
    |psi|^2 = 0.872
==== e(   7) =     5.39326 eV ==== 
     psi = 0.003*[#   3]+0.003*[#   4]+0.003*[#   7]+0.003*[#   8]+0.002*[#   1]
          +0.002*[#   5]
    |psi|^2 = 0.018
==== e(   8) =     6.27838 eV ==== 
     psi = 0.003*[#   2]+0.003*[#   6]
    |psi|^2 = 0.006

 k =   0.0909090909  0.5248638811  0.0000000000
==== e(   1) =   -18.98373 eV ==== 
     psi = 0.268*[#   1]+0.268*[#   5]+0.113*[#   3]+0.113*[#   4]+0.113*[#   7]
          +0.113*[#   8]
    |psi|^2 = 0.988
==== e(   2) =   -16.74492 eV ==== 
     psi = 0.174*[#   3]+0.174*[#   4]+0.174*[#   7]+0.174*[#   8]+0.144*[#   1]
          +0.144*[#   5]
    |psi|^2 = 0.985
==== e(   3) =   -11.26266 eV ==== 
     psi = 0.240*[#   3]+0.240*[#   4]+0.240*[#   7]+0.240*[#   8]+0.017*[#   1]
          +0.017*[#   5]
    |psi|^2 = 0.995
==== e(   4) =    -6.72812 eV ==== 
     psi = 0.499*[#   2]+0.499*[#   6]
    |psi|^2 = 0.997
==== e(   5) =    -2.23095 eV ==== 
     psi = 0.478*[#   2]+0.478*[#   6]
    |psi|^2 = 0.956
==== e(   6) =     4.06804 eV ==== 
     psi = 0.318*[#   1]+0.318*[#   5]+0.060*[#   3]+0.060*[#   4]+0.060*[#   7]
          +0.060*[#   8]
    |psi|^2 = 0.877
==== e(   7) =     5.81173 eV ==== 
     psi = 0.002*[#   3]+0.002*[#   4]+0.002*[#   7]+0.002*[#   8]+0.002*[#   1]
          +0.002*[#   5]
    |psi|^2 = 0.013
==== e(   8) =     6.68406 eV ==== 
     psi = 0.003*[#   2]+0.003*[#   6]
    |psi|^2 = 0.007

 k =   0.0909090909  0.5423593438  0.0000000000
==== e(   1) =   -18.72397 eV ==== 
     psi = 0.276*[#   1]+0.276*[#   5]+0.109*[#   3]+0.109*[#   4]+0.109*[#   7]
          +0.109*[#   8]
    |psi|^2 = 0.990
==== e(   2) =   -17.04347 eV ==== 
     psi = 0.178*[#   3]+0.178*[#   4]+0.178*[#   7]+0.178*[#   8]+0.136*[#   1]
          +0.136*[#   5]
    |psi|^2 = 0.984
==== e(   3) =   -11.29033 eV ==== 
     psi = 0.240*[#   3]+0.240*[#   4]+0.240*[#   7]+0.240*[#   8]+0.017*[#   1]
          +0.017*[#   5]
    |psi|^2 = 0.995
==== e(   4) =    -6.56778 eV ==== 
     psi = 0.499*[#   2]+0.499*[#   6]
    |psi|^2 = 0.997
==== e(   5) =    -2.42976 eV ==== 
     psi = 0.478*[#   2]+0.478*[#   6]
    |psi|^2 = 0.956
==== e(   6) =     4.05485 eV ==== 
     psi = 0.321*[#   1]+0.321*[#   5]+0.059*[#   3]+0.059*[#   4]+0.059*[#   7]
          +0.059*[#   8]
    |psi|^2 = 0.879
==== e(   7) =     6.24228 eV ==== 
     psi = 0.002*[#   1]+0.002*[#   3]+0.002*[#   4]+0.002*[#   5]+0.002*[#   7]
          +0.002*[#   8]
    |psi|^2 = 0.011
==== e(   8) =     7.09157 eV ==== 
     psi = 0.004*[#   2]+0.004*[#   6]
    |psi|^2 = 0.008

 k =   0.0909090909  0.5598548065  0.0000000000
==== e(   1) =   -18.50938 eV ==== 
     psi = 0.292*[#   1]+0.292*[#   5]+0.102*[#   3]+0.102*[#   4]+0.102*[#   7]
          +0.102*[#   8]
    |psi|^2 = 0.992
==== e(   2) =   -17.28140 eV ==== 
     psi = 0.185*[#   3]+0.185*[#   4]+0.185*[#   7]+0.185*[#   8]+0.120*[#   1]
          +0.120*[#   5]
    |psi|^2 = 0.981
==== e(   3) =   -11.30695 eV ==== 
     psi = 0.240*[#   3]+0.240*[#   4]+0.240*[#   7]+0.240*[#   8]+0.017*[#   1]
          +0.017*[#   5]
    |psi|^2 = 0.995
==== e(   4) =    -6.46325 eV ==== 
     psi = 0.499*[#   2]+0.499*[#   6]
    |psi|^2 = 0.998
==== e(   5) =    -2.55746 eV ==== 
     psi = 0.478*[#   2]+0.478*[#   6]
    |psi|^2 = 0.956
==== e(   6) =     4.04678 eV ==== 
     psi = 0.322*[#   1]+0.322*[#   5]+0.059*[#   3]+0.059*[#   4]+0.059*[#   7]
          +0.059*[#   8]
    |psi|^2 = 0.880
==== e(   7) =     6.68186 eV ==== 
     psi = 0.003*[#   1]+0.003*[#   5]+0.001*[#   3]+0.001*[#   4]+0.001*[#   7]
          +0.001*[#   8]
    |psi|^2 = 0.011
==== e(   8) =     7.48326 eV ==== 
     psi = 0.006*[#   2]+0.006*[#   6]
    |psi|^2 = 0.011

 k =   0.0909090909  0.5773502692  0.0000000000
==== e(   1) =   -18.41618 eV ==== 
     psi = 0.304*[#   1]+0.304*[#   5]+0.097*[#   3]+0.097*[#   4]+0.097*[#   7]
          +0.097*[#   8]
    |psi|^2 = 0.993
==== e(   2) =   -17.38239 eV ==== 
     psi = 0.191*[#   3]+0.191*[#   4]+0.191*[#   7]+0.191*[#   8]+0.108*[#   1]
          +0.108*[#   5]
    |psi|^2 = 0.980
==== e(   3) =   -11.31249 eV ==== 
     psi = 0.240*[#   3]+0.240*[#   4]+0.240*[#   7]+0.240*[#   8]+0.017*[#   1]
          +0.017*[#   5]
    |psi|^2 = 0.995
==== e(   4) =    -6.42678 eV ==== 
     psi = 0.499*[#   2]+0.499*[#   6]
    |psi|^2 = 0.998
==== e(   5) =    -2.60168 eV ==== 
     psi = 0.478*[#   2]+0.478*[#   6]
    |psi|^2 = 0.956
==== e(   6) =     4.04406 eV ==== 
     psi = 0.323*[#   1]+0.323*[#   5]+0.059*[#   3]+0.059*[#   4]+0.059*[#   7]
          +0.059*[#   8]
    |psi|^2 = 0.881
==== e(   7) =     7.06118 eV ==== 
     psi = 0.006*[#   1]+0.006*[#   5]
    |psi|^2 = 0.015
==== e(   8) =     7.22283 eV ==== 
     psi = 0.002*[#   3]+0.002*[#   4]+0.002*[#   7]+0.002*[#   8]
    |psi|^2 = 0.010

 k =   0.1060606061  0.1837023584  0.0000000000
==== e(   1) =   -22.98573 eV ==== 
     psi = 0.390*[#   1]+0.390*[#   5]+0.051*[#   3]+0.051*[#   4]+0.051*[#   7]
          +0.051*[#   8]
    |psi|^2 = 0.983
==== e(   2) =   -10.92252 eV ==== 
     psi = 0.483*[#   2]+0.483*[#   6]
    |psi|^2 = 0.966
==== e(   3) =    -9.79169 eV ==== 
     psi = 0.222*[#   3]+0.222*[#   4]+0.222*[#   7]+0.222*[#   8]+0.055*[#   1]
          +0.055*[#   5]
    |psi|^2 = 0.998
==== e(   4) =    -8.88386 eV ==== 
     psi = 0.243*[#   3]+0.243*[#   4]+0.243*[#   7]+0.243*[#   8]+0.011*[#   1]
          +0.011*[#   5]
    |psi|^2 = 0.993
==== e(   5) =     0.13187 eV ==== 
     psi = 0.010*[#   3]+0.010*[#   4]+0.010*[#   7]+0.010*[#   8]
    |psi|^2 = 0.041
==== e(   6) =     1.04256 eV ==== 
     psi = 0.009*[#   2]+0.009*[#   6]
    |psi|^2 = 0.017
==== e(   7) =     2.84207 eV ==== 

    |psi|^2 = 0.004
==== e(   8) =     3.74024 eV ==== 
     psi = 0.004*[#   2]+0.004*[#   6]
    |psi|^2 = 0.009

 k =   0.1060606061  0.2011978211  0.0000000000
==== e(   1) =   -22.86770 eV ==== 
     psi = 0.380*[#   1]+0.380*[#   5]+0.056*[#   3]+0.056*[#   4]+0.056*[#   7]
          +0.056*[#   8]
    |psi|^2 = 0.982
==== e(   2) =   -10.78292 eV ==== 
     psi = 0.484*[#   2]+0.484*[#   6]
    |psi|^2 = 0.969
==== e(   3) =   -10.07711 eV ==== 
     psi = 0.219*[#   3]+0.219*[#   4]+0.219*[#   7]+0.219*[#   8]+0.061*[#   1]
          +0.061*[#   5]
    |psi|^2 = 0.997
==== e(   4) =    -9.08675 eV ==== 
     psi = 0.242*[#   3]+0.242*[#   4]+0.242*[#   7]+0.242*[#   8]+0.013*[#   1]
          +0.013*[#   5]
    |psi|^2 = 0.993
==== e(   5) =     0.29356 eV ==== 
     psi = 0.010*[#   3]+0.010*[#   4]+0.010*[#   7]+0.010*[#   8]
    |psi|^2 = 0.041
==== e(   6) =     1.20478 eV ==== 
     psi = 0.008*[#   2]+0.008*[#   6]
    |psi|^2 = 0.016
==== e(   7) =     3.00493 eV ==== 

    |psi|^2 = 0.004
==== e(   8) =     3.90010 eV ==== 
     psi = 0.004*[#   2]+0.004*[#   6]
    |psi|^2 = 0.009

 k =   0.1060606061  0.2186932838  0.0000000000
==== e(   1) =   -22.73913 eV ==== 
     psi = 0.370*[#   1]+0.370*[#   5]+0.060*[#   3]+0.060*[#   4]+0.060*[#   7]
          +0.060*[#   8]
    |psi|^2 = 0.982
==== e(   2) =   -10.63125 eV ==== 
     psi = 0.486*[#   2]+0.486*[#   6]
    |psi|^2 = 0.971
==== e(   3) =   -10.38077 eV ==== 
     psi = 0.216*[#   3]+0.216*[#   4]+0.216*[#   7]+0.216*[#   8]+0.067*[#   1]
          +0.067*[#   5]
    |psi|^2 = 0.997
==== e(   4) =    -9.28888 eV ==== 
     psi = 0.241*[#   3]+0.241*[#   4]+0.241*[#   7]+0.241*[#   8]+0.014*[#   1]
          +0.014*[#   5]
    |psi|^2 = 0.992
==== e(   5) =     0.46988 eV ==== 
     psi = 0.010*[#   3]+0.010*[#   4]+0.010*[#   7]+0.010*[#   8]
    |psi|^2 = 0.041
==== e(   6) =     1.38147 eV ==== 
     psi = 0.007*[#   2]+0.007*[#   6]
    |psi|^2 = 0.015
==== e(   7) =     3.18247 eV ==== 

    |psi|^2 = 0.004
==== e(   8) =     4.06138 eV ==== 
     psi = 0.116*[#   2]+0.116*[#   6]
    |psi|^2 = 0.233

 k =   0.1060606061  0.2361887465  0.0000000000
==== e(   1) =   -22.60009 eV ==== 
     psi = 0.361*[#   1]+0.361*[#   5]+0.065*[#   3]+0.065*[#   4]+0.065*[#   7]
          +0.065*[#   8]
    |psi|^2 = 0.982
==== e(   2) =   -10.70141 eV ==== 
     psi = 0.213*[#   3]+0.213*[#   4]+0.213*[#   7]+0.213*[#   8]+0.073*[#   1]
          +0.073*[#   5]
    |psi|^2 = 0.997
==== e(   3) =   -10.46770 eV ==== 
     psi = 0.487*[#   2]+0.487*[#   6]
    |psi|^2 = 0.974
==== e(   4) =    -9.48718 eV ==== 
     psi = 0.240*[#   3]+0.240*[#   4]+0.240*[#   7]+0.240*[#   8]+0.016*[#   1]
          +0.016*[#   5]
    |psi|^2 = 0.992
==== e(   5) =     0.66080 eV ==== 
     psi = 0.010*[#   3]+0.010*[#   4]+0.010*[#   7]+0.010*[#   8]
    |psi|^2 = 0.040
==== e(   6) =     1.57245 eV ==== 
     psi = 0.007*[#   2]+0.007*[#   6]
    |psi|^2 = 0.014
==== e(   7) =     3.37456 eV ==== 

    |psi|^2 = 0.004
==== e(   8) =     3.76256 eV ==== 
     psi = 0.481*[#   2]+0.481*[#   6]
    |psi|^2 = 0.962

 k =   0.1060606061  0.2536842092  0.0000000000
==== e(   1) =   -22.45064 eV ==== 
     psi = 0.351*[#   1]+0.351*[#   5]+0.070*[#   3]+0.070*[#   4]+0.070*[#   7]
          +0.070*[#   8]
    |psi|^2 = 0.982
==== e(   2) =   -11.03721 eV ==== 
     psi = 0.209*[#   3]+0.209*[#   4]+0.209*[#   7]+0.209*[#   8]+0.079*[#   1]
          +0.079*[#   5]
    |psi|^2 = 0.996
==== e(   3) =   -10.29250 eV ==== 
     psi = 0.488*[#   2]+0.488*[#   6]
    |psi|^2 = 0.977
==== e(   4) =    -9.67953 eV ==== 
     psi = 0.240*[#   3]+0.240*[#   4]+0.240*[#   7]+0.240*[#   8]+0.017*[#   1]
          +0.017*[#   5]
    |psi|^2 = 0.992
==== e(   5) =     0.86630 eV ==== 
     psi = 0.010*[#   3]+0.010*[#   4]+0.010*[#   7]+0.010*[#   8]
    |psi|^2 = 0.039
==== e(   6) =     1.77729 eV ==== 
     psi = 0.007*[#   2]+0.007*[#   6]
    |psi|^2 = 0.013
==== e(   7) =     3.41074 eV ==== 
     psi = 0.482*[#   2]+0.482*[#   6]
    |psi|^2 = 0.964
==== e(   8) =     3.58104 eV ==== 

    |psi|^2 = 0.004

 k =   0.1060606061  0.2711796719  0.0000000000
==== e(   1) =   -22.29085 eV ==== 
     psi = 0.342*[#   1]+0.342*[#   5]+0.074*[#   3]+0.074*[#   4]+0.074*[#   7]
          +0.074*[#   8]
    |psi|^2 = 0.982
==== e(   2) =   -11.38596 eV ==== 
     psi = 0.206*[#   3]+0.206*[#   4]+0.206*[#   7]+0.206*[#   8]+0.086*[#   1]
          +0.086*[#   5]
    |psi|^2 = 0.995
==== e(   3) =   -10.10592 eV ==== 
     psi = 0.490*[#   2]+0.490*[#   6]
    |psi|^2 = 0.979
==== e(   4) =    -9.86457 eV ==== 
     psi = 0.239*[#   3]+0.239*[#   4]+0.239*[#   7]+0.239*[#   8]+0.018*[#   1]
          +0.018*[#   5]
    |psi|^2 = 0.993
==== e(   5) =     1.08632 eV ==== 
     psi = 0.009*[#   3]+0.009*[#   4]+0.009*[#   7]+0.009*[#   8]
    |psi|^2 = 0.037
==== e(   6) =     1.99472 eV ==== 
     psi = 0.007*[#   2]+0.007*[#   6]
    |psi|^2 = 0.015
==== e(   7) =     3.04897 eV ==== 
     psi = 0.480*[#   2]+0.480*[#   6]
    |psi|^2 = 0.960
==== e(   8) =     3.80156 eV ==== 
     psi = 0.001*[#   1]+0.001*[#   5]
    |psi|^2 = 0.004

 k =   0.1060606061  0.2886751346  0.0000000000
==== e(   1) =   -22.12082 eV ==== 
     psi = 0.333*[#   1]+0.333*[#   5]+0.079*[#   3]+0.079*[#   4]+0.079*[#   7]
          +0.079*[#   8]
    |psi|^2 = 0.982
==== e(   2) =   -11.74536 eV ==== 
     psi = 0.203*[#   3]+0.203*[#   4]+0.203*[#   7]+0.203*[#   8]+0.092*[#   1]
          +0.092*[#   5]
    |psi|^2 = 0.995
==== e(   3) =   -10.04143 eV ==== 
     psi = 0.239*[#   3]+0.239*[#   4]+0.239*[#   7]+0.239*[#   8]+0.019*[#   1]
          +0.019*[#   5]
    |psi|^2 = 0.993
==== e(   4) =    -9.90829 eV ==== 
     psi = 0.491*[#   2]+0.491*[#   6]
    |psi|^2 = 0.982
==== e(   5) =     1.32083 eV ==== 
     psi = 0.009*[#   3]+0.009*[#   4]+0.009*[#   7]+0.009*[#   8]
    |psi|^2 = 0.035
==== e(   6) =     2.21693 eV ==== 
     psi = 0.022*[#   2]+0.022*[#   6]
    |psi|^2 = 0.043
==== e(   7) =     2.68707 eV ==== 
     psi = 0.465*[#   2]+0.465*[#   6]
    |psi|^2 = 0.930
==== e(   8) =     4.03536 eV ==== 
     psi = 0.003*[#   1]+0.003*[#   5]
    |psi|^2 = 0.007

 k =   0.1060606061  0.3061705973  0.0000000000
==== e(   1) =   -21.94062 eV ==== 
     psi = 0.325*[#   1]+0.325*[#   5]+0.083*[#   3]+0.083*[#   4]+0.083*[#   7]
          +0.083*[#   8]
    |psi|^2 = 0.982
==== e(   2) =   -12.11311 eV ==== 
     psi = 0.199*[#   3]+0.199*[#   4]+0.199*[#   7]+0.199*[#   8]+0.098*[#   1]
          +0.098*[#   5]
    |psi|^2 = 0.994
==== e(   3) =   -10.20952 eV ==== 
     psi = 0.239*[#   3]+0.239*[#   4]+0.239*[#   7]+0.239*[#   8]+0.019*[#   1]
          +0.019*[#   5]
    |psi|^2 = 0.993
==== e(   4) =    -9.69998 eV ==== 
     psi = 0.492*[#   2]+0.492*[#   6]
    |psi|^2 = 0.984
==== e(   5) =     1.56976 eV ==== 
     psi = 0.008*[#   3]+0.008*[#   4]+0.008*[#   7]+0.008*[#   8]
    |psi|^2 = 0.032
==== e(   6) =     2.23958 eV ==== 
     psi = 0.402*[#   2]+0.402*[#   6]
    |psi|^2 = 0.803
==== e(   7) =     2.53105 eV ==== 
     psi = 0.084*[#   2]+0.084*[#   6]
    |psi|^2 = 0.168
==== e(   8) =     4.28019 eV ==== 
     psi = 0.007*[#   1]+0.007*[#   5]+0.001*[#   3]+0.001*[#   4]+0.001*[#   7]
          +0.001*[#   8]
    |psi|^2 = 0.018

 k =   0.1060606061  0.3236660600  0.0000000000
==== e(   1) =   -21.75038 eV ==== 
     psi = 0.317*[#   1]+0.317*[#   5]+0.087*[#   3]+0.087*[#   4]+0.087*[#   7]
          +0.087*[#   8]
    |psi|^2 = 0.982
==== e(   2) =   -12.48706 eV ==== 
     psi = 0.196*[#   3]+0.196*[#   4]+0.196*[#   7]+0.196*[#   8]+0.104*[#   1]
          +0.104*[#   5]
    |psi|^2 = 0.994
==== e(   3) =   -10.36845 eV ==== 
     psi = 0.238*[#   3]+0.238*[#   4]+0.238*[#   7]+0.238*[#   8]+0.020*[#   1]
          +0.020*[#   5]
    |psi|^2 = 0.993
==== e(   4) =    -9.48145 eV ==== 
     psi = 0.493*[#   2]+0.493*[#   6]
    |psi|^2 = 0.986
==== e(   5) =     1.83306 eV ==== 
     psi = 0.007*[#   3]+0.007*[#   4]+0.007*[#   7]+0.007*[#   8]
    |psi|^2 = 0.029
==== e(   6) =     1.87967 eV ==== 
     psi = 0.470*[#   2]+0.470*[#   6]
    |psi|^2 = 0.940
==== e(   7) =     2.76562 eV ==== 
     psi = 0.015*[#   2]+0.015*[#   6]
    |psi|^2 = 0.029
==== e(   8) =     4.52599 eV ==== 
     psi = 0.025*[#   1]+0.025*[#   5]+0.007*[#   3]+0.007*[#   4]+0.007*[#   7]
          +0.007*[#   8]
    |psi|^2 = 0.080

 k =   0.1060606061  0.3411615227  0.0000000000
==== e(   1) =   -21.55022 eV ==== 
     psi = 0.309*[#   1]+0.309*[#   5]+0.091*[#   3]+0.091*[#   4]+0.091*[#   7]
          +0.091*[#   8]
    |psi|^2 = 0.982
==== e(   2) =   -12.86526 eV ==== 
     psi = 0.193*[#   3]+0.193*[#   4]+0.193*[#   7]+0.193*[#   8]+0.110*[#   1]
          +0.110*[#   5]
    |psi|^2 = 0.993
==== e(   3) =   -10.51791 eV ==== 
     psi = 0.238*[#   3]+0.238*[#   4]+0.238*[#   7]+0.238*[#   8]+0.020*[#   1]
          +0.020*[#   5]
    |psi|^2 = 0.994
==== e(   4) =    -9.25327 eV ==== 
     psi = 0.494*[#   2]+0.494*[#   6]
    |psi|^2 = 0.988
==== e(   5) =     1.49099 eV ==== 
     psi = 0.475*[#   2]+0.475*[#   6]
    |psi|^2 = 0.951
==== e(   6) =     2.11062 eV ==== 
     psi = 0.006*[#   3]+0.006*[#   4]+0.006*[#   7]+0.006*[#   8]
    |psi|^2 = 0.025
==== e(   7) =     3.03867 eV ==== 
     psi = 0.008*[#   2]+0.008*[#   6]
    |psi|^2 = 0.016
==== e(   8) =     4.69976 eV ==== 
     psi = 0.142*[#   1]+0.142*[#   5]+0.056*[#   3]+0.056*[#   4]+0.056*[#   7]
          +0.056*[#   8]
    |psi|^2 = 0.508

 k =   0.1060606061  0.3586569854  0.0000000000
==== e(   1) =   -21.34029 eV ==== 
     psi = 0.302*[#   1]+0.302*[#   5]+0.094*[#   3]+0.094*[#   4]+0.094*[#   7]
          +0.094*[#   8]
    |psi|^2 = 0.982
==== e(   2) =   -13.24594 eV ==== 
     psi = 0.190*[#   3]+0.190*[#   4]+0.190*[#   7]+0.190*[#   8]+0.116*[#   1]
          +0.116*[#   5]
    |psi|^2 = 0.992
==== e(   3) =   -10.65765 eV ==== 
     psi = 0.238*[#   3]+0.238*[#   4]+0.238*[#   7]+0.238*[#   8]+0.021*[#   1]
          +0.021*[#   5]
    |psi|^2 = 0.994
==== e(   4) =    -9.01613 eV ==== 
     psi = 0.495*[#   2]+0.495*[#   6]
    |psi|^2 = 0.990
==== e(   5) =     1.09673 eV ==== 
     psi = 0.477*[#   2]+0.477*[#   6]
    |psi|^2 = 0.954
==== e(   6) =     2.40233 eV ==== 
     psi = 0.005*[#   3]+0.005*[#   4]+0.005*[#   7]+0.005*[#   8]
    |psi|^2 = 0.022
==== e(   7) =     3.32876 eV ==== 
     psi = 0.006*[#   2]+0.006*[#   6]
    |psi|^2 = 0.012
==== e(   8) =     4.70817 eV ==== 
     psi = 0.224*[#   1]+0.224*[#   5]+0.088*[#   3]+0.088*[#   4]+0.088*[#   7]
          +0.088*[#   8]
    |psi|^2 = 0.801

 k =   0.1060606061  0.3761524481  0.0000000000
==== e(   1) =   -21.12077 eV ==== 
     psi = 0.295*[#   1]+0.295*[#   5]+0.098*[#   3]+0.098*[#   4]+0.098*[#   7]
          +0.098*[#   8]
    |psi|^2 = 0.982
==== e(   2) =   -13.62752 eV ==== 
     psi = 0.187*[#   3]+0.187*[#   4]+0.187*[#   7]+0.187*[#   8]+0.122*[#   1]
          +0.122*[#   5]
    |psi|^2 = 0.992
==== e(   3) =   -10.78745 eV ==== 
     psi = 0.238*[#   3]+0.238*[#   4]+0.238*[#   7]+0.238*[#   8]+0.021*[#   1]
          +0.021*[#   5]
    |psi|^2 = 0.994
==== e(   4) =    -8.77089 eV ==== 
     psi = 0.496*[#   2]+0.496*[#   6]
    |psi|^2 = 0.992
==== e(   5) =     0.70097 eV ==== 
     psi = 0.477*[#   2]+0.477*[#   6]
    |psi|^2 = 0.955
==== e(   6) =     2.70802 eV ==== 
     psi = 0.004*[#   3]+0.004*[#   4]+0.004*[#   7]+0.004*[#   8]
    |psi|^2 = 0.018
==== e(   7) =     3.63360 eV ==== 
     psi = 0.005*[#   2]+0.005*[#   6]
    |psi|^2 = 0.009
==== e(   8) =     4.67121 eV ==== 
     psi = 0.246*[#   1]+0.246*[#   5]+0.090*[#   3]+0.090*[#   4]+0.090*[#   7]
          +0.090*[#   8]
    |psi|^2 = 0.851

 k =   0.1060606061  0.3936479108  0.0000000000
==== e(   1) =   -20.89188 eV ==== 
     psi = 0.289*[#   1]+0.289*[#   5]+0.101*[#   3]+0.101*[#   4]+0.101*[#   7]
          +0.101*[#   8]
    |psi|^2 = 0.983
==== e(   2) =   -14.00854 eV ==== 
     psi = 0.184*[#   3]+0.184*[#   4]+0.184*[#   7]+0.184*[#   8]+0.127*[#   1]
          +0.127*[#   5]
    |psi|^2 = 0.991
==== e(   3) =   -10.90711 eV ==== 
     psi = 0.238*[#   3]+0.238*[#   4]+0.238*[#   7]+0.238*[#   8]+0.021*[#   1]
          +0.021*[#   5]
    |psi|^2 = 0.994
==== e(   4) =    -8.51865 eV ==== 
     psi = 0.496*[#   2]+0.496*[#   6]
    |psi|^2 = 0.993
==== e(   5) =     0.30643 eV ==== 
     psi = 0.478*[#   2]+0.478*[#   6]
    |psi|^2 = 0.956
==== e(   6) =     3.02739 eV ==== 
     psi = 0.003*[#   3]+0.003*[#   4]+0.003*[#   7]+0.003*[#   8]
    |psi|^2 = 0.015
==== e(   7) =     3.95244 eV ==== 
     psi = 0.004*[#   2]+0.004*[#   6]
    |psi|^2 = 0.008
==== e(   8) =     4.62744 eV ==== 
     psi = 0.260*[#   1]+0.260*[#   5]+0.087*[#   3]+0.087*[#   4]+0.087*[#   7]
          +0.087*[#   8]
    |psi|^2 = 0.867

 k =   0.1060606061  0.4111433735  0.0000000000
==== e(   1) =   -20.65388 eV ==== 
     psi = 0.283*[#   1]+0.283*[#   5]+0.104*[#   3]+0.104*[#   4]+0.104*[#   7]
          +0.104*[#   8]
    |psi|^2 = 0.983
==== e(   2) =   -14.38769 eV ==== 
     psi = 0.182*[#   3]+0.182*[#   4]+0.182*[#   7]+0.182*[#   8]+0.132*[#   1]
          +0.132*[#   5]
    |psi|^2 = 0.991
==== e(   3) =   -11.01646 eV ==== 
     psi = 0.238*[#   3]+0.238*[#   4]+0.238*[#   7]+0.238*[#   8]+0.021*[#   1]
          +0.021*[#   5]
    |psi|^2 = 0.994
==== e(   4) =    -8.26083 eV ==== 
     psi = 0.497*[#   2]+0.497*[#   6]
    |psi|^2 = 0.994
==== e(   5) =    -0.08428 eV ==== 
     psi = 0.478*[#   2]+0.478*[#   6]
    |psi|^2 = 0.956
==== e(   6) =     3.35990 eV ==== 
     psi = 0.002*[#   3]+0.002*[#   4]+0.002*[#   7]+0.002*[#   8]+0.001*[#   1]
          +0.001*[#   5]
    |psi|^2 = 0.013
==== e(   7) =     4.28478 eV ==== 
     psi = 0.003*[#   2]+0.003*[#   6]
    |psi|^2 = 0.007
==== e(   8) =     4.58394 eV ==== 
     psi = 0.270*[#   1]+0.270*[#   5]+0.084*[#   3]+0.084*[#   4]+0.084*[#   7]
          +0.084*[#   8]
    |psi|^2 = 0.873

 k =   0.1060606061  0.4286388362  0.0000000000
==== e(   1) =   -20.40715 eV ==== 
     psi = 0.277*[#   1]+0.277*[#   5]+0.107*[#   3]+0.107*[#   4]+0.107*[#   7]
          +0.107*[#   8]
    |psi|^2 = 0.984
==== e(   2) =   -14.76370 eV ==== 
     psi = 0.179*[#   3]+0.179*[#   4]+0.179*[#   7]+0.179*[#   8]+0.137*[#   1]
          +0.137*[#   5]
    |psi|^2 = 0.990
==== e(   3) =   -11.11532 eV ==== 
     psi = 0.238*[#   3]+0.238*[#   4]+0.238*[#   7]+0.238*[#   8]+0.022*[#   1]
          +0.022*[#   5]
    |psi|^2 = 0.994
==== e(   4) =    -7.99927 eV ==== 
     psi = 0.497*[#   2]+0.497*[#   6]
    |psi|^2 = 0.995
==== e(   5) =    -0.46828 eV ==== 
     psi = 0.478*[#   2]+0.478*[#   6]
    |psi|^2 = 0.956
==== e(   6) =     3.70412 eV ==== 
     psi = 0.004*[#   1]+0.004*[#   5]+0.001*[#   3]+0.001*[#   4]+0.001*[#   7]
          +0.001*[#   8]
    |psi|^2 = 0.014
==== e(   7) =     4.54436 eV ==== 
     psi = 0.276*[#   1]+0.276*[#   5]+0.080*[#   3]+0.080*[#   4]+0.080*[#   7]
          +0.080*[#   8]
    |psi|^2 = 0.873
==== e(   8) =     4.63014 eV ==== 
     psi = 0.003*[#   2]+0.003*[#   6]
    |psi|^2 = 0.006

 k =   0.1060606061  0.4461342989  0.0000000000
==== e(   1) =   -20.15216 eV ==== 
     psi = 0.272*[#   1]+0.272*[#   5]+0.110*[#   3]+0.110*[#   4]+0.110*[#   7]
          +0.110*[#   8]
    |psi|^2 = 0.984
==== e(   2) =   -15.13533 eV ==== 
     psi = 0.177*[#   3]+0.177*[#   4]+0.177*[#   7]+0.177*[#   8]+0.141*[#   1]
          +0.141*[#   5]
    |psi|^2 = 0.990
==== e(   3) =   -11.20356 eV ==== 
     psi = 0.238*[#   3]+0.238*[#   4]+0.238*[#   7]+0.238*[#   8]+0.022*[#   1]
          +0.022*[#   5]
    |psi|^2 = 0.994
==== e(   4) =    -7.73647 eV ==== 
     psi = 0.498*[#   2]+0.498*[#   6]
    |psi|^2 = 0.996
==== e(   5) =    -0.84218 eV ==== 
     psi = 0.478*[#   2]+0.478*[#   6]
    |psi|^2 = 0.957
==== e(   6) =     4.05410 eV ==== 
     psi = 0.016*[#   1]+0.016*[#   5]+0.001*[#   3]+0.001*[#   4]+0.001*[#   7]
          +0.001*[#   8]
    |psi|^2 = 0.037
==== e(   7) =     4.51570 eV ==== 
     psi = 0.272*[#   1]+0.272*[#   5]+0.076*[#   3]+0.076*[#   4]+0.076*[#   7]
          +0.076*[#   8]
    |psi|^2 = 0.850
==== e(   8) =     4.98798 eV ==== 
     psi = 0.003*[#   2]+0.003*[#   6]
    |psi|^2 = 0.005

 k =   0.1060606061  0.4636297616  0.0000000000
==== e(   1) =   -19.88963 eV ==== 
     psi = 0.268*[#   1]+0.268*[#   5]+0.112*[#   3]+0.112*[#   4]+0.112*[#   7]
          +0.112*[#   8]
    |psi|^2 = 0.985
==== e(   2) =   -15.50121 eV ==== 
     psi = 0.175*[#   3]+0.175*[#   4]+0.175*[#   7]+0.175*[#   8]+0.144*[#   1]
          +0.144*[#   5]
    |psi|^2 = 0.989
==== e(   3) =   -11.28105 eV ==== 
     psi = 0.238*[#   3]+0.238*[#   4]+0.238*[#   7]+0.238*[#   8]+0.022*[#   1]
          +0.022*[#   5]
    |psi|^2 = 0.994
==== e(   4) =    -7.47582 eV ==== 
     psi = 0.498*[#   2]+0.498*[#   6]
    |psi|^2 = 0.996
==== e(   5) =    -1.20179 eV ==== 
     psi = 0.479*[#   2]+0.479*[#   6]
    |psi|^2 = 0.957
==== e(   6) =     4.34766 eV ==== 
     psi = 0.151*[#   1]+0.151*[#   5]+0.026*[#   3]+0.026*[#   4]+0.026*[#   7]
          +0.026*[#   8]
    |psi|^2 = 0.405
==== e(   7) =     4.56076 eV ==== 
     psi = 0.144*[#   1]+0.144*[#   5]+0.048*[#   3]+0.048*[#   4]+0.048*[#   7]
          +0.048*[#   8]
    |psi|^2 = 0.481
==== e(   8) =     5.35756 eV ==== 
     psi = 0.003*[#   2]+0.003*[#   6]
    |psi|^2 = 0.005

 k =   0.1060606061  0.4811252243  0.0000000000
==== e(   1) =   -19.62065 eV ==== 
     psi = 0.265*[#   1]+0.265*[#   5]+0.114*[#   3]+0.114*[#   4]+0.114*[#   7]
          +0.114*[#   8]
    |psi|^2 = 0.986
==== e(   2) =   -15.85972 eV ==== 
     psi = 0.174*[#   3]+0.174*[#   4]+0.174*[#   7]+0.174*[#   8]+0.147*[#   1]
          +0.147*[#   5]
    |psi|^2 = 0.988
==== e(   3) =   -11.34768 eV ==== 
     psi = 0.238*[#   3]+0.238*[#   4]+0.238*[#   7]+0.238*[#   8]+0.022*[#   1]
          +0.022*[#   5]
    |psi|^2 = 0.994
==== e(   4) =    -7.22199 eV ==== 
     psi = 0.498*[#   2]+0.498*[#   6]
    |psi|^2 = 0.996
==== e(   5) =    -1.54174 eV ==== 
     psi = 0.479*[#   2]+0.479*[#   6]
    |psi|^2 = 0.957
==== e(   6) =     4.39449 eV ==== 
     psi = 0.286*[#   1]+0.286*[#   5]+0.060*[#   3]+0.060*[#   4]+0.060*[#   7]
          +0.060*[#   8]
    |psi|^2 = 0.814
==== e(   7) =     4.87013 eV ==== 
     psi = 0.015*[#   1]+0.015*[#   5]+0.010*[#   3]+0.010*[#   4]+0.010*[#   7]
          +0.010*[#   8]
    |psi|^2 = 0.071
==== e(   8) =     5.73786 eV ==== 
     psi = 0.003*[#   2]+0.003*[#   6]
    |psi|^2 = 0.005

 k =   0.1060606061  0.4986206870  0.0000000000
==== e(   1) =   -19.34707 eV ==== 
     psi = 0.264*[#   1]+0.264*[#   5]+0.115*[#   3]+0.115*[#   4]+0.115*[#   7]
          +0.115*[#   8]
    |psi|^2 = 0.987
==== e(   2) =   -16.20854 eV ==== 
     psi = 0.173*[#   3]+0.173*[#   4]+0.173*[#   7]+0.173*[#   8]+0.148*[#   1]
          +0.148*[#   5]
    |psi|^2 = 0.987
==== e(   3) =   -11.40334 eV ==== 
     psi = 0.238*[#   3]+0.238*[#   4]+0.238*[#   7]+0.238*[#   8]+0.022*[#   1]
          +0.022*[#   5]
    |psi|^2 = 0.994
==== e(   4) =    -6.98150 eV ==== 
     psi = 0.498*[#   2]+0.498*[#   6]
    |psi|^2 = 0.997
==== e(   5) =    -1.85491 eV ==== 
     psi = 0.479*[#   2]+0.479*[#   6]
    |psi|^2 = 0.958
==== e(   6) =     4.37866 eV ==== 
     psi = 0.302*[#   1]+0.302*[#   5]+0.063*[#   3]+0.063*[#   4]+0.063*[#   7]
          +0.063*[#   8]
    |psi|^2 = 0.858
==== e(   7) =     5.25980 eV ==== 
     psi = 0.005*[#   3]+0.005*[#   4]+0.005*[#   7]+0.005*[#   8]+0.004*[#   1]
          +0.004*[#   5]
    |psi|^2 = 0.027
==== e(   8) =     6.12733 eV ==== 
     psi = 0.003*[#   2]+0.003*[#   6]
    |psi|^2 = 0.006

 k =   0.1060606061  0.5161161497  0.0000000000
==== e(   1) =   -19.07242 eV ==== 
     psi = 0.264*[#   1]+0.264*[#   5]+0.115*[#   3]+0.115*[#   4]+0.115*[#   7]
          +0.115*[#   8]
    |psi|^2 = 0.988
==== e(   2) =   -16.54380 eV ==== 
     psi = 0.173*[#   3]+0.173*[#   4]+0.173*[#   7]+0.173*[#   8]+0.147*[#   1]
          +0.147*[#   5]
    |psi|^2 = 0.986
==== e(   3) =   -11.44797 eV ==== 
     psi = 0.238*[#   3]+0.238*[#   4]+0.238*[#   7]+0.238*[#   8]+0.022*[#   1]
          +0.022*[#   5]
    |psi|^2 = 0.994
==== e(   4) =    -6.76334 eV ==== 
     psi = 0.499*[#   2]+0.499*[#   6]
    |psi|^2 = 0.997
==== e(   5) =    -2.13183 eV ==== 
     psi = 0.479*[#   2]+0.479*[#   6]
    |psi|^2 = 0.958
==== e(   6) =     4.36020 eV ==== 
     psi = 0.309*[#   1]+0.309*[#   5]+0.063*[#   3]+0.063*[#   4]+0.063*[#   7]
          +0.063*[#   8]
    |psi|^2 = 0.868
==== e(   7) =     5.66952 eV ==== 
     psi = 0.003*[#   3]+0.003*[#   4]+0.003*[#   7]+0.003*[#   8]+0.002*[#   1]
          +0.002*[#   5]
    |psi|^2 = 0.016
==== e(   8) =     6.52345 eV ==== 
     psi = 0.003*[#   2]+0.003*[#   6]
    |psi|^2 = 0.006

 k =   0.1060606061  0.5336116124  0.0000000000
==== e(   1) =   -18.80428 eV ==== 
     psi = 0.269*[#   1]+0.269*[#   5]+0.113*[#   3]+0.113*[#   4]+0.113*[#   7]
          +0.113*[#   8]
    |psi|^2 = 0.989
==== e(   2) =   -16.85764 eV ==== 
     psi = 0.175*[#   3]+0.175*[#   4]+0.175*[#   7]+0.175*[#   8]+0.142*[#   1]
          +0.142*[#   5]
    |psi|^2 = 0.985
==== e(   3) =   -11.48149 eV ==== 
     psi = 0.238*[#   3]+0.238*[#   4]+0.238*[#   7]+0.238*[#   8]+0.022*[#   1]
          +0.022*[#   5]
    |psi|^2 = 0.994
==== e(   4) =    -6.57939 eV ==== 
     psi = 0.499*[#   2]+0.499*[#   6]
    |psi|^2 = 0.997
==== e(   5) =    -2.36019 eV ==== 
     psi = 0.479*[#   2]+0.479*[#   6]
    |psi|^2 = 0.958
==== e(   6) =     4.34499 eV ==== 
     psi = 0.312*[#   1]+0.312*[#   5]+0.062*[#   3]+0.062*[#   4]+0.062*[#   7]
          +0.062*[#   8]
    |psi|^2 = 0.873
==== e(   7) =     6.09286 eV ==== 
     psi = 0.002*[#   3]+0.002*[#   4]+0.002*[#   7]+0.002*[#   8]+0.002*[#   1]
          +0.002*[#   5]
    |psi|^2 = 0.012
==== e(   8) =     6.92128 eV ==== 
     psi = 0.004*[#   2]+0.004*[#   6]
    |psi|^2 = 0.008

 k =   0.1060606061  0.5511070751  0.0000000000
==== e(   1) =   -18.56168 eV ==== 
     psi = 0.281*[#   1]+0.281*[#   5]+0.107*[#   3]+0.107*[#   4]+0.107*[#   7]
          +0.107*[#   8]
    |psi|^2 = 0.991
==== e(   2) =   -17.13082 eV ==== 
     psi = 0.181*[#   3]+0.181*[#   4]+0.181*[#   7]+0.181*[#   8]+0.130*[#   1]
          +0.130*[#   5]
    |psi|^2 = 0.983
==== e(   3) =   -11.50387 eV ==== 
     psi = 0.238*[#   3]+0.238*[#   4]+0.238*[#   7]+0.238*[#   8]+0.022*[#   1]
          +0.022*[#   5]
    |psi|^2 = 0.994
==== e(   4) =    -6.44406 eV ==== 
     psi = 0.499*[#   2]+0.499*[#   6]
    |psi|^2 = 0.998
==== e(   5) =    -2.52530 eV ==== 
     psi = 0.479*[#   2]+0.479*[#   6]
    |psi|^2 = 0.958
==== e(   6) =     4.33444 eV ==== 
     psi = 0.315*[#   1]+0.315*[#   5]+0.061*[#   3]+0.061*[#   4]+0.061*[#   7]
          +0.061*[#   8]
    |psi|^2 = 0.875
==== e(   7) =     6.52697 eV ==== 
     psi = 0.002*[#   1]+0.002*[#   5]+0.002*[#   3]+0.002*[#   4]+0.002*[#   7]
          +0.002*[#   8]
    |psi|^2 = 0.011
==== e(   8) =     7.30829 eV ==== 
     psi = 0.005*[#   2]+0.005*[#   6]
    |psi|^2 = 0.010

 k =   0.1060606061  0.5686025378  0.0000000000
==== e(   1) =   -18.39581 eV ==== 
     psi = 0.297*[#   1]+0.297*[#   5]+0.100*[#   3]+0.100*[#   4]+0.100*[#   7]
          +0.100*[#   8]
    |psi|^2 = 0.993
==== e(   2) =   -17.31201 eV ==== 
     psi = 0.189*[#   3]+0.189*[#   4]+0.189*[#   7]+0.189*[#   8]+0.113*[#   1]
          +0.113*[#   5]
    |psi|^2 = 0.981
==== e(   3) =   -11.51507 eV ==== 
     psi = 0.238*[#   3]+0.238*[#   4]+0.238*[#   7]+0.238*[#   8]+0.022*[#   1]
          +0.022*[#   5]
    |psi|^2 = 0.994
==== e(   4) =    -6.37168 eV ==== 
     psi = 0.499*[#   2]+0.499*[#   6]
    |psi|^2 = 0.998
==== e(   5) =    -2.61262 eV ==== 
     psi = 0.479*[#   2]+0.479*[#   6]
    |psi|^2 = 0.958
==== e(   6) =     4.32907 eV ==== 
     psi = 0.316*[#   1]+0.316*[#   5]+0.061*[#   3]+0.061*[#   4]+0.061*[#   7]
          +0.061*[#   8]
    |psi|^2 = 0.875
==== e(   7) =     6.96376 eV ==== 
     psi = 0.004*[#   1]+0.004*[#   5]+0.001*[#   3]+0.001*[#   4]+0.001*[#   7]
          +0.001*[#   8]
    |psi|^2 = 0.014
==== e(   8) =     7.44807 eV ==== 
     psi = 0.003*[#   1]+0.003*[#   5]+0.002*[#   3]+0.002*[#   4]+0.002*[#   7]
          +0.002*[#   8]
    |psi|^2 = 0.014

 k =   0.1212121212  0.2099455524  0.0000000000
==== e(   1) =   -22.74449 eV ==== 
     psi = 0.371*[#   1]+0.371*[#   5]+0.060*[#   3]+0.060*[#   4]+0.060*[#   7]
          +0.060*[#   8]
    |psi|^2 = 0.982
==== e(   2) =   -10.63752 eV ==== 
     psi = 0.486*[#   2]+0.486*[#   6]
    |psi|^2 = 0.971
==== e(   3) =   -10.35019 eV ==== 
     psi = 0.216*[#   3]+0.216*[#   4]+0.216*[#   7]+0.216*[#   8]+0.066*[#   1]
          +0.066*[#   5]
    |psi|^2 = 0.997
==== e(   4) =    -9.30313 eV ==== 
     psi = 0.240*[#   3]+0.240*[#   4]+0.240*[#   7]+0.240*[#   8]+0.015*[#   1]
          +0.015*[#   5]
    |psi|^2 = 0.992
==== e(   5) =     0.46257 eV ==== 
     psi = 0.010*[#   3]+0.010*[#   4]+0.010*[#   7]+0.010*[#   8]
    |psi|^2 = 0.041
==== e(   6) =     1.37421 eV ==== 
     psi = 0.007*[#   2]+0.007*[#   6]
    |psi|^2 = 0.015
==== e(   7) =     3.17529 eV ==== 

    |psi|^2 = 0.004
==== e(   8) =     4.06730 eV ==== 
     psi = 0.004*[#   2]+0.004*[#   6]
    |psi|^2 = 0.008

 k =   0.1212121212  0.2274410151  0.0000000000
==== e(   1) =   -22.61079 eV ==== 
     psi = 0.361*[#   1]+0.361*[#   5]+0.065*[#   3]+0.065*[#   4]+0.065*[#   7]
          +0.065*[#   8]
    |psi|^2 = 0.982
==== e(   2) =   -10.64035 eV ==== 
     psi = 0.213*[#   3]+0.213*[#   4]+0.213*[#   7]+0.213*[#   8]+0.072*[#   1]
          +0.072*[#   5]
    |psi|^2 = 0.997
==== e(   3) =   -10.48017 eV ==== 
     psi = 0.487*[#   2]+0.487*[#   6]
    |psi|^2 = 0.974
==== e(   4) =    -9.51848 eV ==== 
     psi = 0.239*[#   3]+0.239*[#   4]+0.239*[#   7]+0.239*[#   8]+0.017*[#   1]
          +0.017*[#   5]
    |psi|^2 = 0.992
==== e(   5) =     0.64620 eV ==== 
     psi = 0.010*[#   3]+0.010*[#   4]+0.010*[#   7]+0.010*[#   8]
    |psi|^2 = 0.041
==== e(   6) =     1.55807 eV ==== 
     psi = 0.007*[#   2]+0.007*[#   6]
    |psi|^2 = 0.014
==== e(   7) =     3.36032 eV ==== 

    |psi|^2 = 0.004
==== e(   8) =     3.79581 eV ==== 
     psi = 0.484*[#   2]+0.484*[#   6]
    |psi|^2 = 0.969

 k =   0.1212121212  0.2449364778  0.0000000000
==== e(   1) =   -22.46666 eV ==== 
     psi = 0.352*[#   1]+0.352*[#   5]+0.069*[#   3]+0.069*[#   4]+0.069*[#   7]
          +0.069*[#   8]
    |psi|^2 = 0.982
==== e(   2) =   -10.94738 eV ==== 
     psi = 0.210*[#   3]+0.210*[#   4]+0.210*[#   7]+0.210*[#   8]+0.078*[#   1]
          +0.078*[#   5]
    |psi|^2 = 0.997
==== e(   3) =   -10.31106 eV ==== 
     psi = 0.488*[#   2]+0.488*[#   6]
    |psi|^2 = 0.976
==== e(   4) =    -9.72886 eV ==== 
     psi = 0.239*[#   3]+0.239*[#   4]+0.239*[#   7]+0.239*[#   8]+0.019*[#   1]
          +0.019*[#   5]
    |psi|^2 = 0.992
==== e(   5) =     0.84442 eV ==== 
     psi = 0.010*[#   3]+0.010*[#   4]+0.010*[#   7]+0.010*[#   8]
    |psi|^2 = 0.039
==== e(   6) =     1.75614 eV ==== 
     psi = 0.006*[#   2]+0.006*[#   6]
    |psi|^2 = 0.013
==== e(   7) =     3.45759 eV ==== 
     psi = 0.484*[#   2]+0.484*[#   6]
    |psi|^2 = 0.968
==== e(   8) =     3.55992 eV ==== 

    |psi|^2 = 0.004

 k =   0.1212121212  0.2624319405  0.0000000000
==== e(   1) =   -22.31217 eV ==== 
     psi = 0.343*[#   1]+0.343*[#   5]+0.074*[#   3]+0.074*[#   4]+0.074*[#   7]
          +0.074*[#   8]
    |psi|^2 = 0.982
==== e(   2) =   -11.27022 eV ==== 
     psi = 0.207*[#   3]+0.207*[#   4]+0.207*[#   7]+0.207*[#   8]+0.084*[#   1]
          +0.084*[#   5]
    |psi|^2 = 0.996
==== e(   3) =   -10.13046 eV ==== 
     psi = 0.489*[#   2]+0.489*[#   6]
    |psi|^2 = 0.979
==== e(   4) =    -9.93151 eV ==== 
     psi = 0.238*[#   3]+0.238*[#   4]+0.238*[#   7]+0.238*[#   8]+0.020*[#   1]
          +0.020*[#   5]
    |psi|^2 = 0.992
==== e(   5) =     1.05718 eV ==== 
     psi = 0.009*[#   3]+0.009*[#   4]+0.009*[#   7]+0.009*[#   8]
    |psi|^2 = 0.038
==== e(   6) =     1.96781 eV ==== 
     psi = 0.006*[#   2]+0.006*[#   6]
    |psi|^2 = 0.012
==== e(   7) =     3.10822 eV ==== 
     psi = 0.483*[#   2]+0.483*[#   6]
    |psi|^2 = 0.966
==== e(   8) =     3.77394 eV ==== 

    |psi|^2 = 0.004

 k =   0.1212121212  0.2799274032  0.0000000000
==== e(   1) =   -22.14741 eV ==== 
     psi = 0.335*[#   1]+0.335*[#   5]+0.078*[#   3]+0.078*[#   4]+0.078*[#   7]
          +0.078*[#   8]
    |psi|^2 = 0.982
==== e(   2) =   -11.60713 eV ==== 
     psi = 0.204*[#   3]+0.204*[#   4]+0.204*[#   7]+0.204*[#   8]+0.090*[#   1]
          +0.090*[#   5]
    |psi|^2 = 0.996
==== e(   3) =   -10.12475 eV ==== 
     psi = 0.237*[#   3]+0.237*[#   4]+0.237*[#   7]+0.237*[#   8]+0.021*[#   1]
          +0.021*[#   5]
    |psi|^2 = 0.992
==== e(   4) =    -9.93864 eV ==== 
     psi = 0.491*[#   2]+0.491*[#   6]
    |psi|^2 = 0.981
==== e(   5) =     1.28445 eV ==== 
     psi = 0.009*[#   3]+0.009*[#   4]+0.009*[#   7]+0.009*[#   8]
    |psi|^2 = 0.036
==== e(   6) =     2.19014 eV ==== 
     psi = 0.010*[#   2]+0.010*[#   6]
    |psi|^2 = 0.020
==== e(   7) =     2.75217 eV ==== 
     psi = 0.478*[#   2]+0.478*[#   6]
    |psi|^2 = 0.956
==== e(   8) =     4.00206 eV ==== 
     psi = 0.001*[#   1]+0.001*[#   5]
    |psi|^2 = 0.004

 k =   0.1212121212  0.2974228659  0.0000000000
==== e(   1) =   -21.97246 eV ==== 
     psi = 0.326*[#   1]+0.326*[#   5]+0.082*[#   3]+0.082*[#   4]+0.082*[#   7]
          +0.082*[#   8]
    |psi|^2 = 0.982
==== e(   2) =   -11.95589 eV ==== 
     psi = 0.201*[#   3]+0.201*[#   4]+0.201*[#   7]+0.201*[#   8]+0.096*[#   1]
          +0.096*[#   5]
    |psi|^2 = 0.995
==== e(   3) =   -10.30768 eV ==== 
     psi = 0.237*[#   3]+0.237*[#   4]+0.237*[#   7]+0.237*[#   8]+0.022*[#   1]
          +0.022*[#   5]
    |psi|^2 = 0.992
==== e(   4) =    -9.73596 eV ==== 
     psi = 0.492*[#   2]+0.492*[#   6]
    |psi|^2 = 0.984
==== e(   5) =     1.52617 eV ==== 
     psi = 0.008*[#   3]+0.008*[#   4]+0.008*[#   7]+0.008*[#   8]
    |psi|^2 = 0.033
==== e(   6) =     2.32245 eV ==== 
     psi = 0.330*[#   2]+0.330*[#   6]
    |psi|^2 = 0.660
==== e(   7) =     2.49164 eV ==== 
     psi = 0.157*[#   2]+0.157*[#   6]
    |psi|^2 = 0.314
==== e(   8) =     4.24364 eV ==== 
     psi = 0.002*[#   1]+0.002*[#   5]
    |psi|^2 = 0.007

 k =   0.1212121212  0.3149183286  0.0000000000
==== e(   1) =   -21.78742 eV ==== 
     psi = 0.318*[#   1]+0.318*[#   5]+0.086*[#   3]+0.086*[#   4]+0.086*[#   7]
          +0.086*[#   8]
    |psi|^2 = 0.982
==== e(   2) =   -12.31417 eV ==== 
     psi = 0.198*[#   3]+0.198*[#   4]+0.198*[#   7]+0.198*[#   8]+0.102*[#   1]
          +0.102*[#   5]
    |psi|^2 = 0.994
==== e(   3) =   -10.47989 eV ==== 
     psi = 0.236*[#   3]+0.236*[#   4]+0.236*[#   7]+0.236*[#   8]+0.023*[#   1]
          +0.023*[#   5]
    |psi|^2 = 0.992
==== e(   4) =    -9.52284 eV ==== 
     psi = 0.493*[#   2]+0.493*[#   6]
    |psi|^2 = 0.986
==== e(   5) =     1.78229 eV ==== 
     psi = 0.007*[#   3]+0.007*[#   4]+0.007*[#   7]+0.007*[#   8]
    |psi|^2 = 0.030
==== e(   6) =     1.98538 eV ==== 
     psi = 0.473*[#   2]+0.473*[#   6]
    |psi|^2 = 0.946
==== e(   7) =     2.70750 eV ==== 
     psi = 0.013*[#   2]+0.013*[#   6]
    |psi|^2 = 0.027
==== e(   8) =     4.49687 eV ==== 
     psi = 0.006*[#   1]+0.006*[#   5]+0.001*[#   3]+0.001*[#   4]+0.001*[#   7]
          +0.001*[#   8]
    |psi|^2 = 0.015

 k =   0.1212121212  0.3324137914  0.0000000000
==== e(   1) =   -21.59242 eV ==== 
     psi = 0.311*[#   1]+0.311*[#   5]+0.090*[#   3]+0.090*[#   4]+0.090*[#   7]
          +0.090*[#   8]
    |psi|^2 = 0.982
==== e(   2) =   -12.67965 eV ==== 
     psi = 0.194*[#   3]+0.194*[#   4]+0.194*[#   7]+0.194*[#   8]+0.108*[#   1]
          +0.108*[#   5]
    |psi|^2 = 0.994
==== e(   3) =   -10.64123 eV ==== 
     psi = 0.236*[#   3]+0.236*[#   4]+0.236*[#   7]+0.236*[#   8]+0.024*[#   1]
          +0.024*[#   5]
    |psi|^2 = 0.993
==== e(   4) =    -9.29976 eV ==== 
     psi = 0.494*[#   2]+0.494*[#   6]
    |psi|^2 = 0.988
==== e(   5) =     1.60617 eV ==== 
     psi = 0.478*[#   2]+0.478*[#   6]
    |psi|^2 = 0.956
==== e(   6) =     2.05273 eV ==== 
     psi = 0.007*[#   3]+0.007*[#   4]+0.007*[#   7]+0.007*[#   8]
    |psi|^2 = 0.027
==== e(   7) =     2.97404 eV ==== 
     psi = 0.007*[#   2]+0.007*[#   6]
    |psi|^2 = 0.014
==== e(   8) =     4.75425 eV ==== 
     psi = 0.019*[#   1]+0.019*[#   5]+0.005*[#   3]+0.005*[#   4]+0.005*[#   7]
          +0.005*[#   8]
    |psi|^2 = 0.060

 k =   0.1212121212  0.3499092541  0.0000000000
==== e(   1) =   -21.38761 eV ==== 
     psi = 0.303*[#   1]+0.303*[#   5]+0.094*[#   3]+0.094*[#   4]+0.094*[#   7]
          +0.094*[#   8]
    |psi|^2 = 0.982
==== e(   2) =   -13.05018 eV ==== 
     psi = 0.191*[#   3]+0.191*[#   4]+0.191*[#   7]+0.191*[#   8]+0.114*[#   1]
          +0.114*[#   5]
    |psi|^2 = 0.993
==== e(   3) =   -10.79165 eV ==== 
     psi = 0.236*[#   3]+0.236*[#   4]+0.236*[#   7]+0.236*[#   8]+0.024*[#   1]
          +0.024*[#   5]
    |psi|^2 = 0.993
==== e(   4) =    -9.06735 eV ==== 
     psi = 0.495*[#   2]+0.495*[#   6]
    |psi|^2 = 0.990
==== e(   5) =     1.22065 eV ==== 
     psi = 0.479*[#   2]+0.479*[#   6]
    |psi|^2 = 0.958
==== e(   6) =     2.33739 eV ==== 
     psi = 0.006*[#   3]+0.006*[#   4]+0.006*[#   7]+0.006*[#   8]
    |psi|^2 = 0.023
==== e(   7) =     3.25701 eV ==== 
     psi = 0.005*[#   2]+0.005*[#   6]
    |psi|^2 = 0.011
==== e(   8) =     4.95988 eV ==== 
     psi = 0.116*[#   1]+0.116*[#   5]+0.046*[#   3]+0.046*[#   4]+0.046*[#   7]
          +0.046*[#   8]
    |psi|^2 = 0.414

 k =   0.1212121212  0.3674047168  0.0000000000
==== e(   1) =   -21.17313 eV ==== 
     psi = 0.296*[#   1]+0.296*[#   5]+0.097*[#   3]+0.097*[#   4]+0.097*[#   7]
          +0.097*[#   8]
    |psi|^2 = 0.982
==== e(   2) =   -13.42382 eV ==== 
     psi = 0.188*[#   3]+0.188*[#   4]+0.188*[#   7]+0.188*[#   8]+0.119*[#   1]
          +0.119*[#   5]
    |psi|^2 = 0.993
==== e(   3) =   -10.93115 eV ==== 
     psi = 0.236*[#   3]+0.236*[#   4]+0.236*[#   7]+0.236*[#   8]+0.025*[#   1]
          +0.025*[#   5]
    |psi|^2 = 0.993
==== e(   4) =    -8.82637 eV ==== 
     psi = 0.496*[#   2]+0.496*[#   6]
    |psi|^2 = 0.991
==== e(   5) =     0.83246 eV ==== 
     psi = 0.480*[#   2]+0.480*[#   6]
    |psi|^2 = 0.959
==== e(   6) =     2.63615 eV ==== 
     psi = 0.005*[#   3]+0.005*[#   4]+0.005*[#   7]+0.005*[#   8]
    |psi|^2 = 0.020
==== e(   7) =     3.55441 eV ==== 
     psi = 0.004*[#   2]+0.004*[#   6]
    |psi|^2 = 0.008
==== e(   8) =     4.98989 eV ==== 
     psi = 0.218*[#   1]+0.218*[#   5]+0.087*[#   3]+0.087*[#   4]+0.087*[#   7]
          +0.087*[#   8]
    |psi|^2 = 0.784

 k =   0.1212121212  0.3849001795  0.0000000000
==== e(   1) =   -20.94920 eV ==== 
     psi = 0.290*[#   1]+0.290*[#   5]+0.101*[#   3]+0.101*[#   4]+0.101*[#   7]
          +0.101*[#   8]
    |psi|^2 = 0.982
==== e(   2) =   -13.79882 eV ==== 
     psi = 0.186*[#   3]+0.186*[#   4]+0.186*[#   7]+0.186*[#   8]+0.125*[#   1]
          +0.125*[#   5]
    |psi|^2 = 0.992
==== e(   3) =   -11.05970 eV ==== 
     psi = 0.236*[#   3]+0.236*[#   4]+0.236*[#   7]+0.236*[#   8]+0.025*[#   1]
          +0.025*[#   5]
    |psi|^2 = 0.993
==== e(   4) =    -8.57776 eV ==== 
     psi = 0.496*[#   2]+0.496*[#   6]
    |psi|^2 = 0.993
==== e(   5) =     0.44399 eV ==== 
     psi = 0.480*[#   2]+0.480*[#   6]
    |psi|^2 = 0.959
==== e(   6) =     2.94884 eV ==== 
     psi = 0.004*[#   3]+0.004*[#   4]+0.004*[#   7]+0.004*[#   8]
    |psi|^2 = 0.017
==== e(   7) =     3.86559 eV ==== 
     psi = 0.004*[#   2]+0.004*[#   6]
    |psi|^2 = 0.007
==== e(   8) =     4.95785 eV ==== 
     psi = 0.242*[#   1]+0.242*[#   5]+0.090*[#   3]+0.090*[#   4]+0.090*[#   7]
          +0.090*[#   8]
    |psi|^2 = 0.844

 k =   0.1212121212  0.4023956422  0.0000000000
==== e(   1) =   -20.71606 eV ==== 
     psi = 0.284*[#   1]+0.284*[#   5]+0.104*[#   3]+0.104*[#   4]+0.104*[#   7]
          +0.104*[#   8]
    |psi|^2 = 0.983
==== e(   2) =   -14.17358 eV ==== 
     psi = 0.183*[#   3]+0.183*[#   4]+0.183*[#   7]+0.183*[#   8]+0.130*[#   1]
          +0.130*[#   5]
    |psi|^2 = 0.992
==== e(   3) =   -11.17730 eV ==== 
     psi = 0.235*[#   3]+0.235*[#   4]+0.235*[#   7]+0.235*[#   8]+0.026*[#   1]
          +0.026*[#   5]
    |psi|^2 = 0.993
==== e(   4) =    -8.32275 eV ==== 
     psi = 0.497*[#   2]+0.497*[#   6]
    |psi|^2 = 0.994
==== e(   5) =     0.05760 eV ==== 
     psi = 0.480*[#   2]+0.480*[#   6]
    |psi|^2 = 0.959
==== e(   6) =     3.27516 eV ==== 
     psi = 0.003*[#   3]+0.003*[#   4]+0.003*[#   7]+0.003*[#   8]
    |psi|^2 = 0.014
==== e(   7) =     4.19007 eV ==== 
     psi = 0.003*[#   2]+0.003*[#   6]
    |psi|^2 = 0.006
==== e(   8) =     4.91683 eV ==== 
     psi = 0.256*[#   1]+0.256*[#   5]+0.087*[#   3]+0.087*[#   4]+0.087*[#   7]
          +0.087*[#   8]
    |psi|^2 = 0.861

 k =   0.1212121212  0.4198911049  0.0000000000
==== e(   1) =   -20.47403 eV ==== 
     psi = 0.278*[#   1]+0.278*[#   5]+0.107*[#   3]+0.107*[#   4]+0.107*[#   7]
          +0.107*[#   8]
    |psi|^2 = 0.983
==== e(   2) =   -14.54666 eV ==== 
     psi = 0.180*[#   3]+0.180*[#   4]+0.180*[#   7]+0.180*[#   8]+0.135*[#   1]
          +0.135*[#   5]
    |psi|^2 = 0.991
==== e(   3) =   -11.28391 eV ==== 
     psi = 0.235*[#   3]+0.235*[#   4]+0.235*[#   7]+0.235*[#   8]+0.026*[#   1]
          +0.026*[#   5]
    |psi|^2 = 0.994
==== e(   4) =    -8.06292 eV ==== 
     psi = 0.497*[#   2]+0.497*[#   6]
    |psi|^2 = 0.995
==== e(   5) =    -0.32415 eV ==== 
     psi = 0.480*[#   2]+0.480*[#   6]
    |psi|^2 = 0.960
==== e(   6) =     3.61460 eV ==== 
     psi = 0.002*[#   3]+0.002*[#   4]+0.002*[#   7]+0.002*[#   8]+0.001*[#   1]
          +0.001*[#   5]
    |psi|^2 = 0.012
==== e(   7) =     4.52739 eV ==== 
     psi = 0.003*[#   2]+0.003*[#   6]
    |psi|^2 = 0.005
==== e(   8) =     4.87551 eV ==== 
     psi = 0.266*[#   1]+0.266*[#   5]+0.084*[#   3]+0.084*[#   4]+0.084*[#   7]
          +0.084*[#   8]
    |psi|^2 = 0.867

 k =   0.1212121212  0.4373865676  0.0000000000
==== e(   1) =   -20.22352 eV ==== 
     psi = 0.273*[#   1]+0.273*[#   5]+0.109*[#   3]+0.109*[#   4]+0.109*[#   7]
          +0.109*[#   8]
    |psi|^2 = 0.984
==== e(   2) =   -14.91667 eV ==== 
     psi = 0.178*[#   3]+0.178*[#   4]+0.178*[#   7]+0.178*[#   8]+0.139*[#   1]
          +0.139*[#   5]
    |psi|^2 = 0.990
==== e(   3) =   -11.37948 eV ==== 
     psi = 0.235*[#   3]+0.235*[#   4]+0.235*[#   7]+0.235*[#   8]+0.026*[#   1]
          +0.026*[#   5]
    |psi|^2 = 0.994
==== e(   4) =    -7.80038 eV ==== 
     psi = 0.498*[#   2]+0.498*[#   6]
    |psi|^2 = 0.995
==== e(   5) =    -0.69826 eV ==== 
     psi = 0.480*[#   2]+0.480*[#   6]
    |psi|^2 = 0.960
==== e(   6) =     3.96588 eV ==== 
     psi = 0.004*[#   1]+0.004*[#   5]+0.001*[#   3]+0.001*[#   4]+0.001*[#   7]
          +0.001*[#   8]
    |psi|^2 = 0.013
==== e(   7) =     4.83771 eV ==== 
     psi = 0.272*[#   1]+0.272*[#   5]+0.080*[#   3]+0.080*[#   4]+0.080*[#   7]
          +0.080*[#   8]
    |psi|^2 = 0.867
==== e(   8) =     4.87694 eV ==== 
     psi = 0.003*[#   2]+0.003*[#   6]
    |psi|^2 = 0.005

 k =   0.1212121212  0.4548820303  0.0000000000
==== e(   1) =   -19.96514 eV ==== 
     psi = 0.268*[#   1]+0.268*[#   5]+0.112*[#   3]+0.112*[#   4]+0.112*[#   7]
          +0.112*[#   8]
    |psi|^2 = 0.985
==== e(   2) =   -15.28220 eV ==== 
     psi = 0.176*[#   3]+0.176*[#   4]+0.176*[#   7]+0.176*[#   8]+0.143*[#   1]
          +0.143*[#   5]
    |psi|^2 = 0.990
==== e(   3) =   -11.46396 eV ==== 
     psi = 0.235*[#   3]+0.235*[#   4]+0.235*[#   7]+0.235*[#   8]+0.026*[#   1]
          +0.026*[#   5]
    |psi|^2 = 0.994
==== e(   4) =    -7.53797 eV ==== 
     psi = 0.498*[#   2]+0.498*[#   6]
    |psi|^2 = 0.996
==== e(   5) =    -1.06106 eV ==== 
     psi = 0.480*[#   2]+0.480*[#   6]
    |psi|^2 = 0.960
==== e(   6) =     4.32393 eV ==== 
     psi = 0.014*[#   1]+0.014*[#   5]+0.001*[#   3]+0.001*[#   4]+0.001*[#   7]
          +0.001*[#   8]
    |psi|^2 = 0.033
==== e(   7) =     4.80963 eV ==== 
     psi = 0.270*[#   1]+0.270*[#   5]+0.077*[#   3]+0.077*[#   4]+0.077*[#   7]
          +0.077*[#   8]
    |psi|^2 = 0.847
==== e(   8) =     5.23792 eV ==== 
     psi = 0.002*[#   2]+0.002*[#   6]
    |psi|^2 = 0.005

 k =   0.1212121212  0.4723774930  0.0000000000
==== e(   1) =   -19.69974 eV ==== 
     psi = 0.265*[#   1]+0.265*[#   5]+0.114*[#   3]+0.114*[#   4]+0.114*[#   7]
          +0.114*[#   8]
    |psi|^2 = 0.985
==== e(   2) =   -15.64170 eV ==== 
     psi = 0.174*[#   3]+0.174*[#   4]+0.174*[#   7]+0.174*[#   8]+0.146*[#   1]
          +0.146*[#   5]
    |psi|^2 = 0.989
==== e(   3) =   -11.53730 eV ==== 
     psi = 0.235*[#   3]+0.235*[#   4]+0.235*[#   7]+0.235*[#   8]+0.027*[#   1]
          +0.027*[#   5]
    |psi|^2 = 0.994
==== e(   4) =    -7.27963 eV ==== 
     psi = 0.498*[#   2]+0.498*[#   6]
    |psi|^2 = 0.996
==== e(   5) =    -1.40791 eV ==== 
     psi = 0.480*[#   2]+0.480*[#   6]
    |psi|^2 = 0.960
==== e(   6) =     4.63647 eV ==== 
     psi = 0.132*[#   1]+0.132*[#   5]+0.023*[#   3]+0.023*[#   4]+0.023*[#   7]
          +0.023*[#   8]
    |psi|^2 = 0.356
==== e(   7) =     4.84419 eV ==== 
     psi = 0.159*[#   1]+0.159*[#   5]+0.051*[#   3]+0.051*[#   4]+0.051*[#   7]
          +0.051*[#   8]
    |psi|^2 = 0.523
==== e(   8) =     5.60921 eV ==== 
     psi = 0.002*[#   2]+0.002*[#   6]
    |psi|^2 = 0.005

 k =   0.1212121212  0.4898729557  0.0000000000
==== e(   1) =   -19.42876 eV ==== 
     psi = 0.262*[#   1]+0.262*[#   5]+0.115*[#   3]+0.115*[#   4]+0.115*[#   7]
          +0.115*[#   8]
    |psi|^2 = 0.986
==== e(   2) =   -15.99319 eV ==== 
     psi = 0.173*[#   3]+0.173*[#   4]+0.173*[#   7]+0.173*[#   8]+0.148*[#   1]
          +0.148*[#   5]
    |psi|^2 = 0.988
==== e(   3) =   -11.59946 eV ==== 
     psi = 0.235*[#   3]+0.235*[#   4]+0.235*[#   7]+0.235*[#   8]+0.027*[#   1]
          +0.027*[#   5]
    |psi|^2 = 0.994
==== e(   4) =    -7.03080 eV ==== 
     psi = 0.498*[#   2]+0.498*[#   6]
    |psi|^2 = 0.997
==== e(   5) =    -1.73273 eV ==== 
     psi = 0.480*[#   2]+0.480*[#   6]
    |psi|^2 = 0.960
==== e(   6) =     4.69644 eV ==== 
     psi = 0.281*[#   1]+0.281*[#   5]+0.062*[#   3]+0.062*[#   4]+0.062*[#   7]
          +0.062*[#   8]
    |psi|^2 = 0.810
==== e(   7) =     5.14867 eV ==== 
     psi = 0.015*[#   1]+0.015*[#   5]+0.010*[#   3]+0.010*[#   4]+0.010*[#   7]
          +0.010*[#   8]
    |psi|^2 = 0.068
==== e(   8) =     5.98912 eV ==== 
     psi = 0.003*[#   2]+0.003*[#   6]
    |psi|^2 = 0.005

 k =   0.1212121212  0.5073684184  0.0000000000
==== e(   1) =   -19.15471 eV ==== 
     psi = 0.262*[#   1]+0.262*[#   5]+0.116*[#   3]+0.116*[#   4]+0.116*[#   7]
          +0.116*[#   8]
    |psi|^2 = 0.987
==== e(   2) =   -16.33370 eV ==== 
     psi = 0.173*[#   3]+0.173*[#   4]+0.173*[#   7]+0.173*[#   8]+0.148*[#   1]
          +0.148*[#   5]
    |psi|^2 = 0.987
==== e(   3) =   -11.65038 eV ==== 
     psi = 0.235*[#   3]+0.235*[#   4]+0.235*[#   7]+0.235*[#   8]+0.027*[#   1]
          +0.027*[#   5]
    |psi|^2 = 0.994
==== e(   4) =    -6.79912 eV ==== 
     psi = 0.498*[#   2]+0.498*[#   6]
    |psi|^2 = 0.997
==== e(   5) =    -2.02732 eV ==== 
     psi = 0.480*[#   2]+0.480*[#   6]
    |psi|^2 = 0.961
==== e(   6) =     4.68336 eV ==== 
     psi = 0.297*[#   1]+0.297*[#   5]+0.065*[#   3]+0.065*[#   4]+0.065*[#   7]
          +0.065*[#   8]
    |psi|^2 = 0.853
==== e(   7) =     5.54351 eV ==== 
     psi = 0.004*[#   3]+0.004*[#   4]+0.004*[#   7]+0.004*[#   8]+0.004*[#   1]
          +0.004*[#   5]
    |psi|^2 = 0.024
==== e(   8) =     6.37492 eV ==== 
     psi = 0.003*[#   2]+0.003*[#   6]
    |psi|^2 = 0.006

 k =   0.1212121212  0.5248638811  0.0000000000
==== e(   1) =   -18.88267 eV ==== 
     psi = 0.264*[#   1]+0.264*[#   5]+0.115*[#   3]+0.115*[#   4]+0.115*[#   7]
          +0.115*[#   8]
    |psi|^2 = 0.988
==== e(   2) =   -16.65779 eV ==== 
     psi = 0.174*[#   3]+0.174*[#   4]+0.174*[#   7]+0.174*[#   8]+0.145*[#   1]
          +0.145*[#   5]
    |psi|^2 = 0.986
==== e(   3) =   -11.69003 eV ==== 
     psi = 0.235*[#   3]+0.235*[#   4]+0.235*[#   7]+0.235*[#   8]+0.027*[#   1]
          +0.027*[#   5]
    |psi|^2 = 0.994
==== e(   4) =    -6.59506 eV ==== 
     psi = 0.499*[#   2]+0.499*[#   6]
    |psi|^2 = 0.997
==== e(   5) =    -2.28079 eV ==== 
     psi = 0.480*[#   2]+0.480*[#   6]
    |psi|^2 = 0.961
==== e(   6) =     4.66742 eV ==== 
     psi = 0.303*[#   1]+0.303*[#   5]+0.064*[#   3]+0.064*[#   4]+0.064*[#   7]
          +0.064*[#   8]
    |psi|^2 = 0.863
==== e(   7) =     5.95813 eV ==== 
     psi = 0.003*[#   3]+0.003*[#   4]+0.003*[#   7]+0.003*[#   8]+0.002*[#   1]
          +0.002*[#   5]
    |psi|^2 = 0.015
==== e(   8) =     6.76170 eV ==== 
     psi = 0.004*[#   2]+0.004*[#   6]
    |psi|^2 = 0.007

 k =   0.1212121212  0.5423593438  0.0000000000
==== e(   1) =   -18.62441 eV ==== 
     psi = 0.272*[#   1]+0.272*[#   5]+0.112*[#   3]+0.112*[#   4]+0.112*[#   7]
          +0.112*[#   8]
    |psi|^2 = 0.990
==== e(   2) =   -16.95341 eV ==== 
     psi = 0.177*[#   3]+0.177*[#   4]+0.177*[#   7]+0.177*[#   8]+0.137*[#   1]
          +0.137*[#   5]
    |psi|^2 = 0.984
==== e(   3) =   -11.71837 eV ==== 
     psi = 0.235*[#   3]+0.235*[#   4]+0.235*[#   7]+0.235*[#   8]+0.027*[#   1]
          +0.027*[#   5]
    |psi|^2 = 0.994
==== e(   4) =    -6.43210 eV ==== 
     psi = 0.499*[#   2]+0.499*[#   6]
    |psi|^2 = 0.997
==== e(   5) =    -2.47929 eV ==== 
     psi = 0.480*[#   2]+0.480*[#   6]
    |psi|^2 = 0.960
==== e(   6) =     4.65480 eV ==== 
     psi = 0.306*[#   1]+0.306*[#   5]+0.064*[#   3]+0.064*[#   4]+0.064*[#   7]
          +0.064*[#   8]
    |psi|^2 = 0.867
==== e(   7) =     6.38537 eV ==== 
     psi = 0.002*[#   1]+0.002*[#   5]+0.002*[#   3]+0.002*[#   4]+0.002*[#   7]
          +0.002*[#   8]
    |psi|^2 = 0.012
==== e(   8) =     7.13882 eV ==== 
     psi = 0.005*[#   2]+0.005*[#   6]
    |psi|^2 = 0.010

 k =   0.1212121212  0.5598548065  0.0000000000
==== e(   1) =   -18.41128 eV ==== 
     psi = 0.287*[#   1]+0.287*[#   5]+0.105*[#   3]+0.105*[#   4]+0.105*[#   7]
          +0.105*[#   8]
    |psi|^2 = 0.992
==== e(   2) =   -17.18904 eV ==== 
     psi = 0.184*[#   3]+0.184*[#   4]+0.184*[#   7]+0.184*[#   8]+0.123*[#   1]
          +0.123*[#   5]
    |psi|^2 = 0.982
==== e(   3) =   -11.73539 eV ==== 
     psi = 0.235*[#   3]+0.235*[#   4]+0.235*[#   7]+0.235*[#   8]+0.027*[#   1]
          +0.027*[#   5]
    |psi|^2 = 0.994
==== e(   4) =    -6.32545 eV ==== 
     psi = 0.499*[#   2]+0.499*[#   6]
    |psi|^2 = 0.998
==== e(   5) =    -2.60737 eV ==== 
     psi = 0.480*[#   2]+0.480*[#   6]
    |psi|^2 = 0.960
==== e(   6) =     4.64692 eV ==== 
     psi = 0.308*[#   1]+0.308*[#   5]+0.063*[#   3]+0.063*[#   4]+0.063*[#   7]
          +0.063*[#   8]
    |psi|^2 = 0.869
==== e(   7) =     6.82084 eV ==== 
     psi = 0.003*[#   1]+0.003*[#   5]+0.002*[#   3]+0.002*[#   4]+0.002*[#   7]
          +0.002*[#   8]
    |psi|^2 = 0.013
==== e(   8) =     7.47486 eV ==== 
     psi = 0.007*[#   2]+0.007*[#   6]
    |psi|^2 = 0.013

 k =   0.1212121212  0.5773502692  0.0000000000
==== e(   1) =   -18.31881 eV ==== 
     psi = 0.298*[#   1]+0.298*[#   5]+0.099*[#   3]+0.099*[#   4]+0.099*[#   7]
          +0.099*[#   8]
    |psi|^2 = 0.993
==== e(   2) =   -17.28902 eV ==== 
     psi = 0.190*[#   3]+0.190*[#   4]+0.190*[#   7]+0.190*[#   8]+0.111*[#   1]
          +0.111*[#   5]
    |psi|^2 = 0.981
==== e(   3) =   -11.74106 eV ==== 
     psi = 0.235*[#   3]+0.235*[#   4]+0.235*[#   7]+0.235*[#   8]+0.027*[#   1]
          +0.027*[#   5]
    |psi|^2 = 0.994
==== e(   4) =    -6.28814 eV ==== 
     psi = 0.499*[#   2]+0.499*[#   6]
    |psi|^2 = 0.998
==== e(   5) =    -2.65184 eV ==== 
     psi = 0.480*[#   2]+0.480*[#   6]
    |psi|^2 = 0.960
==== e(   6) =     4.64426 eV ==== 
     psi = 0.308*[#   1]+0.308*[#   5]+0.063*[#   3]+0.063*[#   4]+0.063*[#   7]
          +0.063*[#   8]
    |psi|^2 = 0.869
==== e(   7) =     7.19136 eV ==== 
     psi = 0.008*[#   1]+0.008*[#   5]+0.001*[#   3]+0.001*[#   4]+0.001*[#   7]
          +0.001*[#   8]
    |psi|^2 = 0.020
==== e(   8) =     7.36314 eV ==== 
     psi = 0.002*[#   3]+0.002*[#   4]+0.002*[#   7]+0.002*[#   8]
    |psi|^2 = 0.009

 k =   0.1363636364  0.2361887465  0.0000000000
==== e(   1) =   -22.47200 eV ==== 
     psi = 0.352*[#   1]+0.352*[#   5]+0.069*[#   3]+0.069*[#   4]+0.069*[#   7]
          +0.069*[#   8]
    |psi|^2 = 0.982
==== e(   2) =   -10.91506 eV ==== 
     psi = 0.211*[#   3]+0.211*[#   4]+0.211*[#   7]+0.211*[#   8]+0.077*[#   1]
          +0.077*[#   5]
    |psi|^2 = 0.997
==== e(   3) =   -10.31725 eV ==== 
     psi = 0.488*[#   2]+0.488*[#   6]
    |psi|^2 = 0.976
==== e(   4) =    -9.74776 eV ==== 
     psi = 0.238*[#   3]+0.238*[#   4]+0.238*[#   7]+0.238*[#   8]+0.019*[#   1]
          +0.019*[#   5]
    |psi|^2 = 0.991
==== e(   5) =     0.83713 eV ==== 
     psi = 0.010*[#   3]+0.010*[#   4]+0.010*[#   7]+0.010*[#   8]
    |psi|^2 = 0.040
==== e(   6) =     1.74907 eV ==== 
     psi = 0.006*[#   2]+0.006*[#   6]
    |psi|^2 = 0.012
==== e(   7) =     3.47345 eV ==== 
     psi = 0.485*[#   2]+0.485*[#   6]
    |psi|^2 = 0.969
==== e(   8) =     3.55286 eV ==== 

    |psi|^2 = 0.004

 k =   0.1363636364  0.2536842092  0.0000000000
==== e(   1) =   -22.32283 eV ==== 
     psi = 0.344*[#   1]+0.344*[#   5]+0.074*[#   3]+0.074*[#   4]+0.074*[#   7]
          +0.074*[#   8]
    |psi|^2 = 0.982
==== e(   2) =   -11.20579 eV ==== 
     psi = 0.208*[#   3]+0.208*[#   4]+0.208*[#   7]+0.208*[#   8]+0.083*[#   1]
          +0.083*[#   5]
    |psi|^2 = 0.997
==== e(   3) =   -10.14273 eV ==== 
     psi = 0.489*[#   2]+0.489*[#   6]
    |psi|^2 = 0.979
==== e(   4) =    -9.97178 eV ==== 
     psi = 0.237*[#   3]+0.237*[#   4]+0.237*[#   7]+0.237*[#   8]+0.021*[#   1]
          +0.021*[#   5]
    |psi|^2 = 0.991
==== e(   5) =     1.04261 eV ==== 
     psi = 0.009*[#   3]+0.009*[#   4]+0.009*[#   7]+0.009*[#   8]
    |psi|^2 = 0.038
==== e(   6) =     1.95423 eV ==== 
     psi = 0.006*[#   2]+0.006*[#   6]
    |psi|^2 = 0.011
==== e(   7) =     3.13851 eV ==== 
     psi = 0.484*[#   2]+0.484*[#   6]
    |psi|^2 = 0.969
==== e(   8) =     3.75997 eV ==== 

    |psi|^2 = 0.004

 k =   0.1363636364  0.2711796719  0.0000000000
==== e(   1) =   -22.16337 eV ==== 
     psi = 0.335*[#   1]+0.335*[#   5]+0.078*[#   3]+0.078*[#   4]+0.078*[#   7]
          +0.078*[#   8]
    |psi|^2 = 0.982
==== e(   2) =   -11.51259 eV ==== 
     psi = 0.205*[#   3]+0.205*[#   4]+0.205*[#   7]+0.205*[#   8]+0.089*[#   1]
          +0.089*[#   5]
    |psi|^2 = 0.996
==== e(   3) =   -10.18682 eV ==== 
     psi = 0.236*[#   3]+0.236*[#   4]+0.236*[#   7]+0.236*[#   8]+0.023*[#   1]
          +0.023*[#   5]
    |psi|^2 = 0.991
==== e(   4) =    -9.95687 eV ==== 
     psi = 0.491*[#   2]+0.491*[#   6]
    |psi|^2 = 0.981
==== e(   5) =     1.26262 eV ==== 
     psi = 0.009*[#   3]+0.009*[#   4]+0.009*[#   7]+0.009*[#   8]
    |psi|^2 = 0.036
==== e(   6) =     2.17258 eV ==== 
     psi = 0.006*[#   2]+0.006*[#   6]
    |psi|^2 = 0.012
==== e(   7) =     2.79371 eV ==== 
     psi = 0.483*[#   2]+0.483*[#   6]
    |psi|^2 = 0.966
==== e(   8) =     3.98152 eV ==== 

    |psi|^2 = 0.004

 k =   0.1363636364  0.2886751346  0.0000000000
==== e(   1) =   -21.99369 eV ==== 
     psi = 0.327*[#   1]+0.327*[#   5]+0.082*[#   3]+0.082*[#   4]+0.082*[#   7]
          +0.082*[#   8]
    |psi|^2 = 0.982
==== e(   2) =   -11.83452 eV ==== 
     psi = 0.202*[#   3]+0.202*[#   4]+0.202*[#   7]+0.202*[#   8]+0.095*[#   1]
          +0.095*[#   5]
    |psi|^2 = 0.996
==== e(   3) =   -10.39049 eV ==== 
     psi = 0.236*[#   3]+0.236*[#   4]+0.236*[#   7]+0.236*[#   8]+0.024*[#   1]
          +0.024*[#   5]
    |psi|^2 = 0.991
==== e(   4) =    -9.75998 eV ==== 
     psi = 0.492*[#   2]+0.492*[#   6]
    |psi|^2 = 0.983
==== e(   5) =     1.49710 eV ==== 
     psi = 0.008*[#   3]+0.008*[#   4]+0.008*[#   7]+0.008*[#   8]
    |psi|^2 = 0.034
==== e(   6) =     2.37232 eV ==== 
     psi = 0.174*[#   2]+0.174*[#   6]
    |psi|^2 = 0.349
==== e(   7) =     2.47228 eV ==== 
     psi = 0.314*[#   2]+0.314*[#   6]
    |psi|^2 = 0.628
==== e(   8) =     4.21724 eV ==== 
     psi = 0.001*[#   1]+0.001*[#   5]
    |psi|^2 = 0.004

 k =   0.1363636364  0.3061705973  0.0000000000
==== e(   1) =   -21.81389 eV ==== 
     psi = 0.319*[#   1]+0.319*[#   5]+0.086*[#   3]+0.086*[#   4]+0.086*[#   7]
          +0.086*[#   8]
    |psi|^2 = 0.982
==== e(   2) =   -12.16978 eV ==== 
     psi = 0.199*[#   3]+0.199*[#   4]+0.199*[#   7]+0.199*[#   8]+0.101*[#   1]
          +0.101*[#   5]
    |psi|^2 = 0.995
==== e(   3) =   -10.58158 eV ==== 
     psi = 0.235*[#   3]+0.235*[#   4]+0.235*[#   7]+0.235*[#   8]+0.026*[#   1]
          +0.026*[#   5]
    |psi|^2 = 0.991
==== e(   4) =    -9.55244 eV ==== 
     psi = 0.493*[#   2]+0.493*[#   6]
    |psi|^2 = 0.985
==== e(   5) =     1.74601 eV ==== 
     psi = 0.008*[#   3]+0.008*[#   4]+0.008*[#   7]+0.008*[#   8]
    |psi|^2 = 0.031
==== e(   6) =     2.06552 eV ==== 
     psi = 0.477*[#   2]+0.477*[#   6]
    |psi|^2 = 0.955
==== e(   7) =     2.66354 eV ==== 
     psi = 0.010*[#   2]+0.010*[#   6]
    |psi|^2 = 0.020
==== e(   8) =     4.46658 eV ==== 
     psi = 0.002*[#   1]+0.002*[#   5]
    |psi|^2 = 0.006

 k =   0.1363636364  0.3236660600  0.0000000000
==== e(   1) =   -21.62410 eV ==== 
     psi = 0.312*[#   1]+0.312*[#   5]+0.090*[#   3]+0.090*[#   4]+0.090*[#   7]
          +0.090*[#   8]
    |psi|^2 = 0.982
==== e(   2) =   -12.51611 eV ==== 
     psi = 0.196*[#   3]+0.196*[#   4]+0.196*[#   7]+0.196*[#   8]+0.106*[#   1]
          +0.106*[#   5]
    |psi|^2 = 0.995
==== e(   3) =   -10.75970 eV ==== 
     psi = 0.235*[#   3]+0.235*[#   4]+0.235*[#   7]+0.235*[#   8]+0.027*[#   1]
          +0.027*[#   5]
    |psi|^2 = 0.992
==== e(   4) =    -9.33470 eV ==== 
     psi = 0.494*[#   2]+0.494*[#   6]
    |psi|^2 = 0.987
==== e(   5) =     1.69684 eV ==== 
     psi = 0.481*[#   2]+0.481*[#   6]
    |psi|^2 = 0.962
==== e(   6) =     2.00926 eV ==== 
     psi = 0.007*[#   3]+0.007*[#   4]+0.007*[#   7]+0.007*[#   8]
    |psi|^2 = 0.028
==== e(   7) =     2.92419 eV ==== 
     psi = 0.006*[#   2]+0.006*[#   6]
    |psi|^2 = 0.012
==== e(   8) =     4.72813 eV ==== 
     psi = 0.005*[#   1]+0.005*[#   5]
    |psi|^2 = 0.013

 k =   0.1363636364  0.3411615227  0.0000000000
==== e(   1) =   -21.42444 eV ==== 
     psi = 0.305*[#   1]+0.305*[#   5]+0.093*[#   3]+0.093*[#   4]+0.093*[#   7]
          +0.093*[#   8]
    |psi|^2 = 0.982
==== e(   2) =   -12.87106 eV ==== 
     psi = 0.193*[#   3]+0.193*[#   4]+0.193*[#   7]+0.193*[#   8]+0.112*[#   1]
          +0.112*[#   5]
    |psi|^2 = 0.994
==== e(   3) =   -10.92488 eV ==== 
     psi = 0.234*[#   3]+0.234*[#   4]+0.234*[#   7]+0.234*[#   8]+0.027*[#   1]
          +0.027*[#   5]
    |psi|^2 = 0.992
==== e(   4) =    -9.10729 eV ==== 
     psi = 0.495*[#   2]+0.495*[#   6]
    |psi|^2 = 0.989
==== e(   5) =     1.32182 eV ==== 
     psi = 0.481*[#   2]+0.481*[#   6]
    |psi|^2 = 0.963
==== e(   6) =     2.28679 eV ==== 
     psi = 0.006*[#   3]+0.006*[#   4]+0.006*[#   7]+0.006*[#   8]
    |psi|^2 = 0.025
==== e(   7) =     3.20010 eV ==== 
     psi = 0.004*[#   2]+0.004*[#   6]
    |psi|^2 = 0.009
==== e(   8) =     4.99655 eV ==== 
     psi = 0.014*[#   1]+0.014*[#   5]+0.004*[#   3]+0.004*[#   4]+0.004*[#   7]
          +0.004*[#   8]
    |psi|^2 = 0.044

 k =   0.1363636364  0.3586569854  0.0000000000
==== e(   1) =   -21.21507 eV ==== 
     psi = 0.298*[#   1]+0.298*[#   5]+0.097*[#   3]+0.097*[#   4]+0.097*[#   7]
          +0.097*[#   8]
    |psi|^2 = 0.982
==== e(   2) =   -13.23226 eV ==== 
     psi = 0.190*[#   3]+0.190*[#   4]+0.190*[#   7]+0.190*[#   8]+0.118*[#   1]
          +0.118*[#   5]
    |psi|^2 = 0.993
==== e(   3) =   -11.07737 eV ==== 
     psi = 0.234*[#   3]+0.234*[#   4]+0.234*[#   7]+0.234*[#   8]+0.028*[#   1]
          +0.028*[#   5]
    |psi|^2 = 0.992
==== e(   4) =    -8.87089 eV ==== 
     psi = 0.495*[#   2]+0.495*[#   6]
    |psi|^2 = 0.991
==== e(   5) =     0.94318 eV ==== 
     psi = 0.482*[#   2]+0.482*[#   6]
    |psi|^2 = 0.963
==== e(   6) =     2.57849 eV ==== 
     psi = 0.005*[#   3]+0.005*[#   4]+0.005*[#   7]+0.005*[#   8]
    |psi|^2 = 0.021
==== e(   7) =     3.49002 eV ==== 
     psi = 0.004*[#   2]+0.004*[#   6]
    |psi|^2 = 0.007
==== e(   8) =     5.23401 eV ==== 
     psi = 0.083*[#   1]+0.083*[#   5]+0.032*[#   3]+0.032*[#   4]+0.032*[#   7]
          +0.032*[#   8]
    |psi|^2 = 0.296

 k =   0.1363636364  0.3761524481  0.0000000000
==== e(   1) =   -20.99617 eV ==== 
     psi = 0.291*[#   1]+0.291*[#   5]+0.100*[#   3]+0.100*[#   4]+0.100*[#   7]
          +0.100*[#   8]
    |psi|^2 = 0.982
==== e(   2) =   -13.59752 eV ==== 
     psi = 0.187*[#   3]+0.187*[#   4]+0.187*[#   7]+0.187*[#   8]+0.123*[#   1]
          +0.123*[#   5]
    |psi|^2 = 0.993
==== e(   3) =   -11.21746 eV ==== 
     psi = 0.234*[#   3]+0.234*[#   4]+0.234*[#   7]+0.234*[#   8]+0.029*[#   1]
          +0.029*[#   5]
    |psi|^2 = 0.992
==== e(   4) =    -8.62634 eV ==== 
     psi = 0.496*[#   2]+0.496*[#   6]
    |psi|^2 = 0.992
==== e(   5) =     0.56291 eV ==== 
     psi = 0.482*[#   2]+0.482*[#   6]
    |psi|^2 = 0.963
==== e(   6) =     2.88422 eV ==== 
     psi = 0.004*[#   3]+0.004*[#   4]+0.004*[#   7]+0.004*[#   8]
    |psi|^2 = 0.018
==== e(   7) =     3.79345 eV ==== 
     psi = 0.003*[#   2]+0.003*[#   6]
    |psi|^2 = 0.006
==== e(   8) =     5.29814 eV ==== 
     psi = 0.208*[#   1]+0.208*[#   5]+0.085*[#   3]+0.085*[#   4]+0.085*[#   7]
          +0.085*[#   8]
    |psi|^2 = 0.756

 k =   0.1363636364  0.3936479108  0.0000000000
==== e(   1) =   -20.76797 eV ==== 
     psi = 0.285*[#   1]+0.285*[#   5]+0.103*[#   3]+0.103*[#   4]+0.103*[#   7]
          +0.103*[#   8]
    |psi|^2 = 0.983
==== e(   2) =   -13.96484 eV ==== 
     psi = 0.184*[#   3]+0.184*[#   4]+0.184*[#   7]+0.184*[#   8]+0.128*[#   1]
          +0.128*[#   5]
    |psi|^2 = 0.992
==== e(   3) =   -11.34540 eV ==== 
     psi = 0.233*[#   3]+0.233*[#   4]+0.233*[#   7]+0.233*[#   8]+0.029*[#   1]
          +0.029*[#   5]
    |psi|^2 = 0.993
==== e(   4) =    -8.37467 eV ==== 
     psi = 0.497*[#   2]+0.497*[#   6]
    |psi|^2 = 0.994
==== e(   5) =     0.18307 eV ==== 
     psi = 0.482*[#   2]+0.482*[#   6]
    |psi|^2 = 0.963
==== e(   6) =     3.20381 eV ==== 
     psi = 0.004*[#   3]+0.004*[#   4]+0.004*[#   7]+0.004*[#   8]
    |psi|^2 = 0.015
==== e(   7) =     4.10998 eV ==== 
     psi = 0.003*[#   2]+0.003*[#   6]
    |psi|^2 = 0.005
==== e(   8) =     5.27292 eV ==== 
     psi = 0.238*[#   1]+0.238*[#   5]+0.090*[#   3]+0.090*[#   4]+0.090*[#   7]
          +0.090*[#   8]
    |psi|^2 = 0.834

 k =   0.1363636364  0.4111433735  0.0000000000
==== e(   1) =   -20.53076 eV ==== 
     psi = 0.279*[#   1]+0.279*[#   5]+0.106*[#   3]+0.106*[#   4]+0.106*[#   7]
          +0.106*[#   8]
    |psi|^2 = 0.983
==== e(   2) =   -14.33244 eV ==== 
     psi = 0.182*[#   3]+0.182*[#   4]+0.182*[#   7]+0.182*[#   8]+0.133*[#   1]
          +0.133*[#   5]
    |psi|^2 = 0.992
==== e(   3) =   -11.46139 eV ==== 
     psi = 0.233*[#   3]+0.233*[#   4]+0.233*[#   7]+0.233*[#   8]+0.030*[#   1]
          +0.030*[#   5]
    |psi|^2 = 0.993
==== e(   4) =    -8.11725 eV ==== 
     psi = 0.497*[#   2]+0.497*[#   6]
    |psi|^2 = 0.994
==== e(   5) =    -0.19405 eV ==== 
     psi = 0.482*[#   2]+0.482*[#   6]
    |psi|^2 = 0.963
==== e(   6) =     3.53697 eV ==== 
     psi = 0.003*[#   3]+0.003*[#   4]+0.003*[#   7]+0.003*[#   8]
    |psi|^2 = 0.013
==== e(   7) =     4.43912 eV ==== 
     psi = 0.002*[#   2]+0.002*[#   6]
    |psi|^2 = 0.005
==== e(   8) =     5.23501 eV ==== 
     psi = 0.252*[#   1]+0.252*[#   5]+0.087*[#   3]+0.087*[#   4]+0.087*[#   7]
          +0.087*[#   8]
    |psi|^2 = 0.852

 k =   0.1363636364  0.4286388362  0.0000000000
==== e(   1) =   -20.28489 eV ==== 
     psi = 0.274*[#   1]+0.274*[#   5]+0.109*[#   3]+0.109*[#   4]+0.109*[#   7]
          +0.109*[#   8]
    |psi|^2 = 0.984
==== e(   2) =   -14.69869 eV ==== 
     psi = 0.179*[#   3]+0.179*[#   4]+0.179*[#   7]+0.179*[#   8]+0.137*[#   1]
          +0.137*[#   5]
    |psi|^2 = 0.991
==== e(   3) =   -11.56559 eV ==== 
     psi = 0.233*[#   3]+0.233*[#   4]+0.233*[#   7]+0.233*[#   8]+0.030*[#   1]
          +0.030*[#   5]
    |psi|^2 = 0.993
==== e(   4) =    -7.85587 eV ==== 
     psi = 0.498*[#   2]+0.498*[#   6]
    |psi|^2 = 0.995
==== e(   5) =    -0.56583 eV ==== 
     psi = 0.482*[#   2]+0.482*[#   6]
    |psi|^2 = 0.963
==== e(   6) =     3.88322 eV ==== 
     psi = 0.002*[#   3]+0.002*[#   4]+0.002*[#   7]+0.002*[#   8]+0.001*[#   1]
          +0.001*[#   5]
    |psi|^2 = 0.011
==== e(   7) =     4.78020 eV ==== 
     psi = 0.002*[#   2]+0.002*[#   6]
    |psi|^2 = 0.004
==== e(   8) =     5.19597 eV ==== 
     psi = 0.261*[#   1]+0.261*[#   5]+0.084*[#   3]+0.084*[#   4]+0.084*[#   7]
          +0.084*[#   8]
    |psi|^2 = 0.859

 k =   0.1363636364  0.4461342989  0.0000000000
==== e(   1) =   -20.03088 eV ==== 
     psi = 0.269*[#   1]+0.269*[#   5]+0.112*[#   3]+0.112*[#   4]+0.112*[#   7]
          +0.112*[#   8]
    |psi|^2 = 0.984
==== e(   2) =   -15.06202 eV ==== 
     psi = 0.177*[#   3]+0.177*[#   4]+0.177*[#   7]+0.177*[#   8]+0.141*[#   1]
          +0.141*[#   5]
    |psi|^2 = 0.990
==== e(   3) =   -11.65809 eV ==== 
     psi = 0.233*[#   3]+0.233*[#   4]+0.233*[#   7]+0.233*[#   8]+0.031*[#   1]
          +0.031*[#   5]
    |psi|^2 = 0.993
==== e(   4) =    -7.59290 eV ==== 
     psi = 0.498*[#   2]+0.498*[#   6]
    |psi|^2 = 0.996
==== e(   5) =    -0.92906 eV ==== 
     psi = 0.482*[#   2]+0.482*[#   6]
    |psi|^2 = 0.963
==== e(   6) =     4.24141 eV ==== 
     psi = 0.004*[#   1]+0.004*[#   5]+0.001*[#   3]+0.001*[#   4]+0.001*[#   7]
          +0.001*[#   8]
    |psi|^2 = 0.012
==== e(   7) =     5.13236 eV ==== 
     psi = 0.002*[#   2]+0.002*[#   6]
    |psi|^2 = 0.004
==== e(   8) =     5.15993 eV ==== 
     psi = 0.268*[#   1]+0.268*[#   5]+0.081*[#   3]+0.081*[#   4]+0.081*[#   7]
          +0.081*[#   8]
    |psi|^2 = 0.859

 k =   0.1363636364  0.4636297616  0.0000000000
==== e(   1) =   -19.76944 eV ==== 
     psi = 0.265*[#   1]+0.265*[#   5]+0.114*[#   3]+0.114*[#   4]+0.114*[#   7]
          +0.114*[#   8]
    |psi|^2 = 0.985
==== e(   2) =   -15.42083 eV ==== 
     psi = 0.175*[#   3]+0.175*[#   4]+0.175*[#   7]+0.175*[#   8]+0.145*[#   1]
          +0.145*[#   5]
    |psi|^2 = 0.990
==== e(   3) =   -11.73897 eV ==== 
     psi = 0.233*[#   3]+0.233*[#   4]+0.233*[#   7]+0.233*[#   8]+0.031*[#   1]
          +0.031*[#   5]
    |psi|^2 = 0.993
==== e(   4) =    -7.33162 eV ==== 
     psi = 0.498*[#   2]+0.498*[#   6]
    |psi|^2 = 0.996
==== e(   5) =    -1.27975 eV ==== 
     psi = 0.482*[#   2]+0.482*[#   6]
    |psi|^2 = 0.963
==== e(   6) =     4.60745 eV ==== 
     psi = 0.012*[#   1]+0.012*[#   5]+0.001*[#   3]+0.001*[#   4]+0.001*[#   7]
          +0.001*[#   8]
    |psi|^2 = 0.028
==== e(   7) =     5.13228 eV ==== 
     psi = 0.267*[#   1]+0.267*[#   5]+0.077*[#   3]+0.077*[#   4]+0.077*[#   7]
          +0.077*[#   8]
    |psi|^2 = 0.843
==== e(   8) =     5.49433 eV ==== 
     psi = 0.002*[#   2]+0.002*[#   6]
    |psi|^2 = 0.004

 k =   0.1363636364  0.4811252243  0.0000000000
==== e(   1) =   -19.50167 eV ==== 
     psi = 0.262*[#   1]+0.262*[#   5]+0.116*[#   3]+0.116*[#   4]+0.116*[#   7]
          +0.116*[#   8]
    |psi|^2 = 0.986
==== e(   2) =   -15.77328 eV ==== 
     psi = 0.174*[#   3]+0.174*[#   4]+0.174*[#   7]+0.174*[#   8]+0.147*[#   1]
          +0.147*[#   5]
    |psi|^2 = 0.989
==== e(   3) =   -11.80827 eV ==== 
     psi = 0.233*[#   3]+0.233*[#   4]+0.233*[#   7]+0.233*[#   8]+0.031*[#   1]
          +0.031*[#   5]
    |psi|^2 = 0.993
==== e(   4) =    -7.07658 eV ==== 
     psi = 0.498*[#   2]+0.498*[#   6]
    |psi|^2 = 0.996
==== e(   5) =    -1.61270 eV ==== 
     psi = 0.482*[#   2]+0.482*[#   6]
    |psi|^2 = 0.963
==== e(   6) =     4.94229 eV ==== 
     psi = 0.103*[#   1]+0.103*[#   5]+0.018*[#   3]+0.018*[#   4]+0.018*[#   7]
          +0.018*[#   8]
    |psi|^2 = 0.277
==== e(   7) =     5.15269 eV ==== 
     psi = 0.182*[#   1]+0.182*[#   5]+0.057*[#   3]+0.057*[#   4]+0.057*[#   7]
          +0.057*[#   8]
    |psi|^2 = 0.593
==== e(   8) =     5.86421 eV ==== 
     psi = 0.002*[#   2]+0.002*[#   6]
    |psi|^2 = 0.005

 k =   0.1363636364  0.4986206870  0.0000000000
==== e(   1) =   -19.22945 eV ==== 
     psi = 0.260*[#   1]+0.260*[#   5]+0.117*[#   3]+0.117*[#   4]+0.117*[#   7]
          +0.117*[#   8]
    |psi|^2 = 0.987
==== e(   2) =   -16.11690 eV ==== 
     psi = 0.173*[#   3]+0.173*[#   4]+0.173*[#   7]+0.173*[#   8]+0.149*[#   1]
          +0.149*[#   5]
    |psi|^2 = 0.988
==== e(   3) =   -11.86600 eV ==== 
     psi = 0.233*[#   3]+0.233*[#   4]+0.233*[#   7]+0.233*[#   8]+0.031*[#   1]
          +0.031*[#   5]
    |psi|^2 = 0.993
==== e(   4) =    -6.83418 eV ==== 
     psi = 0.498*[#   2]+0.498*[#   6]
    |psi|^2 = 0.997
==== e(   5) =    -1.92093 eV ==== 
     psi = 0.482*[#   2]+0.482*[#   6]
    |psi|^2 = 0.964
==== e(   6) =     5.02620 eV ==== 
     psi = 0.275*[#   1]+0.275*[#   5]+0.063*[#   3]+0.063*[#   4]+0.063*[#   7]
          +0.063*[#   8]
    |psi|^2 = 0.801
==== e(   7) =     5.44106 eV ==== 
     psi = 0.016*[#   1]+0.016*[#   5]+0.009*[#   3]+0.009*[#   4]+0.009*[#   7]
          +0.009*[#   8]
    |psi|^2 = 0.070
==== e(   8) =     6.23902 eV ==== 
     psi = 0.003*[#   2]+0.003*[#   6]
    |psi|^2 = 0.005

 k =   0.1363636364  0.5161161497  0.0000000000
==== e(   1) =   -18.95631 eV ==== 
     psi = 0.261*[#   1]+0.261*[#   5]+0.117*[#   3]+0.117*[#   4]+0.117*[#   7]
          +0.117*[#   8]
    |psi|^2 = 0.988
==== e(   2) =   -16.44771 eV ==== 
     psi = 0.173*[#   3]+0.173*[#   4]+0.173*[#   7]+0.173*[#   8]+0.148*[#   1]
          +0.148*[#   5]
    |psi|^2 = 0.987
==== e(   3) =   -11.91219 eV ==== 
     psi = 0.233*[#   3]+0.233*[#   4]+0.233*[#   7]+0.233*[#   8]+0.032*[#   1]
          +0.032*[#   5]
    |psi|^2 = 0.993
==== e(   4) =    -6.61338 eV ==== 
     psi = 0.498*[#   2]+0.498*[#   6]
    |psi|^2 = 0.997
==== e(   5) =    -2.19498 eV ==== 
     psi = 0.482*[#   2]+0.482*[#   6]
    |psi|^2 = 0.964
==== e(   6) =     5.01664 eV ==== 
     psi = 0.291*[#   1]+0.291*[#   5]+0.066*[#   3]+0.066*[#   4]+0.066*[#   7]
          +0.066*[#   8]
    |psi|^2 = 0.848
==== e(   7) =     5.83974 eV ==== 
     psi = 0.004*[#   1]+0.004*[#   5]+0.004*[#   3]+0.004*[#   4]+0.004*[#   7]
          +0.004*[#   8]
    |psi|^2 = 0.023
==== e(   8) =     6.61359 eV ==== 
     psi = 0.003*[#   2]+0.003*[#   6]
    |psi|^2 = 0.007

 k =   0.1363636364  0.5336116124  0.0000000000
==== e(   1) =   -18.68980 eV ==== 
     psi = 0.265*[#   1]+0.265*[#   5]+0.115*[#   3]+0.115*[#   4]+0.115*[#   7]
          +0.115*[#   8]
    |psi|^2 = 0.989
==== e(   2) =   -16.75776 eV ==== 
     psi = 0.175*[#   3]+0.175*[#   4]+0.175*[#   7]+0.175*[#   8]+0.143*[#   1]
          +0.143*[#   5]
    |psi|^2 = 0.985
==== e(   3) =   -11.94683 eV ==== 
     psi = 0.233*[#   3]+0.233*[#   4]+0.233*[#   7]+0.233*[#   8]+0.032*[#   1]
          +0.032*[#   5]
    |psi|^2 = 0.993
==== e(   4) =    -6.42630 eV ==== 
     psi = 0.499*[#   2]+0.499*[#   6]
    |psi|^2 = 0.997
==== e(   5) =    -2.42235 eV ==== 
     psi = 0.482*[#   2]+0.482*[#   6]
    |psi|^2 = 0.963
==== e(   6) =     5.00335 eV ==== 
     psi = 0.296*[#   1]+0.296*[#   5]+0.066*[#   3]+0.066*[#   4]+0.066*[#   7]
          +0.066*[#   8]
    |psi|^2 = 0.857
==== e(   7) =     6.25829 eV ==== 
     psi = 0.003*[#   1]+0.003*[#   5]+0.002*[#   3]+0.002*[#   4]+0.002*[#   7]
          +0.002*[#   8]
    |psi|^2 = 0.014
==== e(   8) =     6.97793 eV ==== 
     psi = 0.004*[#   2]+0.004*[#   6]
    |psi|^2 = 0.009

 k =   0.1363636364  0.5511070751  0.0000000000
==== e(   1) =   -18.44888 eV ==== 
     psi = 0.276*[#   1]+0.276*[#   5]+0.110*[#   3]+0.110*[#   4]+0.110*[#   7]
          +0.110*[#   8]
    |psi|^2 = 0.991
==== e(   2) =   -17.02786 eV ==== 
     psi = 0.180*[#   3]+0.180*[#   4]+0.180*[#   7]+0.180*[#   8]+0.132*[#   1]
          +0.132*[#   5]
    |psi|^2 = 0.984
==== e(   3) =   -11.96992 eV ==== 
     psi = 0.232*[#   3]+0.232*[#   4]+0.232*[#   7]+0.232*[#   8]+0.032*[#   1]
          +0.032*[#   5]
    |psi|^2 = 0.993
==== e(   4) =    -6.28795 eV ==== 
     psi = 0.499*[#   2]+0.499*[#   6]
    |psi|^2 = 0.998
==== e(   5) =    -2.58773 eV ==== 
     psi = 0.482*[#   2]+0.482*[#   6]
    |psi|^2 = 0.963
==== e(   6) =     4.99338 eV ==== 
     psi = 0.299*[#   1]+0.299*[#   5]+0.066*[#   3]+0.066*[#   4]+0.066*[#   7]
          +0.066*[#   8]
    |psi|^2 = 0.860
==== e(   7) =     6.68788 eV ==== 
     psi = 0.003*[#   1]+0.003*[#   5]+0.002*[#   3]+0.002*[#   4]+0.002*[#   7]
          +0.002*[#   8]
    |psi|^2 = 0.013
==== e(   8) =     7.30890 eV ==== 
     psi = 0.006*[#   2]+0.006*[#   6]
    |psi|^2 = 0.012

 k =   0.1363636364  0.5686025378  0.0000000000
==== e(   1) =   -18.28434 eV ==== 
     psi = 0.291*[#   1]+0.291*[#   5]+0.103*[#   3]+0.103*[#   4]+0.103*[#   7]
          +0.103*[#   8]
    |psi|^2 = 0.993
==== e(   2) =   -17.20703 eV ==== 
     psi = 0.187*[#   3]+0.187*[#   4]+0.187*[#   7]+0.187*[#   8]+0.117*[#   1]
          +0.117*[#   5]
    |psi|^2 = 0.982
==== e(   3) =   -11.98147 eV ==== 
     psi = 0.232*[#   3]+0.232*[#   4]+0.232*[#   7]+0.232*[#   8]+0.032*[#   1]
          +0.032*[#   5]
    |psi|^2 = 0.993
==== e(   4) =    -6.21365 eV ==== 
     psi = 0.499*[#   2]+0.499*[#   6]
    |psi|^2 = 0.998
==== e(   5) =    -2.67561 eV ==== 
     psi = 0.482*[#   2]+0.482*[#   6]
    |psi|^2 = 0.963
==== e(   6) =     4.98818 eV ==== 
     psi = 0.300*[#   1]+0.300*[#   5]+0.065*[#   3]+0.065*[#   4]+0.065*[#   7]
          +0.065*[#   8]
    |psi|^2 = 0.861
==== e(   7) =     7.11806 eV ==== 
     psi = 0.005*[#   1]+0.005*[#   5]+0.002*[#   3]+0.002*[#   4]+0.002*[#   7]
          +0.002*[#   8]
    |psi|^2 = 0.017
==== e(   8) =     7.54154 eV ==== 
     psi = 0.008*[#   2]+0.008*[#   6]
    |psi|^2 = 0.016

 k =   0.1515151515  0.2624319405  0.0000000000
==== e(   1) =   -22.16869 eV ==== 
     psi = 0.336*[#   1]+0.336*[#   5]+0.078*[#   3]+0.078*[#   4]+0.078*[#   7]
          +0.078*[#   8]
    |psi|^2 = 0.982
==== e(   2) =   -11.47844 eV ==== 
     psi = 0.205*[#   3]+0.205*[#   4]+0.205*[#   7]+0.205*[#   8]+0.088*[#   1]
          +0.088*[#   5]
    |psi|^2 = 0.997
==== e(   3) =   -10.21023 eV ==== 
     psi = 0.236*[#   3]+0.236*[#   4]+0.236*[#   7]+0.236*[#   8]+0.023*[#   1]
          +0.023*[#   5]
    |psi|^2 = 0.990
==== e(   4) =    -9.96295 eV ==== 
     psi = 0.490*[#   2]+0.490*[#   6]
    |psi|^2 = 0.981
==== e(   5) =     1.25534 eV ==== 
     psi = 0.009*[#   3]+0.009*[#   4]+0.009*[#   7]+0.009*[#   8]
    |psi|^2 = 0.036
==== e(   6) =     2.16653 eV ==== 
     psi = 0.005*[#   2]+0.005*[#   6]
    |psi|^2 = 0.010
==== e(   7) =     2.80792 eV ==== 
     psi = 0.484*[#   2]+0.484*[#   6]
    |psi|^2 = 0.969
==== e(   8) =     3.97461 eV ==== 

    |psi|^2 = 0.004

 k =   0.1515151515  0.2799274032  0.0000000000
==== e(   1) =   -22.00431 eV ==== 
     psi = 0.328*[#   1]+0.328*[#   5]+0.082*[#   3]+0.082*[#   4]+0.082*[#   7]
          +0.082*[#   8]
    |psi|^2 = 0.982
==== e(   2) =   -11.76658 eV ==== 
     psi = 0.202*[#   3]+0.202*[#   4]+0.202*[#   7]+0.202*[#   8]+0.094*[#   1]
          +0.094*[#   5]
    |psi|^2 = 0.997
==== e(   3) =   -10.43940 eV ==== 
     psi = 0.235*[#   3]+0.235*[#   4]+0.235*[#   7]+0.235*[#   8]+0.025*[#   1]
          +0.025*[#   5]
    |psi|^2 = 0.990
==== e(   4) =    -9.77200 eV ==== 
     psi = 0.492*[#   2]+0.492*[#   6]
    |psi|^2 = 0.983
==== e(   5) =     1.48257 eV ==== 
     psi = 0.008*[#   3]+0.008*[#   4]+0.008*[#   7]+0.008*[#   8]
    |psi|^2 = 0.034
==== e(   6) =     2.38954 eV ==== 
     psi = 0.024*[#   2]+0.024*[#   6]
    |psi|^2 = 0.048
==== e(   7) =     2.47080 eV ==== 
     psi = 0.465*[#   2]+0.465*[#   6]
    |psi|^2 = 0.930
==== e(   8) =     4.20368 eV ==== 

    |psi|^2 = 0.004

 k =   0.1515151515  0.2974228659  0.0000000000
==== e(   1) =   -21.82978 eV ==== 
     psi = 0.320*[#   1]+0.320*[#   5]+0.085*[#   3]+0.085*[#   4]+0.085*[#   7]
          +0.085*[#   8]
    |psi|^2 = 0.982
==== e(   2) =   -12.07043 eV ==== 
     psi = 0.199*[#   3]+0.199*[#   4]+0.199*[#   7]+0.199*[#   8]+0.100*[#   1]
          +0.100*[#   5]
    |psi|^2 = 0.996
==== e(   3) =   -10.65583 eV ==== 
     psi = 0.234*[#   3]+0.234*[#   4]+0.234*[#   7]+0.234*[#   8]+0.027*[#   1]
          +0.027*[#   5]
    |psi|^2 = 0.990
==== e(   4) =    -9.57022 eV ==== 
     psi = 0.493*[#   2]+0.493*[#   6]
    |psi|^2 = 0.985
==== e(   5) =     1.72423 eV ==== 
     psi = 0.008*[#   3]+0.008*[#   4]+0.008*[#   7]+0.008*[#   8]
    |psi|^2 = 0.031
==== e(   6) =     2.11624 eV ==== 
     psi = 0.482*[#   2]+0.482*[#   6]
    |psi|^2 = 0.965
==== e(   7) =     2.63545 eV ==== 
     psi = 0.006*[#   2]+0.006*[#   6]
    |psi|^2 = 0.012
==== e(   8) =     4.44696 eV ==== 
     psi = 0.001*[#   1]+0.001*[#   5]
    |psi|^2 = 0.004

 k =   0.1515151515  0.3149183286  0.0000000000
==== e(   1) =   -21.64523 eV ==== 
     psi = 0.313*[#   1]+0.313*[#   5]+0.089*[#   3]+0.089*[#   4]+0.089*[#   7]
          +0.089*[#   8]
    |psi|^2 = 0.982
==== e(   2) =   -12.38904 eV ==== 
     psi = 0.196*[#   3]+0.196*[#   4]+0.196*[#   7]+0.196*[#   8]+0.105*[#   1]
          +0.105*[#   5]
    |psi|^2 = 0.996
==== e(   3) =   -10.85754 eV ==== 
     psi = 0.234*[#   3]+0.234*[#   4]+0.234*[#   7]+0.234*[#   8]+0.028*[#   1]
          +0.028*[#   5]
    |psi|^2 = 0.991
==== e(   4) =    -9.35802 eV ==== 
     psi = 0.494*[#   2]+0.494*[#   6]
    |psi|^2 = 0.987
==== e(   5) =     1.75969 eV ==== 
     psi = 0.483*[#   2]+0.483*[#   6]
    |psi|^2 = 0.967
==== e(   6) =     1.98026 eV ==== 
     psi = 0.007*[#   3]+0.007*[#   4]+0.007*[#   7]+0.007*[#   8]
    |psi|^2 = 0.029
==== e(   7) =     2.89004 eV ==== 
     psi = 0.004*[#   2]+0.004*[#   6]
    |psi|^2 = 0.009
==== e(   8) =     4.70401 eV ==== 
     psi = 0.002*[#   1]+0.002*[#   5]
    |psi|^2 = 0.006

 k =   0.1515151515  0.3324137914  0.0000000000
==== e(   1) =   -21.45077 eV ==== 
     psi = 0.305*[#   1]+0.305*[#   5]+0.093*[#   3]+0.093*[#   4]+0.093*[#   7]
          +0.093*[#   8]
    |psi|^2 = 0.982
==== e(   2) =   -12.72053 eV ==== 
     psi = 0.193*[#   3]+0.193*[#   4]+0.193*[#   7]+0.193*[#   8]+0.111*[#   1]
          +0.111*[#   5]
    |psi|^2 = 0.995
==== e(   3) =   -11.04381 eV ==== 
     psi = 0.233*[#   3]+0.233*[#   4]+0.233*[#   7]+0.233*[#   8]+0.029*[#   1]
          +0.029*[#   5]
    |psi|^2 = 0.991
==== e(   4) =    -9.13587 eV ==== 
     psi = 0.495*[#   2]+0.495*[#   6]
    |psi|^2 = 0.989
==== e(   5) =     1.39700 eV ==== 
     psi = 0.484*[#   2]+0.484*[#   6]
    |psi|^2 = 0.967
==== e(   6) =     2.25060 eV ==== 
     psi = 0.006*[#   3]+0.006*[#   4]+0.006*[#   7]+0.006*[#   8]
    |psi|^2 = 0.026
==== e(   7) =     3.15869 eV ==== 
     psi = 0.004*[#   2]+0.004*[#   6]
    |psi|^2 = 0.007
==== e(   8) =     4.97371 eV ==== 
     psi = 0.004*[#   1]+0.004*[#   5]
    |psi|^2 = 0.011

 k =   0.1515151515  0.3499092541  0.0000000000
==== e(   1) =   -21.24655 eV ==== 
     psi = 0.298*[#   1]+0.298*[#   5]+0.096*[#   3]+0.096*[#   4]+0.096*[#   7]
          +0.096*[#   8]
    |psi|^2 = 0.982
==== e(   2) =   -13.06250 eV ==== 
     psi = 0.190*[#   3]+0.190*[#   4]+0.190*[#   7]+0.190*[#   8]+0.116*[#   1]
          +0.116*[#   5]
    |psi|^2 = 0.994
==== e(   3) =   -11.21473 eV ==== 
     psi = 0.233*[#   3]+0.233*[#   4]+0.233*[#   7]+0.233*[#   8]+0.031*[#   1]
          +0.031*[#   5]
    |psi|^2 = 0.991
==== e(   4) =    -8.90437 eV ==== 
     psi = 0.495*[#   2]+0.495*[#   6]
    |psi|^2 = 0.991
==== e(   5) =     1.02984 eV ==== 
     psi = 0.484*[#   2]+0.484*[#   6]
    |psi|^2 = 0.967
==== e(   6) =     2.53515 eV ==== 
     psi = 0.006*[#   3]+0.006*[#   4]+0.006*[#   7]+0.006*[#   8]
    |psi|^2 = 0.022
==== e(   7) =     3.44096 eV ==== 
     psi = 0.003*[#   2]+0.003*[#   6]
    |psi|^2 = 0.006
==== e(   8) =     5.25229 eV ==== 
     psi = 0.010*[#   1]+0.010*[#   5]+0.003*[#   3]+0.003*[#   4]+0.003*[#   7]
          +0.003*[#   8]
    |psi|^2 = 0.032

 k =   0.1515151515  0.3674047168  0.0000000000
==== e(   1) =   -21.03275 eV ==== 
     psi = 0.292*[#   1]+0.292*[#   5]+0.100*[#   3]+0.100*[#   4]+0.100*[#   7]
          +0.100*[#   8]
    |psi|^2 = 0.982
==== e(   2) =   -13.41234 eV ==== 
     psi = 0.188*[#   3]+0.188*[#   4]+0.188*[#   7]+0.188*[#   8]+0.122*[#   1]
          +0.122*[#   5]
    |psi|^2 = 0.994
==== e(   3) =   -11.37080 eV ==== 
     psi = 0.232*[#   3]+0.232*[#   4]+0.232*[#   7]+0.232*[#   8]+0.032*[#   1]
          +0.032*[#   5]
    |psi|^2 = 0.991
==== e(   4) =    -8.66425 eV ==== 
     psi = 0.496*[#   2]+0.496*[#   6]
    |psi|^2 = 0.992
==== e(   5) =     0.65984 eV ==== 
     psi = 0.484*[#   2]+0.484*[#   6]
    |psi|^2 = 0.967
==== e(   6) =     2.83381 eV ==== 
     psi = 0.005*[#   3]+0.005*[#   4]+0.005*[#   7]+0.005*[#   8]
    |psi|^2 = 0.019
==== e(   7) =     3.73652 eV ==== 
     psi = 0.003*[#   2]+0.003*[#   6]
    |psi|^2 = 0.005
==== e(   8) =     5.51622 eV ==== 
     psi = 0.054*[#   1]+0.054*[#   5]+0.020*[#   3]+0.020*[#   4]+0.020*[#   7]
          +0.020*[#   8]
    |psi|^2 = 0.189

 k =   0.1515151515  0.3849001795  0.0000000000
==== e(   1) =   -20.80957 eV ==== 
     psi = 0.286*[#   1]+0.286*[#   5]+0.103*[#   3]+0.103*[#   4]+0.103*[#   7]
          +0.103*[#   8]
    |psi|^2 = 0.983
==== e(   2) =   -13.76759 eV ==== 
     psi = 0.185*[#   3]+0.185*[#   4]+0.185*[#   7]+0.185*[#   8]+0.127*[#   1]
          +0.127*[#   5]
    |psi|^2 = 0.993
==== e(   3) =   -11.51263 eV ==== 
     psi = 0.232*[#   3]+0.232*[#   4]+0.232*[#   7]+0.232*[#   8]+0.032*[#   1]
          +0.032*[#   5]
    |psi|^2 = 0.992
==== e(   4) =    -8.41642 eV ==== 
     psi = 0.497*[#   2]+0.497*[#   6]
    |psi|^2 = 0.993
==== e(   5) =     0.28877 eV ==== 
     psi = 0.484*[#   2]+0.484*[#   6]
    |psi|^2 = 0.967
==== e(   6) =     3.14642 eV ==== 
     psi = 0.004*[#   3]+0.004*[#   4]+0.004*[#   7]+0.004*[#   8]
    |psi|^2 = 0.016
==== e(   7) =     4.04497 eV ==== 
     psi = 0.002*[#   2]+0.002*[#   6]
    |psi|^2 = 0.005
==== e(   8) =     5.62770 eV ==== 
     psi = 0.194*[#   1]+0.194*[#   5]+0.080*[#   3]+0.080*[#   4]+0.080*[#   7]
          +0.080*[#   8]
    |psi|^2 = 0.710

 k =   0.1515151515  0.4023956422  0.0000000000
==== e(   1) =   -20.57727 eV ==== 
     psi = 0.280*[#   1]+0.280*[#   5]+0.106*[#   3]+0.106*[#   4]+0.106*[#   7]
          +0.106*[#   8]
    |psi|^2 = 0.983
==== e(   2) =   -14.12594 eV ==== 
     psi = 0.182*[#   3]+0.182*[#   4]+0.182*[#   7]+0.182*[#   8]+0.132*[#   1]
          +0.132*[#   5]
    |psi|^2 = 0.992
==== e(   3) =   -11.64081 eV ==== 
     psi = 0.231*[#   3]+0.231*[#   4]+0.231*[#   7]+0.231*[#   8]+0.033*[#   1]
          +0.033*[#   5]
    |psi|^2 = 0.992
==== e(   4) =    -8.16203 eV ==== 
     psi = 0.497*[#   2]+0.497*[#   6]
    |psi|^2 = 0.994
==== e(   5) =    -0.08138 eV ==== 
     psi = 0.483*[#   2]+0.483*[#   6]
    |psi|^2 = 0.967
==== e(   6) =     3.47279 eV ==== 
     psi = 0.003*[#   3]+0.003*[#   4]+0.003*[#   7]+0.003*[#   8]
    |psi|^2 = 0.014
==== e(   7) =     4.36579 eV ==== 
     psi = 0.002*[#   2]+0.002*[#   6]
    |psi|^2 = 0.004
==== e(   8) =     5.61237 eV ==== 
     psi = 0.232*[#   1]+0.232*[#   5]+0.089*[#   3]+0.089*[#   4]+0.089*[#   7]
          +0.089*[#   8]
    |psi|^2 = 0.821

 k =   0.1515151515  0.4198911049  0.0000000000
==== e(   1) =   -20.33617 eV ==== 
     psi = 0.274*[#   1]+0.274*[#   5]+0.109*[#   3]+0.109*[#   4]+0.109*[#   7]
          +0.109*[#   8]
    |psi|^2 = 0.984
==== e(   2) =   -14.48534 eV ==== 
     psi = 0.180*[#   3]+0.180*[#   4]+0.180*[#   7]+0.180*[#   8]+0.136*[#   1]
          +0.136*[#   5]
    |psi|^2 = 0.992
==== e(   3) =   -11.75583 eV ==== 
     psi = 0.231*[#   3]+0.231*[#   4]+0.231*[#   7]+0.231*[#   8]+0.034*[#   1]
          +0.034*[#   5]
    |psi|^2 = 0.992
==== e(   4) =    -7.90259 eV ==== 
     psi = 0.498*[#   2]+0.498*[#   6]
    |psi|^2 = 0.995
==== e(   5) =    -0.44830 eV ==== 
     psi = 0.483*[#   2]+0.483*[#   6]
    |psi|^2 = 0.967
==== e(   6) =     3.81264 eV ==== 
     psi = 0.002*[#   3]+0.002*[#   4]+0.002*[#   7]+0.002*[#   8]
    |psi|^2 = 0.011
==== e(   7) =     4.69825 eV ==== 
     psi = 0.002*[#   2]+0.002*[#   6]
    |psi|^2 = 0.004
==== e(   8) =     5.57804 eV ==== 
     psi = 0.247*[#   1]+0.247*[#   5]+0.087*[#   3]+0.087*[#   4]+0.087*[#   7]
          +0.087*[#   8]
    |psi|^2 = 0.843

 k =   0.1515151515  0.4373865676  0.0000000000
==== e(   1) =   -20.08672 eV ==== 
     psi = 0.269*[#   1]+0.269*[#   5]+0.111*[#   3]+0.111*[#   4]+0.111*[#   7]
          +0.111*[#   8]
    |psi|^2 = 0.984
==== e(   2) =   -14.84390 eV ==== 
     psi = 0.178*[#   3]+0.178*[#   4]+0.178*[#   7]+0.178*[#   8]+0.140*[#   1]
          +0.140*[#   5]
    |psi|^2 = 0.991
==== e(   3) =   -11.85806 eV ==== 
     psi = 0.231*[#   3]+0.231*[#   4]+0.231*[#   7]+0.231*[#   8]+0.034*[#   1]
          +0.034*[#   5]
    |psi|^2 = 0.992
==== e(   4) =    -7.64012 eV ==== 
     psi = 0.498*[#   2]+0.498*[#   6]
    |psi|^2 = 0.996
==== e(   5) =    -0.80923 eV ==== 
     psi = 0.483*[#   2]+0.483*[#   6]
    |psi|^2 = 0.967
==== e(   6) =     4.16549 eV ==== 
     psi = 0.002*[#   3]+0.002*[#   4]+0.002*[#   7]+0.002*[#   8]+0.001*[#   1]
          +0.001*[#   5]
    |psi|^2 = 0.010
==== e(   7) =     5.04138 eV ==== 
     psi = 0.002*[#   2]+0.002*[#   6]
    |psi|^2 = 0.004
==== e(   8) =     5.54134 eV ==== 
     psi = 0.256*[#   1]+0.256*[#   5]+0.084*[#   3]+0.084*[#   4]+0.084*[#   7]
          +0.084*[#   8]
    |psi|^2 = 0.849

 k =   0.1515151515  0.4548820303  0.0000000000
==== e(   1) =   -19.82951 eV ==== 
     psi = 0.265*[#   1]+0.265*[#   5]+0.114*[#   3]+0.114*[#   4]+0.114*[#   7]
          +0.114*[#   8]
    |psi|^2 = 0.985
==== e(   2) =   -15.19981 eV ==== 
     psi = 0.176*[#   3]+0.176*[#   4]+0.176*[#   7]+0.176*[#   8]+0.144*[#   1]
          +0.144*[#   5]
    |psi|^2 = 0.990
==== e(   3) =   -11.94782 eV ==== 
     psi = 0.231*[#   3]+0.231*[#   4]+0.231*[#   7]+0.231*[#   8]+0.035*[#   1]
          +0.035*[#   5]
    |psi|^2 = 0.992
==== e(   4) =    -7.37732 eV ==== 
     psi = 0.498*[#   2]+0.498*[#   6]
    |psi|^2 = 0.996
==== e(   5) =    -1.16073 eV ==== 
     psi = 0.483*[#   2]+0.483*[#   6]
    |psi|^2 = 0.967
==== e(   6) =     4.53032 eV ==== 
     psi = 0.003*[#   1]+0.003*[#   5]+0.001*[#   3]+0.001*[#   4]+0.001*[#   7]
          +0.001*[#   8]
    |psi|^2 = 0.011
==== e(   7) =     5.39373 eV ==== 
     psi = 0.002*[#   2]+0.002*[#   6]
    |psi|^2 = 0.004
==== e(   8) =     5.50707 eV ==== 
     psi = 0.263*[#   1]+0.263*[#   5]+0.081*[#   3]+0.081*[#   4]+0.081*[#   7]
          +0.081*[#   8]
    |psi|^2 = 0.850

 k =   0.1515151515  0.4723774930  0.0000000000
==== e(   1) =   -19.56542 eV ==== 
     psi = 0.261*[#   1]+0.261*[#   5]+0.116*[#   3]+0.116*[#   4]+0.116*[#   7]
          +0.116*[#   8]
    |psi|^2 = 0.986
==== e(   2) =   -15.55118 eV ==== 
     psi = 0.174*[#   3]+0.174*[#   4]+0.174*[#   7]+0.174*[#   8]+0.147*[#   1]
          +0.147*[#   5]
    |psi|^2 = 0.990
==== e(   3) =   -12.02531 eV ==== 
     psi = 0.231*[#   3]+0.231*[#   4]+0.231*[#   7]+0.231*[#   8]+0.035*[#   1]
          +0.035*[#   5]
    |psi|^2 = 0.993
==== e(   4) =    -7.11795 eV ==== 
     psi = 0.498*[#   2]+0.498*[#   6]
    |psi|^2 = 0.996
==== e(   5) =    -1.49839 eV ==== 
     psi = 0.483*[#   2]+0.483*[#   6]
    |psi|^2 = 0.967
==== e(   6) =     4.90387 eV ==== 
     psi = 0.010*[#   1]+0.010*[#   5]+0.001*[#   3]+0.001*[#   4]+0.001*[#   7]
          +0.001*[#   8]
    |psi|^2 = 0.024
==== e(   7) =     5.47997 eV ==== 
     psi = 0.264*[#   1]+0.264*[#   5]+0.077*[#   3]+0.077*[#   4]+0.077*[#   7]
          +0.077*[#   8]
    |psi|^2 = 0.837
==== e(   8) =     5.75318 eV ==== 
     psi = 0.002*[#   2]+0.002*[#   6]
    |psi|^2 = 0.004

 k =   0.1515151515  0.4898729557  0.0000000000
==== e(   1) =   -19.29590 eV ==== 
     psi = 0.259*[#   1]+0.259*[#   5]+0.117*[#   3]+0.117*[#   4]+0.117*[#   7]
          +0.117*[#   8]
    |psi|^2 = 0.986
==== e(   2) =   -15.89578 eV ==== 
     psi = 0.173*[#   3]+0.173*[#   4]+0.173*[#   7]+0.173*[#   8]+0.149*[#   1]
          +0.149*[#   5]
    |psi|^2 = 0.989
==== e(   3) =   -12.09068 eV ==== 
     psi = 0.230*[#   3]+0.230*[#   4]+0.230*[#   7]+0.230*[#   8]+0.035*[#   1]
          +0.035*[#   5]
    |psi|^2 = 0.993
==== e(   4) =    -6.86733 eV ==== 
     psi = 0.498*[#   2]+0.498*[#   6]
    |psi|^2 = 0.997
==== e(   5) =    -1.81631 eV ==== 
     psi = 0.483*[#   2]+0.483*[#   6]
    |psi|^2 = 0.967
==== e(   6) =     5.25942 eV ==== 
     psi = 0.072*[#   1]+0.072*[#   5]+0.012*[#   3]+0.012*[#   4]+0.012*[#   7]
          +0.012*[#   8]
    |psi|^2 = 0.194
==== e(   7) =     5.48738 eV ==== 
     psi = 0.207*[#   1]+0.207*[#   5]+0.063*[#   3]+0.063*[#   4]+0.063*[#   7]
          +0.063*[#   8]
    |psi|^2 = 0.667
==== e(   8) =     6.11638 eV ==== 
     psi = 0.002*[#   2]+0.002*[#   6]
    |psi|^2 = 0.005

 k =   0.1515151515  0.5073684184  0.0000000000
==== e(   1) =   -19.02347 eV ==== 
     psi = 0.258*[#   1]+0.258*[#   5]+0.118*[#   3]+0.118*[#   4]+0.118*[#   7]
          +0.118*[#   8]
    |psi|^2 = 0.987
==== e(   2) =   -16.23045 eV ==== 
     psi = 0.172*[#   3]+0.172*[#   4]+0.172*[#   7]+0.172*[#   8]+0.149*[#   1]
          +0.149*[#   5]
    |psi|^2 = 0.988
==== e(   3) =   -12.14406 eV ==== 
     psi = 0.230*[#   3]+0.230*[#   4]+0.230*[#   7]+0.230*[#   8]+0.036*[#   1]
          +0.036*[#   5]
    |psi|^2 = 0.993
==== e(   4) =    -6.63298 eV ==== 
     psi = 0.498*[#   2]+0.498*[#   6]
    |psi|^2 = 0.997
==== e(   5) =    -2.10646 eV ==== 
     psi = 0.483*[#   2]+0.483*[#   6]
    |psi|^2 = 0.967
==== e(   6) =     5.37931 eV ==== 
     psi = 0.266*[#   1]+0.266*[#   5]+0.063*[#   3]+0.063*[#   4]+0.063*[#   7]
          +0.063*[#   8]
    |psi|^2 = 0.785
==== e(   7) =     5.74702 eV ==== 
     psi = 0.019*[#   1]+0.019*[#   5]+0.010*[#   3]+0.010*[#   4]+0.010*[#   7]
          +0.010*[#   8]
    |psi|^2 = 0.077
==== e(   8) =     6.47775 eV ==== 
     psi = 0.003*[#   2]+0.003*[#   6]
    |psi|^2 = 0.006

 k =   0.1515151515  0.5248638811  0.0000000000
==== e(   1) =   -18.75319 eV ==== 
     psi = 0.260*[#   1]+0.260*[#   5]+0.117*[#   3]+0.117*[#   4]+0.117*[#   7]
          +0.117*[#   8]
    |psi|^2 = 0.989
==== e(   2) =   -16.54963 eV ==== 
     psi = 0.173*[#   3]+0.173*[#   4]+0.173*[#   7]+0.173*[#   8]+0.147*[#   1]
          +0.147*[#   5]
    |psi|^2 = 0.987
==== e(   3) =   -12.18550 eV ==== 
     psi = 0.230*[#   3]+0.230*[#   4]+0.230*[#   7]+0.230*[#   8]+0.036*[#   1]
          +0.036*[#   5]
    |psi|^2 = 0.993
==== e(   4) =    -6.42543 eV ==== 
     psi = 0.499*[#   2]+0.499*[#   6]
    |psi|^2 = 0.997
==== e(   5) =    -2.35786 eV ==== 
     psi = 0.483*[#   2]+0.483*[#   6]
    |psi|^2 = 0.967
==== e(   6) =     5.37425 eV ==== 
     psi = 0.285*[#   1]+0.285*[#   5]+0.068*[#   3]+0.068*[#   4]+0.068*[#   7]
          +0.068*[#   8]
    |psi|^2 = 0.840
==== e(   7) =     6.14774 eV ==== 
     psi = 0.004*[#   1]+0.004*[#   5]+0.003*[#   3]+0.003*[#   4]+0.003*[#   7]
          +0.003*[#   8]
    |psi|^2 = 0.023
==== e(   8) =     6.82733 eV ==== 
     psi = 0.004*[#   2]+0.004*[#   6]
    |psi|^2 = 0.008

 k =   0.1515151515  0.5423593438  0.0000000000
==== e(   1) =   -18.49679 eV ==== 
     psi = 0.267*[#   1]+0.267*[#   5]+0.114*[#   3]+0.114*[#   4]+0.114*[#   7]
          +0.114*[#   8]
    |psi|^2 = 0.990
==== e(   2) =   -16.84121 eV ==== 
     psi = 0.176*[#   3]+0.176*[#   4]+0.176*[#   7]+0.176*[#   8]+0.140*[#   1]
          +0.140*[#   5]
    |psi|^2 = 0.985
==== e(   3) =   -12.21508 eV ==== 
     psi = 0.230*[#   3]+0.230*[#   4]+0.230*[#   7]+0.230*[#   8]+0.036*[#   1]
          +0.036*[#   5]
    |psi|^2 = 0.993
==== e(   4) =    -6.25863 eV ==== 
     psi = 0.499*[#   2]+0.499*[#   6]
    |psi|^2 = 0.997
==== e(   5) =    -2.55623 eV ==== 
     psi = 0.483*[#   2]+0.483*[#   6]
    |psi|^2 = 0.966
==== e(   6) =     5.36376 eV ==== 
     psi = 0.289*[#   1]+0.289*[#   5]+0.068*[#   3]+0.068*[#   4]+0.068*[#   7]
          +0.068*[#   8]
    |psi|^2 = 0.850
==== e(   7) =     6.56880 eV ==== 
     psi = 0.003*[#   1]+0.003*[#   5]+0.002*[#   3]+0.002*[#   4]+0.002*[#   7]
          +0.002*[#   8]
    |psi|^2 = 0.015
==== e(   8) =     7.14559 eV ==== 
     psi = 0.005*[#   2]+0.005*[#   6]
    |psi|^2 = 0.011

 k =   0.1515151515  0.5598548065  0.0000000000
==== e(   1) =   -18.28536 eV ==== 
     psi = 0.280*[#   1]+0.280*[#   5]+0.108*[#   3]+0.108*[#   4]+0.108*[#   7]
          +0.108*[#   8]
    |psi|^2 = 0.992
==== e(   2) =   -17.07385 eV ==== 
     psi = 0.183*[#   3]+0.183*[#   4]+0.183*[#   7]+0.183*[#   8]+0.126*[#   1]
          +0.126*[#   5]
    |psi|^2 = 0.983
==== e(   3) =   -12.23281 eV ==== 
     psi = 0.230*[#   3]+0.230*[#   4]+0.230*[#   7]+0.230*[#   8]+0.036*[#   1]
          +0.036*[#   5]
    |psi|^2 = 0.993
==== e(   4) =    -6.14882 eV ==== 
     psi = 0.499*[#   2]+0.499*[#   6]
    |psi|^2 = 0.998
==== e(   5) =    -2.68509 eV ==== 
     psi = 0.483*[#   2]+0.483*[#   6]
    |psi|^2 = 0.966
==== e(   6) =     5.35647 eV ==== 
     psi = 0.291*[#   1]+0.291*[#   5]+0.067*[#   3]+0.067*[#   4]+0.067*[#   7]
          +0.067*[#   8]
    |psi|^2 = 0.852
==== e(   7) =     6.99783 eV ==== 
     psi = 0.005*[#   1]+0.005*[#   5]+0.002*[#   3]+0.002*[#   4]+0.002*[#   7]
          +0.002*[#   8]
    |psi|^2 = 0.017
==== e(   8) =     7.39169 eV ==== 
     psi = 0.007*[#   2]+0.007*[#   6]
    |psi|^2 = 0.014

 k =   0.1515151515  0.5773502692  0.0000000000
==== e(   1) =   -18.19369 eV ==== 
     psi = 0.291*[#   1]+0.291*[#   5]+0.103*[#   3]+0.103*[#   4]+0.103*[#   7]
          +0.103*[#   8]
    |psi|^2 = 0.993
==== e(   2) =   -17.17260 eV ==== 
     psi = 0.188*[#   3]+0.188*[#   4]+0.188*[#   7]+0.188*[#   8]+0.116*[#   1]
          +0.116*[#   5]
    |psi|^2 = 0.982
==== e(   3) =   -12.23872 eV ==== 
     psi = 0.230*[#   3]+0.230*[#   4]+0.230*[#   7]+0.230*[#   8]+0.036*[#   1]
          +0.036*[#   5]
    |psi|^2 = 0.993
==== e(   4) =    -6.11025 eV ==== 
     psi = 0.499*[#   2]+0.499*[#   6]
    |psi|^2 = 0.998
==== e(   5) =    -2.73002 eV ==== 
     psi = 0.483*[#   2]+0.483*[#   6]
    |psi|^2 = 0.966
==== e(   6) =     5.35394 eV ==== 
     psi = 0.292*[#   1]+0.292*[#   5]+0.067*[#   3]+0.067*[#   4]+0.067*[#   7]
          +0.067*[#   8]
    |psi|^2 = 0.853
==== e(   7) =     7.35549 eV ==== 
     psi = 0.010*[#   1]+0.010*[#   5]+0.002*[#   3]+0.002*[#   4]+0.002*[#   7]
          +0.002*[#   8]
    |psi|^2 = 0.029
==== e(   8) =     7.49853 eV ==== 
     psi = 0.007*[#   2]+0.007*[#   6]
    |psi|^2 = 0.016

 k =   0.1666666667  0.2886751346  0.0000000000
==== e(   1) =   -21.83508 eV ==== 
     psi = 0.320*[#   1]+0.320*[#   5]+0.085*[#   3]+0.085*[#   4]+0.085*[#   7]
          +0.085*[#   8]
    |psi|^2 = 0.982
==== e(   2) =   -12.03438 eV ==== 
     psi = 0.199*[#   3]+0.199*[#   4]+0.199*[#   7]+0.199*[#   8]+0.100*[#   1]
          +0.100*[#   5]
    |psi|^2 = 0.997
==== e(   3) =   -10.68359 eV ==== 
     psi = 0.234*[#   3]+0.234*[#   4]+0.234*[#   7]+0.234*[#   8]+0.027*[#   1]
          +0.027*[#   5]
    |psi|^2 = 0.990
==== e(   4) =    -9.57615 eV ==== 
     psi = 0.493*[#   2]+0.493*[#   6]
    |psi|^2 = 0.985
==== e(   5) =     1.71697 eV ==== 
     psi = 0.008*[#   3]+0.008*[#   4]+0.008*[#   7]+0.008*[#   8]
    |psi|^2 = 0.032
==== e(   6) =     2.13374 eV ==== 
     psi = 0.485*[#   2]+0.485*[#   6]
    |psi|^2 = 0.970
==== e(   7) =     2.62566 eV ==== 
     psi = 0.004*[#   2]+0.004*[#   6]
    |psi|^2 = 0.008
==== e(   8) =     4.44028 eV ==== 
     psi = 0.001*[#   1]+0.001*[#   5]
    |psi|^2 = 0.004

 k =   0.1666666667  0.3061705973  0.0000000000
==== e(   1) =   -21.65580 eV ==== 
     psi = 0.313*[#   1]+0.313*[#   5]+0.089*[#   3]+0.089*[#   4]+0.089*[#   7]
          +0.089*[#   8]
    |psi|^2 = 0.982
==== e(   2) =   -12.31750 eV ==== 
     psi = 0.196*[#   3]+0.196*[#   4]+0.196*[#   7]+0.196*[#   8]+0.105*[#   1]
          +0.105*[#   5]
    |psi|^2 = 0.996
==== e(   3) =   -10.91470 eV ==== 
     psi = 0.233*[#   3]+0.233*[#   4]+0.233*[#   7]+0.233*[#   8]+0.029*[#   1]
          +0.029*[#   5]
    |psi|^2 = 0.990
==== e(   4) =    -9.36968 eV ==== 
     psi = 0.494*[#   2]+0.494*[#   6]
    |psi|^2 = 0.987
==== e(   5) =     1.79195 eV ==== 
     psi = 0.485*[#   2]+0.485*[#   6]
    |psi|^2 = 0.970
==== e(   6) =     1.96576 eV ==== 
     psi = 0.007*[#   3]+0.007*[#   4]+0.007*[#   7]+0.007*[#   8]
    |psi|^2 = 0.029
==== e(   7) =     2.87261 eV ==== 
     psi = 0.003*[#   2]+0.003*[#   6]
    |psi|^2 = 0.007
==== e(   8) =     4.69110 eV ==== 
     psi = 0.001*[#   1]+0.001*[#   5]
    |psi|^2 = 0.004

 k =   0.1666666667  0.3236660600  0.0000000000
==== e(   1) =   -21.46658 eV ==== 
     psi = 0.306*[#   1]+0.306*[#   5]+0.093*[#   3]+0.093*[#   4]+0.093*[#   7]
          +0.093*[#   8]
    |psi|^2 = 0.982
==== e(   2) =   -12.61628 eV ==== 
     psi = 0.194*[#   3]+0.194*[#   4]+0.194*[#   7]+0.194*[#   8]+0.111*[#   1]
          +0.111*[#   5]
    |psi|^2 = 0.996
==== e(   3) =   -11.12958 eV ==== 
     psi = 0.232*[#   3]+0.232*[#   4]+0.232*[#   7]+0.232*[#   8]+0.030*[#   1]
          +0.030*[#   5]
    |psi|^2 = 0.990
==== e(   4) =    -9.15304 eV ==== 
     psi = 0.494*[#   2]+0.494*[#   6]
    |psi|^2 = 0.989
==== e(   5) =     1.44341 eV ==== 
     psi = 0.485*[#   2]+0.485*[#   6]
    |psi|^2 = 0.970
==== e(   6) =     2.22887 eV ==== 
     psi = 0.006*[#   3]+0.006*[#   4]+0.006*[#   7]+0.006*[#   8]
    |psi|^2 = 0.026
==== e(   7) =     3.13345 eV ==== 
     psi = 0.003*[#   2]+0.003*[#   6]
    |psi|^2 = 0.006
==== e(   8) =     4.95576 eV ==== 
     psi = 0.002*[#   1]+0.002*[#   5]
    |psi|^2 = 0.006

 k =   0.1666666667  0.3411615227  0.0000000000
==== e(   1) =   -21.26756 eV ==== 
     psi = 0.299*[#   1]+0.299*[#   5]+0.096*[#   3]+0.096*[#   4]+0.096*[#   7]
          +0.096*[#   8]
    |psi|^2 = 0.982
==== e(   2) =   -12.92972 eV ==== 
     psi = 0.191*[#   3]+0.191*[#   4]+0.191*[#   7]+0.191*[#   8]+0.116*[#   1]
          +0.116*[#   5]
    |psi|^2 = 0.995
==== e(   3) =   -11.32667 eV ==== 
     psi = 0.232*[#   3]+0.232*[#   4]+0.232*[#   7]+0.232*[#   8]+0.032*[#   1]
          +0.032*[#   5]
    |psi|^2 = 0.990
==== e(   4) =    -8.92673 eV ==== 
     psi = 0.495*[#   2]+0.495*[#   6]
    |psi|^2 = 0.991
==== e(   5) =     1.08952 eV ==== 
     psi = 0.485*[#   2]+0.485*[#   6]
    |psi|^2 = 0.970
==== e(   6) =     2.50623 eV ==== 
     psi = 0.006*[#   3]+0.006*[#   4]+0.006*[#   7]+0.006*[#   8]
    |psi|^2 = 0.023
==== e(   7) =     3.40781 eV ==== 
     psi = 0.003*[#   2]+0.003*[#   6]
    |psi|^2 = 0.005
==== e(   8) =     5.23341 eV ==== 
     psi = 0.003*[#   1]+0.003*[#   5]
    |psi|^2 = 0.010

 k =   0.1666666667  0.3586569854  0.0000000000
==== e(   1) =   -21.05890 eV ==== 
     psi = 0.292*[#   1]+0.292*[#   5]+0.099*[#   3]+0.099*[#   4]+0.099*[#   7]
          +0.099*[#   8]
    |psi|^2 = 0.982
==== e(   2) =   -13.25576 eV ==== 
     psi = 0.188*[#   3]+0.188*[#   4]+0.188*[#   7]+0.188*[#   8]+0.121*[#   1]
          +0.121*[#   5]
    |psi|^2 = 0.995
==== e(   3) =   -11.50575 eV ==== 
     psi = 0.231*[#   3]+0.231*[#   4]+0.231*[#   7]+0.231*[#   8]+0.033*[#   1]
          +0.033*[#   5]
    |psi|^2 = 0.990
==== e(   4) =    -8.69141 eV ==== 
     psi = 0.496*[#   2]+0.496*[#   6]
    |psi|^2 = 0.992
==== e(   5) =     0.73170 eV ==== 
     psi = 0.485*[#   2]+0.485*[#   6]
    |psi|^2 = 0.970
==== e(   6) =     2.79773 eV ==== 
     psi = 0.005*[#   3]+0.005*[#   4]+0.005*[#   7]+0.005*[#   8]
    |psi|^2 = 0.020
==== e(   7) =     3.69532 eV ==== 
     psi = 0.002*[#   2]+0.002*[#   6]
    |psi|^2 = 0.004
==== e(   8) =     5.52132 eV ==== 
     psi = 0.008*[#   1]+0.008*[#   5]+0.002*[#   3]+0.002*[#   4]+0.002*[#   7]
          +0.002*[#   8]
    |psi|^2 = 0.025

 k =   0.1666666667  0.3761524481  0.0000000000
==== e(   1) =   -20.84080 eV ==== 
     psi = 0.286*[#   1]+0.286*[#   5]+0.103*[#   3]+0.103*[#   4]+0.103*[#   7]
          +0.103*[#   8]
    |psi|^2 = 0.983
==== e(   2) =   -13.59178 eV ==== 
     psi = 0.185*[#   3]+0.185*[#   4]+0.185*[#   7]+0.185*[#   8]+0.126*[#   1]
          +0.126*[#   5]
    |psi|^2 = 0.994
==== e(   3) =   -11.66740 eV ==== 
     psi = 0.231*[#   3]+0.231*[#   4]+0.231*[#   7]+0.231*[#   8]+0.034*[#   1]
          +0.034*[#   5]
    |psi|^2 = 0.991
==== e(   4) =    -8.44785 eV ==== 
     psi = 0.497*[#   2]+0.497*[#   6]
    |psi|^2 = 0.993
==== e(   5) =     0.37147 eV ==== 
     psi = 0.485*[#   2]+0.485*[#   6]
    |psi|^2 = 0.970
==== e(   6) =     3.10324 eV ==== 
     psi = 0.004*[#   3]+0.004*[#   4]+0.004*[#   7]+0.004*[#   8]
    |psi|^2 = 0.017
==== e(   7) =     3.99556 eV ==== 
     psi = 0.002*[#   2]+0.002*[#   6]
    |psi|^2 = 0.004
==== e(   8) =     5.80508 eV ==== 
     psi = 0.034*[#   1]+0.034*[#   5]+0.012*[#   3]+0.012*[#   4]+0.012*[#   7]
          +0.012*[#   8]
    |psi|^2 = 0.118

 k =   0.1666666667  0.3936479108  0.0000000000
==== e(   1) =   -20.61350 eV ==== 
     psi = 0.280*[#   1]+0.280*[#   5]+0.106*[#   3]+0.106*[#   4]+0.106*[#   7]
          +0.106*[#   8]
    |psi|^2 = 0.983
==== e(   2) =   -13.93502 eV ==== 
     psi = 0.183*[#   3]+0.183*[#   4]+0.183*[#   7]+0.183*[#   8]+0.131*[#   1]
          +0.131*[#   5]
    |psi|^2 = 0.993
==== e(   3) =   -11.81254 eV ==== 
     psi = 0.230*[#   3]+0.230*[#   4]+0.230*[#   7]+0.230*[#   8]+0.035*[#   1]
          +0.035*[#   5]
    |psi|^2 = 0.991
==== e(   4) =    -8.19705 eV ==== 
     psi = 0.497*[#   2]+0.497*[#   6]
    |psi|^2 = 0.994
==== e(   5) =     0.01055 eV ==== 
     psi = 0.485*[#   2]+0.485*[#   6]
    |psi|^2 = 0.970
==== e(   6) =     3.42261 eV ==== 
     psi = 0.004*[#   3]+0.004*[#   4]+0.004*[#   7]+0.004*[#   8]
    |psi|^2 = 0.014
==== e(   7) =     4.30793 eV ==== 
     psi = 0.002*[#   2]+0.002*[#   6]
    |psi|^2 = 0.003
==== e(   8) =     5.97207 eV ==== 
     psi = 0.172*[#   1]+0.172*[#   5]+0.072*[#   3]+0.072*[#   4]+0.072*[#   7]
          +0.072*[#   8]
    |psi|^2 = 0.633

 k =   0.1666666667  0.4111433735  0.0000000000
==== e(   1) =   -20.37728 eV ==== 
     psi = 0.275*[#   1]+0.275*[#   5]+0.109*[#   3]+0.109*[#   4]+0.109*[#   7]
          +0.109*[#   8]
    |psi|^2 = 0.983
==== e(   2) =   -14.28282 eV ==== 
     psi = 0.180*[#   3]+0.180*[#   4]+0.180*[#   7]+0.180*[#   8]+0.136*[#   1]
          +0.136*[#   5]
    |psi|^2 = 0.993
==== e(   3) =   -11.94214 eV ==== 
     psi = 0.230*[#   3]+0.230*[#   4]+0.230*[#   7]+0.230*[#   8]+0.036*[#   1]
          +0.036*[#   5]
    |psi|^2 = 0.991
==== e(   4) =    -7.94029 eV ==== 
     psi = 0.497*[#   2]+0.497*[#   6]
    |psi|^2 = 0.995
==== e(   5) =    -0.34907 eV ==== 
     psi = 0.485*[#   2]+0.485*[#   6]
    |psi|^2 = 0.970
==== e(   6) =     3.75561 eV ==== 
     psi = 0.003*[#   3]+0.003*[#   4]+0.003*[#   7]+0.003*[#   8]
    |psi|^2 = 0.012
==== e(   7) =     4.63164 eV ==== 
     psi = 0.002*[#   2]+0.002*[#   6]
    |psi|^2 = 0.003
==== e(   8) =     5.97196 eV ==== 
     psi = 0.225*[#   1]+0.225*[#   5]+0.088*[#   3]+0.088*[#   4]+0.088*[#   7]
          +0.088*[#   8]
    |psi|^2 = 0.804

 k =   0.1666666667  0.4286388362  0.0000000000
==== e(   1) =   -20.13254 eV ==== 
     psi = 0.269*[#   1]+0.269*[#   5]+0.111*[#   3]+0.111*[#   4]+0.111*[#   7]
          +0.111*[#   8]
    |psi|^2 = 0.984
==== e(   2) =   -14.63276 eV ==== 
     psi = 0.178*[#   3]+0.178*[#   4]+0.178*[#   7]+0.178*[#   8]+0.140*[#   1]
          +0.140*[#   5]
    |psi|^2 = 0.992
==== e(   3) =   -12.05704 eV ==== 
     psi = 0.229*[#   3]+0.229*[#   4]+0.229*[#   7]+0.229*[#   8]+0.037*[#   1]
          +0.037*[#   5]
    |psi|^2 = 0.992
==== e(   4) =    -7.67925 eV ==== 
     psi = 0.498*[#   2]+0.498*[#   6]
    |psi|^2 = 0.996
==== e(   5) =    -0.70502 eV ==== 
     psi = 0.485*[#   2]+0.485*[#   6]
    |psi|^2 = 0.970
==== e(   6) =     4.10195 eV ==== 
     psi = 0.002*[#   3]+0.002*[#   4]+0.002*[#   7]+0.002*[#   8]
    |psi|^2 = 0.010
==== e(   7) =     4.96557 eV ==== 
     psi = 0.001*[#   2]+0.001*[#   6]
    |psi|^2 = 0.003
==== e(   8) =     5.94175 eV ==== 
     psi = 0.241*[#   1]+0.241*[#   5]+0.087*[#   3]+0.087*[#   4]+0.087*[#   7]
          +0.087*[#   8]
    |psi|^2 = 0.831

 k =   0.1666666667  0.4461342989  0.0000000000
==== e(   1) =   -19.87978 eV ==== 
     psi = 0.265*[#   1]+0.265*[#   5]+0.114*[#   3]+0.114*[#   4]+0.114*[#   7]
          +0.114*[#   8]
    |psi|^2 = 0.985
==== e(   2) =   -14.98260 eV ==== 
     psi = 0.176*[#   3]+0.176*[#   4]+0.176*[#   7]+0.176*[#   8]+0.144*[#   1]
          +0.144*[#   5]
    |psi|^2 = 0.991
==== e(   3) =   -12.15794 eV ==== 
     psi = 0.229*[#   3]+0.229*[#   4]+0.229*[#   7]+0.229*[#   8]+0.038*[#   1]
          +0.038*[#   5]
    |psi|^2 = 0.992
==== e(   4) =    -7.41617 eV ==== 
     psi = 0.498*[#   2]+0.498*[#   6]
    |psi|^2 = 0.996
==== e(   5) =    -1.05438 eV ==== 
     psi = 0.485*[#   2]+0.485*[#   6]
    |psi|^2 = 0.970
==== e(   6) =     4.46113 eV ==== 
     psi = 0.002*[#   1]+0.002*[#   3]+0.002*[#   4]+0.002*[#   5]+0.002*[#   7]
          +0.002*[#   8]
    |psi|^2 = 0.009
==== e(   7) =     5.30809 eV ==== 
     psi = 0.001*[#   2]+0.001*[#   6]
    |psi|^2 = 0.003
==== e(   8) =     5.90744 eV ==== 
     psi = 0.251*[#   1]+0.251*[#   5]+0.084*[#   3]+0.084*[#   4]+0.084*[#   7]
          +0.084*[#   8]
    |psi|^2 = 0.838

 k =   0.1666666667  0.4636297616  0.0000000000
==== e(   1) =   -19.61974 eV ==== 
     psi = 0.261*[#   1]+0.261*[#   5]+0.116*[#   3]+0.116*[#   4]+0.116*[#   7]
          +0.116*[#   8]
    |psi|^2 = 0.985
==== e(   2) =   -15.33020 eV ==== 
     psi = 0.174*[#   3]+0.174*[#   4]+0.174*[#   7]+0.174*[#   8]+0.147*[#   1]
          +0.147*[#   5]
    |psi|^2 = 0.991
==== e(   3) =   -12.24537 eV ==== 
     psi = 0.229*[#   3]+0.229*[#   4]+0.229*[#   7]+0.229*[#   8]+0.038*[#   1]
          +0.038*[#   5]
    |psi|^2 = 0.992
==== e(   4) =    -7.15417 eV ==== 
     psi = 0.498*[#   2]+0.498*[#   6]
    |psi|^2 = 0.996
==== e(   5) =    -1.39342 eV ==== 
     psi = 0.485*[#   2]+0.485*[#   6]
    |psi|^2 = 0.970
==== e(   6) =     4.83222 eV ==== 
     psi = 0.003*[#   1]+0.003*[#   5]+0.001*[#   3]+0.001*[#   4]+0.001*[#   7]
          +0.001*[#   8]
    |psi|^2 = 0.011
==== e(   7) =     5.65678 eV ==== 
     psi = 0.002*[#   2]+0.002*[#   6]
    |psi|^2 = 0.003
==== e(   8) =     5.87493 eV ==== 
     psi = 0.258*[#   1]+0.258*[#   5]+0.081*[#   3]+0.081*[#   4]+0.081*[#   7]
          +0.081*[#   8]
    |psi|^2 = 0.839

 k =   0.1666666667  0.4811252243  0.0000000000
==== e(   1) =   -19.35353 eV ==== 
     psi = 0.258*[#   1]+0.258*[#   5]+0.118*[#   3]+0.118*[#   4]+0.118*[#   7]
          +0.118*[#   8]
    |psi|^2 = 0.986
==== e(   2) =   -15.67329 eV ==== 
     psi = 0.173*[#   3]+0.173*[#   4]+0.173*[#   7]+0.173*[#   8]+0.149*[#   1]
          +0.149*[#   5]
    |psi|^2 = 0.990
==== e(   3) =   -12.31975 eV ==== 
     psi = 0.229*[#   3]+0.229*[#   4]+0.229*[#   7]+0.229*[#   8]+0.039*[#   1]
          +0.039*[#   5]
    |psi|^2 = 0.992
==== e(   4) =    -6.89757 eV ==== 
     psi = 0.498*[#   2]+0.498*[#   6]
    |psi|^2 = 0.996
==== e(   5) =    -1.71722 eV ==== 
     psi = 0.485*[#   2]+0.485*[#   6]
    |psi|^2 = 0.970
==== e(   6) =     5.21255 eV ==== 
     psi = 0.009*[#   1]+0.009*[#   5]+0.001*[#   3]+0.001*[#   4]+0.001*[#   7]
          +0.001*[#   8]
    |psi|^2 = 0.022
==== e(   7) =     5.84861 eV ==== 
     psi = 0.259*[#   1]+0.259*[#   5]+0.078*[#   3]+0.078*[#   4]+0.078*[#   7]
          +0.078*[#   8]
    |psi|^2 = 0.829
==== e(   8) =     6.00786 eV ==== 
     psi = 0.002*[#   2]+0.002*[#   6]
    |psi|^2 = 0.004

 k =   0.1666666667  0.4986206870  0.0000000000
==== e(   1) =   -19.08304 eV ==== 
     psi = 0.256*[#   1]+0.256*[#   5]+0.119*[#   3]+0.119*[#   4]+0.119*[#   7]
          +0.119*[#   8]
    |psi|^2 = 0.987
==== e(   2) =   -16.00910 eV ==== 
     psi = 0.172*[#   3]+0.172*[#   4]+0.172*[#   7]+0.172*[#   8]+0.151*[#   1]
          +0.151*[#   5]
    |psi|^2 = 0.989
==== e(   3) =   -12.38136 eV ==== 
     psi = 0.228*[#   3]+0.228*[#   4]+0.228*[#   7]+0.228*[#   8]+0.039*[#   1]
          +0.039*[#   5]
    |psi|^2 = 0.992
==== e(   4) =    -6.65261 eV ==== 
     psi = 0.498*[#   2]+0.498*[#   6]
    |psi|^2 = 0.997
==== e(   5) =    -2.01903 eV ==== 
     psi = 0.485*[#   2]+0.485*[#   6]
    |psi|^2 = 0.970
==== e(   6) =     5.58440 eV ==== 
     psi = 0.049*[#   1]+0.049*[#   5]+0.008*[#   3]+0.008*[#   4]+0.008*[#   7]
          +0.008*[#   8]
    |psi|^2 = 0.131
==== e(   7) =     5.84681 eV ==== 
     psi = 0.225*[#   1]+0.225*[#   5]+0.068*[#   3]+0.068*[#   4]+0.068*[#   7]
          +0.068*[#   8]
    |psi|^2 = 0.721
==== e(   8) =     6.35521 eV ==== 
     psi = 0.003*[#   2]+0.003*[#   6]
    |psi|^2 = 0.005

 k =   0.1666666667  0.5161161497  0.0000000000
==== e(   1) =   -18.81178 eV ==== 
     psi = 0.256*[#   1]+0.256*[#   5]+0.119*[#   3]+0.119*[#   4]+0.119*[#   7]
          +0.119*[#   8]
    |psi|^2 = 0.988
==== e(   2) =   -16.33340 eV ==== 
     psi = 0.172*[#   3]+0.172*[#   4]+0.172*[#   7]+0.172*[#   8]+0.150*[#   1]
          +0.150*[#   5]
    |psi|^2 = 0.988
==== e(   3) =   -12.43044 eV ==== 
     psi = 0.228*[#   3]+0.228*[#   4]+0.228*[#   7]+0.228*[#   8]+0.039*[#   1]
          +0.039*[#   5]
    |psi|^2 = 0.992
==== e(   4) =    -6.42815 eV ==== 
     psi = 0.498*[#   2]+0.498*[#   6]
    |psi|^2 = 0.997
==== e(   5) =    -2.28952 eV ==== 
     psi = 0.485*[#   2]+0.485*[#   6]
    |psi|^2 = 0.970
==== e(   6) =     5.75077 eV ==== 
     psi = 0.255*[#   1]+0.255*[#   5]+0.062*[#   3]+0.062*[#   4]+0.062*[#   7]
          +0.062*[#   8]
    |psi|^2 = 0.759
==== e(   7) =     6.06641 eV ==== 
     psi = 0.024*[#   1]+0.024*[#   5]+0.011*[#   3]+0.011*[#   4]+0.011*[#   7]
          +0.011*[#   8]
    |psi|^2 = 0.094
==== e(   8) =     6.68852 eV ==== 
     psi = 0.003*[#   2]+0.003*[#   6]
    |psi|^2 = 0.007

 k =   0.1666666667  0.5336116124  0.0000000000
==== e(   1) =   -18.54728 eV ==== 
     psi = 0.260*[#   1]+0.260*[#   5]+0.117*[#   3]+0.117*[#   4]+0.117*[#   7]
          +0.117*[#   8]
    |psi|^2 = 0.990
==== e(   2) =   -16.63812 eV ==== 
     psi = 0.174*[#   3]+0.174*[#   4]+0.174*[#   7]+0.174*[#   8]+0.146*[#   1]
          +0.146*[#   5]
    |psi|^2 = 0.986
==== e(   3) =   -12.46712 eV ==== 
     psi = 0.228*[#   3]+0.228*[#   4]+0.228*[#   7]+0.228*[#   8]+0.040*[#   1]
          +0.040*[#   5]
    |psi|^2 = 0.992
==== e(   4) =    -6.23660 eV ==== 
     psi = 0.499*[#   2]+0.499*[#   6]
    |psi|^2 = 0.997
==== e(   5) =    -2.51594 eV ==== 
     psi = 0.485*[#   2]+0.485*[#   6]
    |psi|^2 = 0.970
==== e(   6) =     5.75174 eV ==== 
     psi = 0.278*[#   1]+0.278*[#   5]+0.069*[#   3]+0.069*[#   4]+0.069*[#   7]
          +0.069*[#   8]
    |psi|^2 = 0.831
==== e(   7) =     6.46647 eV ==== 
     psi = 0.005*[#   1]+0.005*[#   5]+0.003*[#   3]+0.003*[#   4]+0.003*[#   7]
          +0.003*[#   8]
    |psi|^2 = 0.024
==== e(   8) =     6.99006 eV ==== 
     psi = 0.005*[#   2]+0.005*[#   6]
    |psi|^2 = 0.009

 k =   0.1666666667  0.5511070751  0.0000000000
==== e(   1) =   -18.30830 eV ==== 
     psi = 0.270*[#   1]+0.270*[#   5]+0.113*[#   3]+0.113*[#   4]+0.113*[#   7]
          +0.113*[#   8]
    |psi|^2 = 0.991
==== e(   2) =   -16.90412 eV ==== 
     psi = 0.178*[#   3]+0.178*[#   4]+0.178*[#   7]+0.178*[#   8]+0.136*[#   1]
          +0.136*[#   5]
    |psi|^2 = 0.985
==== e(   3) =   -12.49153 eV ==== 
     psi = 0.228*[#   3]+0.228*[#   4]+0.228*[#   7]+0.228*[#   8]+0.040*[#   1]
          +0.040*[#   5]
    |psi|^2 = 0.992
==== e(   4) =    -6.09382 eV ==== 
     psi = 0.499*[#   2]+0.499*[#   6]
    |psi|^2 = 0.997
==== e(   5) =    -2.68212 eV ==== 
     psi = 0.485*[#   2]+0.485*[#   6]
    |psi|^2 = 0.969
==== e(   6) =     5.74420 eV ==== 
     psi = 0.282*[#   1]+0.282*[#   5]+0.069*[#   3]+0.069*[#   4]+0.069*[#   7]
          +0.069*[#   8]
    |psi|^2 = 0.841
==== e(   7) =     6.88781 eV ==== 
     psi = 0.004*[#   1]+0.004*[#   5]+0.002*[#   3]+0.002*[#   4]+0.002*[#   7]
          +0.002*[#   8]
    |psi|^2 = 0.018
==== e(   8) =     7.23040 eV ==== 
     psi = 0.006*[#   2]+0.006*[#   6]
    |psi|^2 = 0.012

 k =   0.1666666667  0.5686025378  0.0000000000
==== e(   1) =   -18.14515 eV ==== 
     psi = 0.284*[#   1]+0.284*[#   5]+0.106*[#   3]+0.106*[#   4]+0.106*[#   7]
          +0.106*[#   8]
    |psi|^2 = 0.993
==== e(   2) =   -17.08085 eV ==== 
     psi = 0.185*[#   3]+0.185*[#   4]+0.185*[#   7]+0.185*[#   8]+0.122*[#   1]
          +0.122*[#   5]
    |psi|^2 = 0.983
==== e(   3) =   -12.50371 eV ==== 
     psi = 0.228*[#   3]+0.228*[#   4]+0.228*[#   7]+0.228*[#   8]+0.040*[#   1]
          +0.040*[#   5]
    |psi|^2 = 0.992
==== e(   4) =    -6.01663 eV ==== 
     psi = 0.499*[#   2]+0.499*[#   6]
    |psi|^2 = 0.998
==== e(   5) =    -2.77106 eV ==== 
     psi = 0.485*[#   2]+0.485*[#   6]
    |psi|^2 = 0.969
==== e(   6) =     5.73960 eV ==== 
     psi = 0.283*[#   1]+0.283*[#   5]+0.069*[#   3]+0.069*[#   4]+0.069*[#   7]
          +0.069*[#   8]
    |psi|^2 = 0.843
==== e(   7) =     7.30772 eV ==== 
     psi = 0.007*[#   1]+0.007*[#   5]+0.002*[#   3]+0.002*[#   4]+0.002*[#   7]
          +0.002*[#   8]
    |psi|^2 = 0.024
==== e(   8) =     7.36831 eV ==== 
     psi = 0.007*[#   2]+0.007*[#   6]
    |psi|^2 = 0.015

 k =   0.1818181818  0.3149183286  0.0000000000
==== e(   1) =   -21.47185 eV ==== 
     psi = 0.306*[#   1]+0.306*[#   5]+0.092*[#   3]+0.092*[#   4]+0.092*[#   7]
          +0.092*[#   8]
    |psi|^2 = 0.982
==== e(   2) =   -12.57829 eV ==== 
     psi = 0.194*[#   3]+0.194*[#   4]+0.194*[#   7]+0.194*[#   8]+0.111*[#   1]
          +0.111*[#   5]
    |psi|^2 = 0.996
==== e(   3) =   -11.16149 eV ==== 
     psi = 0.232*[#   3]+0.232*[#   4]+0.232*[#   7]+0.232*[#   8]+0.030*[#   1]
          +0.030*[#   5]
    |psi|^2 = 0.990
==== e(   4) =    -9.15877 eV ==== 
     psi = 0.494*[#   2]+0.494*[#   6]
    |psi|^2 = 0.989
==== e(   5) =     1.45910 eV ==== 
     psi = 0.486*[#   2]+0.486*[#   6]
    |psi|^2 = 0.971
==== e(   6) =     2.22163 eV ==== 
     psi = 0.007*[#   3]+0.007*[#   4]+0.007*[#   7]+0.007*[#   8]
    |psi|^2 = 0.026
==== e(   7) =     3.12497 eV ==== 
     psi = 0.003*[#   2]+0.003*[#   6]
    |psi|^2 = 0.005
==== e(   8) =     4.94944 eV ==== 
     psi = 0.002*[#   1]+0.002*[#   5]
    |psi|^2 = 0.005

 k =   0.1818181818  0.3324137914  0.0000000000
==== e(   1) =   -21.27806 eV ==== 
     psi = 0.299*[#   1]+0.299*[#   5]+0.096*[#   3]+0.096*[#   4]+0.096*[#   7]
          +0.096*[#   8]
    |psi|^2 = 0.982
==== e(   2) =   -12.85454 eV ==== 
     psi = 0.191*[#   3]+0.191*[#   4]+0.191*[#   7]+0.191*[#   8]+0.117*[#   1]
          +0.117*[#   5]
    |psi|^2 = 0.996
==== e(   3) =   -11.39166 eV ==== 
     psi = 0.232*[#   3]+0.232*[#   4]+0.232*[#   7]+0.232*[#   8]+0.032*[#   1]
          +0.032*[#   5]
    |psi|^2 = 0.990
==== e(   4) =    -8.93793 eV ==== 
     psi = 0.495*[#   2]+0.495*[#   6]
    |psi|^2 = 0.990
==== e(   5) =     1.11997 eV ==== 
     psi = 0.486*[#   2]+0.486*[#   6]
    |psi|^2 = 0.972
==== e(   6) =     2.49176 eV ==== 
     psi = 0.006*[#   3]+0.006*[#   4]+0.006*[#   7]+0.006*[#   8]
    |psi|^2 = 0.023
==== e(   7) =     3.39108 eV ==== 
     psi = 0.002*[#   2]+0.002*[#   6]
    |psi|^2 = 0.005
==== e(   8) =     5.22166 eV ==== 
     psi = 0.002*[#   1]+0.002*[#   5]
    |psi|^2 = 0.006

 k =   0.1818181818  0.3499092541  0.0000000000
==== e(   1) =   -21.07460 eV ==== 
     psi = 0.293*[#   1]+0.293*[#   5]+0.099*[#   3]+0.099*[#   4]+0.099*[#   7]
          +0.099*[#   8]
    |psi|^2 = 0.982
==== e(   2) =   -13.14663 eV ==== 
     psi = 0.188*[#   3]+0.188*[#   4]+0.188*[#   7]+0.188*[#   8]+0.122*[#   1]
          +0.122*[#   5]
    |psi|^2 = 0.995
==== e(   3) =   -11.60235 eV ==== 
     psi = 0.231*[#   3]+0.231*[#   4]+0.231*[#   7]+0.231*[#   8]+0.033*[#   1]
          +0.033*[#   5]
    |psi|^2 = 0.990
==== e(   4) =    -8.70773 eV ==== 
     psi = 0.496*[#   2]+0.496*[#   6]
    |psi|^2 = 0.992
==== e(   5) =     0.77595 eV ==== 
     psi = 0.486*[#   2]+0.486*[#   6]
    |psi|^2 = 0.972
==== e(   6) =     2.77606 eV ==== 
     psi = 0.005*[#   3]+0.005*[#   4]+0.005*[#   7]+0.005*[#   8]
    |psi|^2 = 0.021
==== e(   7) =     3.67036 eV ==== 
     psi = 0.002*[#   2]+0.002*[#   6]
    |psi|^2 = 0.004
==== e(   8) =     5.50704 eV ==== 
     psi = 0.003*[#   1]+0.003*[#   5]
    |psi|^2 = 0.010

 k =   0.1818181818  0.3674047168  0.0000000000
==== e(   1) =   -20.86164 eV ==== 
     psi = 0.287*[#   1]+0.287*[#   5]+0.102*[#   3]+0.102*[#   4]+0.102*[#   7]
          +0.102*[#   8]
    |psi|^2 = 0.983
==== e(   2) =   -13.45341 eV ==== 
     psi = 0.185*[#   3]+0.185*[#   4]+0.185*[#   7]+0.185*[#   8]+0.127*[#   1]
          +0.127*[#   5]
    |psi|^2 = 0.995
==== e(   3) =   -11.79246 eV ==== 
     psi = 0.230*[#   3]+0.230*[#   4]+0.230*[#   7]+0.230*[#   8]+0.034*[#   1]
          +0.034*[#   5]
    |psi|^2 = 0.990
==== e(   4) =    -8.46886 eV ==== 
     psi = 0.497*[#   2]+0.497*[#   6]
    |psi|^2 = 0.993
==== e(   5) =     0.42837 eV ==== 
     psi = 0.486*[#   2]+0.486*[#   6]
    |psi|^2 = 0.973
==== e(   6) =     3.07440 eV ==== 
     psi = 0.004*[#   3]+0.004*[#   4]+0.004*[#   7]+0.004*[#   8]
    |psi|^2 = 0.018
==== e(   7) =     3.96226 eV ==== 
     psi = 0.002*[#   2]+0.002*[#   6]
    |psi|^2 = 0.003
==== e(   8) =     5.80359 eV ==== 
     psi = 0.007*[#   1]+0.007*[#   5]+0.002*[#   3]+0.002*[#   4]+0.002*[#   7]
          +0.002*[#   8]
    |psi|^2 = 0.021

 k =   0.1818181818  0.3849001795  0.0000000000
==== e(   1) =   -20.63941 eV ==== 
     psi = 0.281*[#   1]+0.281*[#   5]+0.105*[#   3]+0.105*[#   4]+0.105*[#   7]
          +0.105*[#   8]
    |psi|^2 = 0.983
==== e(   2) =   -13.77261 eV ==== 
     psi = 0.183*[#   3]+0.183*[#   4]+0.183*[#   7]+0.183*[#   8]+0.132*[#   1]
          +0.132*[#   5]
    |psi|^2 = 0.994
==== e(   3) =   -11.96225 eV ==== 
     psi = 0.230*[#   3]+0.230*[#   4]+0.230*[#   7]+0.230*[#   8]+0.036*[#   1]
          +0.036*[#   5]
    |psi|^2 = 0.990
==== e(   4) =    -8.22217 eV ==== 
     psi = 0.497*[#   2]+0.497*[#   6]
    |psi|^2 = 0.994
==== e(   5) =     0.07871 eV ==== 
     psi = 0.487*[#   2]+0.487*[#   6]
    |psi|^2 = 0.973
==== e(   6) =     3.38665 eV ==== 
     psi = 0.004*[#   3]+0.004*[#   4]+0.004*[#   7]+0.004*[#   8]
    |psi|^2 = 0.015
==== e(   7) =     4.26610 eV ==== 
     psi = 0.001*[#   2]+0.001*[#   6]
    |psi|^2 = 0.003
==== e(   8) =     6.10210 eV ==== 
     psi = 0.023*[#   1]+0.023*[#   5]+0.008*[#   3]+0.008*[#   4]+0.008*[#   7]
          +0.008*[#   8]
    |psi|^2 = 0.078

 k =   0.1818181818  0.4023956422  0.0000000000
==== e(   1) =   -20.40817 eV ==== 
     psi = 0.275*[#   1]+0.275*[#   5]+0.108*[#   3]+0.108*[#   4]+0.108*[#   7]
          +0.108*[#   8]
    |psi|^2 = 0.983
==== e(   2) =   -14.10134 eV ==== 
     psi = 0.180*[#   3]+0.180*[#   4]+0.180*[#   7]+0.180*[#   8]+0.136*[#   1]
          +0.136*[#   5]
    |psi|^2 = 0.994
==== e(   3) =   -12.11280 eV ==== 
     psi = 0.229*[#   3]+0.229*[#   4]+0.229*[#   7]+0.229*[#   8]+0.037*[#   1]
          +0.037*[#   5]
    |psi|^2 = 0.990
==== e(   4) =    -7.96874 eV ==== 
     psi = 0.497*[#   2]+0.497*[#   6]
    |psi|^2 = 0.995
==== e(   5) =    -0.27133 eV ==== 
     psi = 0.487*[#   2]+0.487*[#   6]
    |psi|^2 = 0.973
==== e(   6) =     3.71262 eV ==== 
     psi = 0.003*[#   3]+0.003*[#   4]+0.003*[#   7]+0.003*[#   8]
    |psi|^2 = 0.013
==== e(   7) =     4.58097 eV ==== 
     psi = 0.001*[#   2]+0.001*[#   6]
    |psi|^2 = 0.002
==== e(   8) =     6.32312 eV ==== 
     psi = 0.139*[#   1]+0.139*[#   5]+0.059*[#   3]+0.059*[#   4]+0.059*[#   7]
          +0.059*[#   8]
    |psi|^2 = 0.514

 k =   0.1818181818  0.4198911049  0.0000000000
==== e(   1) =   -20.16826 eV ==== 
     psi = 0.270*[#   1]+0.270*[#   5]+0.111*[#   3]+0.111*[#   4]+0.111*[#   7]
          +0.111*[#   8]
    |psi|^2 = 0.984
==== e(   2) =   -14.43659 eV ==== 
     psi = 0.178*[#   3]+0.178*[#   4]+0.178*[#   7]+0.178*[#   8]+0.140*[#   1]
          +0.140*[#   5]
    |psi|^2 = 0.993
==== e(   3) =   -12.24542 eV ==== 
     psi = 0.229*[#   3]+0.229*[#   4]+0.229*[#   7]+0.229*[#   8]+0.038*[#   1]
          +0.038*[#   5]
    |psi|^2 = 0.991
==== e(   4) =    -7.70999 eV ==== 
     psi = 0.498*[#   2]+0.498*[#   6]
    |psi|^2 = 0.995
==== e(   5) =    -0.61977 eV ==== 
     psi = 0.487*[#   2]+0.487*[#   6]
    |psi|^2 = 0.974
==== e(   6) =     4.05206 eV ==== 
     psi = 0.002*[#   3]+0.002*[#   4]+0.002*[#   7]+0.002*[#   8]
    |psi|^2 = 0.011
==== e(   7) =     4.90560 eV ==== 
     psi = 0.001*[#   2]+0.001*[#   6]
    |psi|^2 = 0.002
==== e(   8) =     6.34708 eV ==== 
     psi = 0.217*[#   1]+0.217*[#   5]+0.087*[#   3]+0.087*[#   4]+0.087*[#   7]
          +0.087*[#   8]
    |psi|^2 = 0.782

 k =   0.1818181818  0.4373865676  0.0000000000
==== e(   1) =   -19.92014 eV ==== 
     psi = 0.265*[#   1]+0.265*[#   5]+0.114*[#   3]+0.114*[#   4]+0.114*[#   7]
          +0.114*[#   8]
    |psi|^2 = 0.985
==== e(   2) =   -14.77548 eV ==== 
     psi = 0.176*[#   3]+0.176*[#   4]+0.176*[#   7]+0.176*[#   8]+0.144*[#   1]
          +0.144*[#   5]
    |psi|^2 = 0.992
==== e(   3) =   -12.36140 eV ==== 
     psi = 0.228*[#   3]+0.228*[#   4]+0.228*[#   7]+0.228*[#   8]+0.039*[#   1]
          +0.039*[#   5]
    |psi|^2 = 0.991
==== e(   4) =    -7.44776 eV ==== 
     psi = 0.498*[#   2]+0.498*[#   6]
    |psi|^2 = 0.996
==== e(   5) =    -0.96415 eV ==== 
     psi = 0.487*[#   2]+0.487*[#   6]
    |psi|^2 = 0.974
==== e(   6) =     4.40463 eV ==== 
     psi = 0.002*[#   3]+0.002*[#   4]+0.002*[#   7]+0.002*[#   8]
    |psi|^2 = 0.009
==== e(   7) =     5.23816 eV ==== 
     psi = 0.001*[#   2]+0.001*[#   6]
    |psi|^2 = 0.002
==== e(   8) =     6.32175 eV ==== 
     psi = 0.235*[#   1]+0.235*[#   5]+0.087*[#   3]+0.087*[#   4]+0.087*[#   7]
          +0.087*[#   8]
    |psi|^2 = 0.817

 k =   0.1818181818  0.4548820303  0.0000000000
==== e(   1) =   -19.66441 eV ==== 
     psi = 0.261*[#   1]+0.261*[#   5]+0.116*[#   3]+0.116*[#   4]+0.116*[#   7]
          +0.116*[#   8]
    |psi|^2 = 0.985
==== e(   2) =   -15.11534 eV ==== 
     psi = 0.174*[#   3]+0.174*[#   4]+0.174*[#   7]+0.174*[#   8]+0.148*[#   1]
          +0.148*[#   5]
    |psi|^2 = 0.991
==== e(   3) =   -12.46179 eV ==== 
     psi = 0.228*[#   3]+0.228*[#   4]+0.228*[#   7]+0.228*[#   8]+0.040*[#   1]
          +0.040*[#   5]
    |psi|^2 = 0.991
==== e(   4) =    -7.18460 eV ==== 
     psi = 0.498*[#   2]+0.498*[#   6]
    |psi|^2 = 0.996
==== e(   5) =    -1.30137 eV ==== 
     psi = 0.487*[#   2]+0.487*[#   6]
    |psi|^2 = 0.974
==== e(   6) =     4.76980 eV ==== 
     psi = 0.002*[#   1]+0.002*[#   5]+0.001*[#   3]+0.001*[#   4]+0.001*[#   7]
          +0.001*[#   8]
    |psi|^2 = 0.009
==== e(   7) =     5.57588 eV ==== 
     psi = 0.001*[#   2]+0.001*[#   6]
    |psi|^2 = 0.002
==== e(   8) =     6.28982 eV ==== 
     psi = 0.245*[#   1]+0.245*[#   5]+0.084*[#   3]+0.084*[#   4]+0.084*[#   7]
          +0.084*[#   8]
    |psi|^2 = 0.825

 k =   0.1818181818  0.4723774930  0.0000000000
==== e(   1) =   -19.40198 eV ==== 
     psi = 0.257*[#   1]+0.257*[#   5]+0.118*[#   3]+0.118*[#   4]+0.118*[#   7]
          +0.118*[#   8]
    |psi|^2 = 0.986
==== e(   2) =   -15.45356 eV ==== 
     psi = 0.172*[#   3]+0.172*[#   4]+0.172*[#   7]+0.172*[#   8]+0.150*[#   1]
          +0.150*[#   5]
    |psi|^2 = 0.991
==== e(   3) =   -12.54748 eV ==== 
     psi = 0.227*[#   3]+0.227*[#   4]+0.227*[#   7]+0.227*[#   8]+0.041*[#   1]
          +0.041*[#   5]
    |psi|^2 = 0.991
==== e(   4) =    -6.92404 eV ==== 
     psi = 0.498*[#   2]+0.498*[#   6]
    |psi|^2 = 0.996
==== e(   5) =    -1.62736 eV ==== 
     psi = 0.487*[#   2]+0.487*[#   6]
    |psi|^2 = 0.974
==== e(   6) =     5.14666 eV ==== 
     psi = 0.003*[#   1]+0.003*[#   5]+0.001*[#   3]+0.001*[#   4]+0.001*[#   7]
          +0.001*[#   8]
    |psi|^2 = 0.011
==== e(   7) =     5.91449 eV ==== 
     psi = 0.001*[#   2]+0.001*[#   6]
    |psi|^2 = 0.003
==== e(   8) =     6.25900 eV ==== 
     psi = 0.252*[#   1]+0.252*[#   5]+0.081*[#   3]+0.081*[#   4]+0.081*[#   7]
          +0.081*[#   8]
    |psi|^2 = 0.827

 k =   0.1818181818  0.4898729557  0.0000000000
==== e(   1) =   -19.13430 eV ==== 
     psi = 0.254*[#   1]+0.254*[#   5]+0.120*[#   3]+0.120*[#   4]+0.120*[#   7]
          +0.120*[#   8]
    |psi|^2 = 0.987
==== e(   2) =   -15.78737 eV ==== 
     psi = 0.171*[#   3]+0.171*[#   4]+0.171*[#   7]+0.171*[#   8]+0.152*[#   1]
          +0.152*[#   5]
    |psi|^2 = 0.990
==== e(   3) =   -12.61910 eV ==== 
     psi = 0.227*[#   3]+0.227*[#   4]+0.227*[#   7]+0.227*[#   8]+0.042*[#   1]
          +0.042*[#   5]
    |psi|^2 = 0.991
==== e(   4) =    -6.67112 eV ==== 
     psi = 0.498*[#   2]+0.498*[#   6]
    |psi|^2 = 0.997
==== e(   5) =    -1.93656 eV ==== 
     psi = 0.487*[#   2]+0.487*[#   6]
    |psi|^2 = 0.974
==== e(   6) =     5.53290 eV ==== 
     psi = 0.008*[#   1]+0.008*[#   5]+0.001*[#   3]+0.001*[#   4]+0.001*[#   7]
          +0.001*[#   8]
    |psi|^2 = 0.020
==== e(   7) =     6.23364 eV ==== 
     psi = 0.254*[#   1]+0.254*[#   5]+0.078*[#   3]+0.078*[#   4]+0.078*[#   7]
          +0.078*[#   8]
    |psi|^2 = 0.819
==== e(   8) =     6.24723 eV ==== 
     psi = 0.002*[#   2]+0.002*[#   6]
    |psi|^2 = 0.004

 k =   0.1818181818  0.5073684184  0.0000000000
==== e(   1) =   -18.86388 eV ==== 
     psi = 0.253*[#   1]+0.253*[#   5]+0.120*[#   3]+0.120*[#   4]+0.120*[#   7]
          +0.120*[#   8]
    |psi|^2 = 0.988
==== e(   2) =   -16.11317 eV ==== 
     psi = 0.171*[#   3]+0.171*[#   4]+0.171*[#   7]+0.171*[#   8]+0.153*[#   1]
          +0.153*[#   5]
    |psi|^2 = 0.989
==== e(   3) =   -12.67716 eV ==== 
     psi = 0.227*[#   3]+0.227*[#   4]+0.227*[#   7]+0.227*[#   8]+0.042*[#   1]
          +0.042*[#   5]
    |psi|^2 = 0.991
==== e(   4) =    -6.43317 eV ==== 
     psi = 0.498*[#   2]+0.498*[#   6]
    |psi|^2 = 0.997
==== e(   5) =    -2.22122 eV ==== 
     psi = 0.487*[#   2]+0.487*[#   6]
    |psi|^2 = 0.973
==== e(   6) =     5.91636 eV ==== 
     psi = 0.034*[#   1]+0.034*[#   5]+0.006*[#   3]+0.006*[#   4]+0.006*[#   7]
          +0.006*[#   8]
    |psi|^2 = 0.092
==== e(   7) =     6.22644 eV ==== 
     psi = 0.233*[#   1]+0.233*[#   5]+0.070*[#   3]+0.070*[#   4]+0.070*[#   7]
          +0.070*[#   8]
    |psi|^2 = 0.749
==== e(   8) =     6.56324 eV ==== 
     psi = 0.003*[#   2]+0.003*[#   6]
    |psi|^2 = 0.006

 k =   0.1818181818  0.5248638811  0.0000000000
==== e(   1) =   -18.59575 eV ==== 
     psi = 0.255*[#   1]+0.255*[#   5]+0.120*[#   3]+0.120*[#   4]+0.120*[#   7]
          +0.120*[#   8]
    |psi|^2 = 0.989
==== e(   2) =   -16.42515 eV ==== 
     psi = 0.171*[#   3]+0.171*[#   4]+0.171*[#   7]+0.171*[#   8]+0.151*[#   1]
          +0.151*[#   5]
    |psi|^2 = 0.988
==== e(   3) =   -12.72200 eV ==== 
     psi = 0.227*[#   3]+0.227*[#   4]+0.227*[#   7]+0.227*[#   8]+0.042*[#   1]
          +0.042*[#   5]
    |psi|^2 = 0.991
==== e(   4) =    -6.22075 eV ==== 
     psi = 0.498*[#   2]+0.498*[#   6]
    |psi|^2 = 0.997
==== e(   5) =    -2.47039 eV ==== 
     psi = 0.487*[#   2]+0.487*[#   6]
    |psi|^2 = 0.973
==== e(   6) =     6.13469 eV ==== 
     psi = 0.238*[#   1]+0.238*[#   5]+0.060*[#   3]+0.060*[#   4]+0.060*[#   7]
          +0.060*[#   8]
    |psi|^2 = 0.717
==== e(   7) =     6.39934 eV ==== 
     psi = 0.034*[#   1]+0.034*[#   5]+0.014*[#   3]+0.014*[#   4]+0.014*[#   7]
          +0.014*[#   8]
    |psi|^2 = 0.126
==== e(   8) =     6.84573 eV ==== 
     psi = 0.004*[#   2]+0.004*[#   6]
    |psi|^2 = 0.008

 k =   0.1818181818  0.5423593438  0.0000000000
==== e(   1) =   -18.34149 eV ==== 
     psi = 0.261*[#   1]+0.261*[#   5]+0.117*[#   3]+0.117*[#   4]+0.117*[#   7]
          +0.117*[#   8]
    |psi|^2 = 0.990
==== e(   2) =   -16.71113 eV ==== 
     psi = 0.174*[#   3]+0.174*[#   4]+0.174*[#   7]+0.174*[#   8]+0.145*[#   1]
          +0.145*[#   5]
    |psi|^2 = 0.986
==== e(   3) =   -12.75386 eV ==== 
     psi = 0.226*[#   3]+0.226*[#   4]+0.226*[#   7]+0.226*[#   8]+0.043*[#   1]
          +0.043*[#   5]
    |psi|^2 = 0.991
==== e(   4) =    -6.04841 eV ==== 
     psi = 0.499*[#   2]+0.499*[#   6]
    |psi|^2 = 0.997
==== e(   5) =    -2.66921 eV ==== 
     psi = 0.486*[#   2]+0.486*[#   6]
    |psi|^2 = 0.973
==== e(   6) =     6.14424 eV ==== 
     psi = 0.270*[#   1]+0.270*[#   5]+0.070*[#   3]+0.070*[#   4]+0.070*[#   7]
          +0.070*[#   8]
    |psi|^2 = 0.820
==== e(   7) =     6.79435 eV ==== 
     psi = 0.006*[#   1]+0.006*[#   5]+0.004*[#   3]+0.004*[#   4]+0.004*[#   7]
          +0.004*[#   8]
    |psi|^2 = 0.027
==== e(   8) =     7.07179 eV ==== 
     psi = 0.005*[#   2]+0.005*[#   6]
    |psi|^2 = 0.010

 k =   0.1818181818  0.5598548065  0.0000000000
==== e(   1) =   -18.13182 eV ==== 
     psi = 0.273*[#   1]+0.273*[#   5]+0.112*[#   3]+0.112*[#   4]+0.112*[#   7]
          +0.112*[#   8]
    |psi|^2 = 0.992
==== e(   2) =   -16.93999 eV ==== 
     psi = 0.180*[#   3]+0.180*[#   4]+0.180*[#   7]+0.180*[#   8]+0.132*[#   1]
          +0.132*[#   5]
    |psi|^2 = 0.984
==== e(   3) =   -12.77292 eV ==== 
     psi = 0.226*[#   3]+0.226*[#   4]+0.226*[#   7]+0.226*[#   8]+0.043*[#   1]
          +0.043*[#   5]
    |psi|^2 = 0.991
==== e(   4) =    -5.93387 eV ==== 
     psi = 0.499*[#   2]+0.499*[#   6]
    |psi|^2 = 0.997
==== e(   5) =    -2.79972 eV ==== 
     psi = 0.486*[#   2]+0.486*[#   6]
    |psi|^2 = 0.972
==== e(   6) =     6.13984 eV ==== 
     psi = 0.274*[#   1]+0.274*[#   5]+0.070*[#   3]+0.070*[#   4]+0.070*[#   7]
          +0.070*[#   8]
    |psi|^2 = 0.830
==== e(   7) =     7.21171 eV ==== 
     psi = 0.007*[#   1]+0.007*[#   5]+0.003*[#   3]+0.003*[#   4]+0.003*[#   7]
          +0.003*[#   8]
    |psi|^2 = 0.023
==== e(   8) =     7.21764 eV ==== 
     psi = 0.006*[#   2]+0.006*[#   6]
    |psi|^2 = 0.013

 k =   0.1818181818  0.5773502692  0.0000000000
==== e(   1) =   -18.04086 eV ==== 
     psi = 0.282*[#   1]+0.282*[#   5]+0.107*[#   3]+0.107*[#   4]+0.107*[#   7]
          +0.107*[#   8]
    |psi|^2 = 0.993
==== e(   2) =   -17.03737 eV ==== 
     psi = 0.184*[#   3]+0.184*[#   4]+0.184*[#   7]+0.184*[#   8]+0.123*[#   1]
          +0.123*[#   5]
    |psi|^2 = 0.983
==== e(   3) =   -12.77927 eV ==== 
     psi = 0.226*[#   3]+0.226*[#   4]+0.226*[#   7]+0.226*[#   8]+0.043*[#   1]
          +0.043*[#   5]
    |psi|^2 = 0.991
==== e(   4) =    -5.89339 eV ==== 
     psi = 0.499*[#   2]+0.499*[#   6]
    |psi|^2 = 0.997
==== e(   5) =    -2.84554 eV ==== 
     psi = 0.486*[#   2]+0.486*[#   6]
    |psi|^2 = 0.972
==== e(   6) =     6.13783 eV ==== 
     psi = 0.275*[#   1]+0.275*[#   5]+0.070*[#   3]+0.070*[#   4]+0.070*[#   7]
          +0.070*[#   8]
    |psi|^2 = 0.832
==== e(   7) =     7.26776 eV ==== 
     psi = 0.007*[#   2]+0.007*[#   6]
    |psi|^2 = 0.014
==== e(   8) =     7.55032 eV ==== 
     psi = 0.014*[#   1]+0.014*[#   5]+0.003*[#   3]+0.003*[#   4]+0.003*[#   7]
          +0.003*[#   8]
    |psi|^2 = 0.041

 k =   0.1969696970  0.3411615227  0.0000000000
==== e(   1) =   -21.07983 eV ==== 
     psi = 0.293*[#   1]+0.293*[#   5]+0.099*[#   3]+0.099*[#   4]+0.099*[#   7]
          +0.099*[#   8]
    |psi|^2 = 0.982
==== e(   2) =   -13.10668 eV ==== 
     psi = 0.188*[#   3]+0.188*[#   4]+0.188*[#   7]+0.188*[#   8]+0.122*[#   1]
          +0.122*[#   5]
    |psi|^2 = 0.996
==== e(   3) =   -11.63820 eV ==== 
     psi = 0.231*[#   3]+0.231*[#   4]+0.231*[#   7]+0.231*[#   8]+0.033*[#   1]
          +0.033*[#   5]
    |psi|^2 = 0.989
==== e(   4) =    -8.71317 eV ==== 
     psi = 0.496*[#   2]+0.496*[#   6]
    |psi|^2 = 0.992
==== e(   5) =     0.79089 eV ==== 
     psi = 0.487*[#   2]+0.487*[#   6]
    |psi|^2 = 0.973
==== e(   6) =     2.76883 eV ==== 
     psi = 0.005*[#   3]+0.005*[#   4]+0.005*[#   7]+0.005*[#   8]
    |psi|^2 = 0.021
==== e(   7) =     3.66200 eV ==== 
     psi = 0.002*[#   2]+0.002*[#   6]
    |psi|^2 = 0.004
==== e(   8) =     5.50139 eV ==== 
     psi = 0.003*[#   1]+0.003*[#   5]
    |psi|^2 = 0.008

 k =   0.1969696970  0.3586569854  0.0000000000
==== e(   1) =   -20.87206 eV ==== 
     psi = 0.287*[#   1]+0.287*[#   5]+0.102*[#   3]+0.102*[#   4]+0.102*[#   7]
          +0.102*[#   8]
    |psi|^2 = 0.983
==== e(   2) =   -13.37461 eV ==== 
     psi = 0.185*[#   3]+0.185*[#   4]+0.185*[#   7]+0.185*[#   8]+0.128*[#   1]
          +0.128*[#   5]
    |psi|^2 = 0.996
==== e(   3) =   -11.86482 eV ==== 
     psi = 0.230*[#   3]+0.230*[#   4]+0.230*[#   7]+0.230*[#   8]+0.034*[#   1]
          +0.034*[#   5]
    |psi|^2 = 0.989
==== e(   4) =    -8.47938 eV ==== 
     psi = 0.497*[#   2]+0.497*[#   6]
    |psi|^2 = 0.993
==== e(   5) =     0.45738 eV ==== 
     psi = 0.487*[#   2]+0.487*[#   6]
    |psi|^2 = 0.974
==== e(   6) =     3.05997 eV ==== 
     psi = 0.005*[#   3]+0.005*[#   4]+0.005*[#   7]+0.005*[#   8]
    |psi|^2 = 0.018
==== e(   7) =     3.94549 eV ==== 
     psi = 0.001*[#   2]+0.001*[#   6]
    |psi|^2 = 0.003
==== e(   8) =     5.79435 eV ==== 
     psi = 0.004*[#   1]+0.004*[#   5]
    |psi|^2 = 0.011

 k =   0.1969696970  0.3761524481  0.0000000000
==== e(   1) =   -20.65496 eV ==== 
     psi = 0.281*[#   1]+0.281*[#   5]+0.105*[#   3]+0.105*[#   4]+0.105*[#   7]
          +0.105*[#   8]
    |psi|^2 = 0.983
==== e(   2) =   -13.65871 eV ==== 
     psi = 0.182*[#   3]+0.182*[#   4]+0.182*[#   7]+0.182*[#   8]+0.133*[#   1]
          +0.133*[#   5]
    |psi|^2 = 0.995
==== e(   3) =   -12.06895 eV ==== 
     psi = 0.230*[#   3]+0.230*[#   4]+0.230*[#   7]+0.230*[#   8]+0.035*[#   1]
          +0.035*[#   5]
    |psi|^2 = 0.989
==== e(   4) =    -8.23728 eV ==== 
     psi = 0.497*[#   2]+0.497*[#   6]
    |psi|^2 = 0.994
==== e(   5) =     0.12068 eV ==== 
     psi = 0.488*[#   2]+0.488*[#   6]
    |psi|^2 = 0.975
==== e(   6) =     3.36504 eV ==== 
     psi = 0.004*[#   3]+0.004*[#   4]+0.004*[#   7]+0.004*[#   8]
    |psi|^2 = 0.016
==== e(   7) =     4.24076 eV ==== 
     psi = 0.001*[#   2]+0.001*[#   6]
    |psi|^2 = 0.002
==== e(   8) =     6.09898 eV ==== 
     psi = 0.006*[#   1]+0.006*[#   5]+0.002*[#   3]+0.002*[#   4]+0.002*[#   7]
          +0.002*[#   8]
    |psi|^2 = 0.020

 k =   0.1969696970  0.3936479108  0.0000000000
==== e(   1) =   -20.42878 eV ==== 
     psi = 0.275*[#   1]+0.275*[#   5]+0.108*[#   3]+0.108*[#   4]+0.108*[#   7]
          +0.108*[#   8]
    |psi|^2 = 0.983
==== e(   2) =   -13.95763 eV ==== 
     psi = 0.180*[#   3]+0.180*[#   4]+0.180*[#   7]+0.180*[#   8]+0.138*[#   1]
          +0.138*[#   5]
    |psi|^2 = 0.995
==== e(   3) =   -12.24995 eV ==== 
     psi = 0.229*[#   3]+0.229*[#   4]+0.229*[#   7]+0.229*[#   8]+0.036*[#   1]
          +0.036*[#   5]
    |psi|^2 = 0.989
==== e(   4) =    -7.98779 eV ==== 
     psi = 0.497*[#   2]+0.497*[#   6]
    |psi|^2 = 0.995
==== e(   5) =    -0.21780 eV ==== 
     psi = 0.488*[#   2]+0.488*[#   6]
    |psi|^2 = 0.976
==== e(   6) =     3.68387 eV ==== 
     psi = 0.003*[#   3]+0.003*[#   4]+0.003*[#   7]+0.003*[#   8]
    |psi|^2 = 0.013
==== e(   7) =     4.54679 eV ==== 

    |psi|^2 = 0.002
==== e(   8) =     6.40898 eV ==== 
     psi = 0.017*[#   1]+0.017*[#   5]+0.006*[#   3]+0.006*[#   4]+0.006*[#   7]
          +0.006*[#   8]
    |psi|^2 = 0.058

 k =   0.1969696970  0.4111433735  0.0000000000
==== e(   1) =   -20.19382 eV ==== 
     psi = 0.270*[#   1]+0.270*[#   5]+0.111*[#   3]+0.111*[#   4]+0.111*[#   7]
          +0.111*[#   8]
    |psi|^2 = 0.984
==== e(   2) =   -14.26878 eV ==== 
     psi = 0.177*[#   3]+0.177*[#   4]+0.177*[#   7]+0.177*[#   8]+0.142*[#   1]
          +0.142*[#   5]
    |psi|^2 = 0.994
==== e(   3) =   -12.40858 eV ==== 
     psi = 0.229*[#   3]+0.229*[#   4]+0.229*[#   7]+0.229*[#   8]+0.038*[#   1]
          +0.038*[#   5]
    |psi|^2 = 0.990
==== e(   4) =    -7.73210 eV ==== 
     psi = 0.498*[#   2]+0.498*[#   6]
    |psi|^2 = 0.995
==== e(   5) =    -0.55644 eV ==== 
     psi = 0.488*[#   2]+0.488*[#   6]
    |psi|^2 = 0.976
==== e(   6) =     4.01625 eV ==== 
     psi = 0.003*[#   3]+0.003*[#   4]+0.003*[#   7]+0.003*[#   8]
    |psi|^2 = 0.011
==== e(   7) =     4.86215 eV ==== 

    |psi|^2 = 0.002
==== e(   8) =     6.67317 eV ==== 
     psi = 0.100*[#   1]+0.100*[#   5]+0.043*[#   3]+0.043*[#   4]+0.043*[#   7]
          +0.043*[#   8]
    |psi|^2 = 0.371

 k =   0.1969696970  0.4286388362  0.0000000000
==== e(   1) =   -19.95048 eV ==== 
     psi = 0.265*[#   1]+0.265*[#   5]+0.114*[#   3]+0.114*[#   4]+0.114*[#   7]
          +0.114*[#   8]
    |psi|^2 = 0.984
==== e(   2) =   -14.58893 eV ==== 
     psi = 0.175*[#   3]+0.175*[#   4]+0.175*[#   7]+0.175*[#   8]+0.146*[#   1]
          +0.146*[#   5]
    |psi|^2 = 0.993
==== e(   3) =   -12.54637 eV ==== 
     psi = 0.228*[#   3]+0.228*[#   4]+0.228*[#   7]+0.228*[#   8]+0.039*[#   1]
          +0.039*[#   5]
    |psi|^2 = 0.990
==== e(   4) =    -7.47174 eV ==== 
     psi = 0.498*[#   2]+0.498*[#   6]
    |psi|^2 = 0.996
==== e(   5) =    -0.89321 eV ==== 
     psi = 0.488*[#   2]+0.488*[#   6]
    |psi|^2 = 0.976
==== e(   6) =     4.36188 eV ==== 
     psi = 0.002*[#   3]+0.002*[#   4]+0.002*[#   7]+0.002*[#   8]
    |psi|^2 = 0.010
==== e(   7) =     5.18474 eV ==== 

    |psi|^2 = 0.001
==== e(   8) =     6.73262 eV ==== 
     psi = 0.207*[#   1]+0.207*[#   5]+0.085*[#   3]+0.085*[#   4]+0.085*[#   7]
          +0.085*[#   8]
    |psi|^2 = 0.752

 k =   0.1969696970  0.4461342989  0.0000000000
==== e(   1) =   -19.69929 eV ==== 
     psi = 0.260*[#   1]+0.260*[#   5]+0.116*[#   3]+0.116*[#   4]+0.116*[#   7]
          +0.116*[#   8]
    |psi|^2 = 0.985
==== e(   2) =   -14.91477 eV ==== 
     psi = 0.173*[#   3]+0.173*[#   4]+0.173*[#   7]+0.173*[#   8]+0.149*[#   1]
          +0.149*[#   5]
    |psi|^2 = 0.993
==== e(   3) =   -12.66502 eV ==== 
     psi = 0.227*[#   3]+0.227*[#   4]+0.227*[#   7]+0.227*[#   8]+0.040*[#   1]
          +0.040*[#   5]
    |psi|^2 = 0.990
==== e(   4) =    -7.20876 eV ==== 
     psi = 0.498*[#   2]+0.498*[#   6]
    |psi|^2 = 0.996
==== e(   5) =    -1.22560 eV ==== 
     psi = 0.488*[#   2]+0.488*[#   6]
    |psi|^2 = 0.977
==== e(   6) =     4.72036 eV ==== 
     psi = 0.002*[#   3]+0.002*[#   4]+0.002*[#   7]+0.002*[#   8]+0.001*[#   1]
          +0.001*[#   5]
    |psi|^2 = 0.009
==== e(   7) =     5.51147 eV ==== 

    |psi|^2 = 0.002
==== e(   8) =     6.71316 eV ==== 
     psi = 0.229*[#   1]+0.229*[#   5]+0.086*[#   3]+0.086*[#   4]+0.086*[#   7]
          +0.086*[#   8]
    |psi|^2 = 0.800

 k =   0.1969696970  0.4636297616  0.0000000000
==== e(   1) =   -19.44100 eV ==== 
     psi = 0.256*[#   1]+0.256*[#   5]+0.118*[#   3]+0.118*[#   4]+0.118*[#   7]
          +0.118*[#   8]
    |psi|^2 = 0.986
==== e(   2) =   -15.24304 eV ==== 
     psi = 0.172*[#   3]+0.172*[#   4]+0.172*[#   7]+0.172*[#   8]+0.152*[#   1]
          +0.152*[#   5]
    |psi|^2 = 0.992
==== e(   3) =   -12.76607 eV ==== 
     psi = 0.227*[#   3]+0.227*[#   4]+0.227*[#   7]+0.227*[#   8]+0.042*[#   1]
          +0.042*[#   5]
    |psi|^2 = 0.990
==== e(   4) =    -6.94602 eV ==== 
     psi = 0.498*[#   2]+0.498*[#   6]
    |psi|^2 = 0.996
==== e(   5) =    -1.55029 eV ==== 
     psi = 0.488*[#   2]+0.488*[#   6]
    |psi|^2 = 0.977
==== e(   6) =     5.09110 eV ==== 
     psi = 0.002*[#   1]+0.002*[#   5]+0.001*[#   3]+0.001*[#   4]+0.001*[#   7]
          +0.001*[#   8]
    |psi|^2 = 0.009
==== e(   7) =     5.83751 eV ==== 
     psi = 0.001*[#   2]+0.001*[#   6]
    |psi|^2 = 0.002
==== e(   8) =     6.68350 eV ==== 
     psi = 0.239*[#   1]+0.239*[#   5]+0.083*[#   3]+0.083*[#   4]+0.083*[#   7]
          +0.083*[#   8]
    |psi|^2 = 0.811

 k =   0.1969696970  0.4811252243  0.0000000000
==== e(   1) =   -19.17674 eV ==== 
     psi = 0.253*[#   1]+0.253*[#   5]+0.120*[#   3]+0.120*[#   4]+0.120*[#   7]
          +0.120*[#   8]
    |psi|^2 = 0.987
==== e(   2) =   -15.57056 eV ==== 
     psi = 0.171*[#   3]+0.171*[#   4]+0.171*[#   7]+0.171*[#   8]+0.154*[#   1]
          +0.154*[#   5]
    |psi|^2 = 0.991
==== e(   3) =   -12.85078 eV ==== 
     psi = 0.226*[#   3]+0.226*[#   4]+0.226*[#   7]+0.226*[#   8]+0.043*[#   1]
          +0.043*[#   5]
    |psi|^2 = 0.990
==== e(   4) =    -6.68757 eV ==== 
     psi = 0.498*[#   2]+0.498*[#   6]
    |psi|^2 = 0.996
==== e(   5) =    -1.86280 eV ==== 
     psi = 0.488*[#   2]+0.488*[#   6]
    |psi|^2 = 0.977
==== e(   6) =     5.47310 eV ==== 
     psi = 0.004*[#   1]+0.004*[#   5]
    |psi|^2 = 0.012
==== e(   7) =     6.15538 eV ==== 
     psi = 0.001*[#   2]+0.001*[#   6]
    |psi|^2 = 0.003
==== e(   8) =     6.65419 eV ==== 
     psi = 0.246*[#   1]+0.246*[#   5]+0.080*[#   3]+0.080*[#   4]+0.080*[#   7]
          +0.080*[#   8]
    |psi|^2 = 0.812

 k =   0.1969696970  0.4986206870  0.0000000000
==== e(   1) =   -18.90840 eV ==== 
     psi = 0.251*[#   1]+0.251*[#   5]+0.121*[#   3]+0.121*[#   4]+0.121*[#   7]
          +0.121*[#   8]
    |psi|^2 = 0.987
==== e(   2) =   -15.89380 eV ==== 
     psi = 0.170*[#   3]+0.170*[#   4]+0.170*[#   7]+0.170*[#   8]+0.156*[#   1]
          +0.156*[#   5]
    |psi|^2 = 0.990
==== e(   3) =   -12.92015 eV ==== 
     psi = 0.226*[#   3]+0.226*[#   4]+0.226*[#   7]+0.226*[#   8]+0.043*[#   1]
          +0.043*[#   5]
    |psi|^2 = 0.990
==== e(   4) =    -6.43929 eV ==== 
     psi = 0.498*[#   2]+0.498*[#   6]
    |psi|^2 = 0.997
==== e(   5) =    -2.15683 eV ==== 
     psi = 0.488*[#   2]+0.488*[#   6]
    |psi|^2 = 0.977
==== e(   6) =     5.86418 eV ==== 
     psi = 0.008*[#   1]+0.008*[#   5]+0.001*[#   3]+0.001*[#   4]+0.001*[#   7]
          +0.001*[#   8]
    |psi|^2 = 0.021
==== e(   7) =     6.45354 eV ==== 
     psi = 0.002*[#   2]+0.002*[#   6]
    |psi|^2 = 0.004
==== e(   8) =     6.62987 eV ==== 
     psi = 0.248*[#   1]+0.248*[#   5]+0.077*[#   3]+0.077*[#   4]+0.077*[#   7]
          +0.077*[#   8]
    |psi|^2 = 0.806

 k =   0.1969696970  0.5161161497  0.0000000000
==== e(   1) =   -18.63944 eV ==== 
     psi = 0.251*[#   1]+0.251*[#   5]+0.122*[#   3]+0.122*[#   4]+0.122*[#   7]
          +0.122*[#   8]
    |psi|^2 = 0.989
==== e(   2) =   -16.20803 eV ==== 
     psi = 0.170*[#   3]+0.170*[#   4]+0.170*[#   7]+0.170*[#   8]+0.155*[#   1]
          +0.155*[#   5]
    |psi|^2 = 0.989
==== e(   3) =   -12.97489 eV ==== 
     psi = 0.226*[#   3]+0.226*[#   4]+0.226*[#   7]+0.226*[#   8]+0.044*[#   1]
          +0.044*[#   5]
    |psi|^2 = 0.991
==== e(   4) =    -6.20988 eV ==== 
     psi = 0.498*[#   2]+0.498*[#   6]
    |psi|^2 = 0.997
==== e(   5) =    -2.42332 eV ==== 
     psi = 0.488*[#   2]+0.488*[#   6]
    |psi|^2 = 0.976
==== e(   6) =     6.25530 eV ==== 
     psi = 0.027*[#   1]+0.027*[#   5]+0.005*[#   3]+0.005*[#   4]+0.005*[#   7]
          +0.005*[#   8]
    |psi|^2 = 0.072
==== e(   7) =     6.61999 eV ==== 
     psi = 0.235*[#   1]+0.235*[#   5]+0.072*[#   3]+0.072*[#   4]+0.072*[#   7]
          +0.072*[#   8]
    |psi|^2 = 0.757
==== e(   8) =     6.71575 eV ==== 
     psi = 0.003*[#   2]+0.003*[#   6]
    |psi|^2 = 0.006

 k =   0.1969696970  0.5336116124  0.0000000000
==== e(   1) =   -18.37728 eV ==== 
     psi = 0.254*[#   1]+0.254*[#   5]+0.120*[#   3]+0.120*[#   4]+0.120*[#   7]
          +0.120*[#   8]
    |psi|^2 = 0.990
==== e(   2) =   -16.50491 eV ==== 
     psi = 0.171*[#   3]+0.171*[#   4]+0.171*[#   7]+0.171*[#   8]+0.152*[#   1]
          +0.152*[#   5]
    |psi|^2 = 0.988
==== e(   3) =   -13.01554 eV ==== 
     psi = 0.225*[#   3]+0.225*[#   4]+0.225*[#   7]+0.225*[#   8]+0.045*[#   1]
          +0.045*[#   5]
    |psi|^2 = 0.991
==== e(   4) =    -6.01196 eV ==== 
     psi = 0.498*[#   2]+0.498*[#   6]
    |psi|^2 = 0.997
==== e(   5) =    -2.64932 eV ==== 
     psi = 0.488*[#   2]+0.488*[#   6]
    |psi|^2 = 0.976
==== e(   6) =     6.52380 eV ==== 
     psi = 0.214*[#   1]+0.214*[#   5]+0.055*[#   3]+0.055*[#   4]+0.055*[#   7]
          +0.055*[#   8]
    |psi|^2 = 0.648
==== e(   7) =     6.74619 eV ==== 
     psi = 0.053*[#   1]+0.053*[#   5]+0.020*[#   3]+0.020*[#   4]+0.020*[#   7]
          +0.020*[#   8]
    |psi|^2 = 0.185
==== e(   8) =     6.92345 eV ==== 
     psi = 0.004*[#   2]+0.004*[#   6]
    |psi|^2 = 0.008

 k =   0.1969696970  0.5511070751  0.0000000000
==== e(   1) =   -18.14035 eV ==== 
     psi = 0.263*[#   1]+0.263*[#   5]+0.117*[#   3]+0.117*[#   4]+0.117*[#   7]
          +0.117*[#   8]
    |psi|^2 = 0.991
==== e(   2) =   -16.76533 eV ==== 
     psi = 0.175*[#   3]+0.175*[#   4]+0.175*[#   7]+0.175*[#   8]+0.143*[#   1]
          +0.143*[#   5]
    |psi|^2 = 0.986
==== e(   3) =   -13.04246 eV ==== 
     psi = 0.225*[#   3]+0.225*[#   4]+0.225*[#   7]+0.225*[#   8]+0.045*[#   1]
          +0.045*[#   5]
    |psi|^2 = 0.991
==== e(   4) =    -5.86263 eV ==== 
     psi = 0.499*[#   2]+0.499*[#   6]
    |psi|^2 = 0.997
==== e(   5) =    -2.81752 eV ==== 
     psi = 0.488*[#   2]+0.488*[#   6]
    |psi|^2 = 0.976
==== e(   6) =     6.54627 eV ==== 
     psi = 0.262*[#   1]+0.262*[#   5]+0.070*[#   3]+0.070*[#   4]+0.070*[#   7]
          +0.070*[#   8]
    |psi|^2 = 0.806
==== e(   7) =     7.06311 eV ==== 
     psi = 0.005*[#   2]+0.005*[#   6]
    |psi|^2 = 0.010
==== e(   8) =     7.12874 eV ==== 
     psi = 0.009*[#   1]+0.009*[#   5]+0.004*[#   3]+0.004*[#   4]+0.004*[#   7]
          +0.004*[#   8]
    |psi|^2 = 0.033

 k =   0.1969696970  0.5686025378  0.0000000000
==== e(   1) =   -17.97835 eV ==== 
     psi = 0.275*[#   1]+0.275*[#   5]+0.111*[#   3]+0.111*[#   4]+0.111*[#   7]
          +0.111*[#   8]
    |psi|^2 = 0.993
==== e(   2) =   -16.93918 eV ==== 
     psi = 0.181*[#   3]+0.181*[#   4]+0.181*[#   7]+0.181*[#   8]+0.130*[#   1]
          +0.130*[#   5]
    |psi|^2 = 0.984
==== e(   3) =   -13.05586 eV ==== 
     psi = 0.225*[#   3]+0.225*[#   4]+0.225*[#   7]+0.225*[#   8]+0.045*[#   1]
          +0.045*[#   5]
    |psi|^2 = 0.991
==== e(   4) =    -5.78105 eV ==== 
     psi = 0.499*[#   2]+0.499*[#   6]
    |psi|^2 = 0.997
==== e(   5) =    -2.90858 eV ==== 
     psi = 0.488*[#   2]+0.488*[#   6]
    |psi|^2 = 0.976
==== e(   6) =     6.54512 eV ==== 
     psi = 0.266*[#   1]+0.266*[#   5]+0.071*[#   3]+0.071*[#   4]+0.071*[#   7]
          +0.071*[#   8]
    |psi|^2 = 0.817
==== e(   7) =     7.13165 eV ==== 
     psi = 0.006*[#   2]+0.006*[#   6]
    |psi|^2 = 0.012
==== e(   8) =     7.53017 eV ==== 
     psi = 0.011*[#   1]+0.011*[#   5]+0.003*[#   3]+0.003*[#   4]+0.003*[#   7]
          +0.003*[#   8]
    |psi|^2 = 0.036

 k =   0.2121212121  0.3674047168  0.0000000000
==== e(   1) =   -20.66015 eV ==== 
     psi = 0.281*[#   1]+0.281*[#   5]+0.105*[#   3]+0.105*[#   4]+0.105*[#   7]
          +0.105*[#   8]
    |psi|^2 = 0.983
==== e(   2) =   -13.61682 eV ==== 
     psi = 0.182*[#   3]+0.182*[#   4]+0.182*[#   7]+0.182*[#   8]+0.134*[#   1]
          +0.134*[#   5]
    |psi|^2 = 0.995
==== e(   3) =   -12.10850 eV ==== 
     psi = 0.230*[#   3]+0.230*[#   4]+0.230*[#   7]+0.230*[#   8]+0.034*[#   1]
          +0.034*[#   5]
    |psi|^2 = 0.989
==== e(   4) =    -8.24232 eV ==== 
     psi = 0.497*[#   2]+0.497*[#   6]
    |psi|^2 = 0.994
==== e(   5) =     0.13485 eV ==== 
     psi = 0.488*[#   2]+0.488*[#   6]
    |psi|^2 = 0.976
==== e(   6) =     3.35783 eV ==== 
     psi = 0.004*[#   3]+0.004*[#   4]+0.004*[#   7]+0.004*[#   8]
    |psi|^2 = 0.016
==== e(   7) =     4.23228 eV ==== 
     psi = 0.001*[#   2]+0.001*[#   6]
    |psi|^2 = 0.002
==== e(   8) =     6.09481 eV ==== 
     psi = 0.004*[#   1]+0.004*[#   5]+0.001*[#   3]+0.001*[#   4]+0.001*[#   7]
          +0.001*[#   8]
    |psi|^2 = 0.014

 k =   0.2121212121  0.3849001795  0.0000000000
==== e(   1) =   -20.43909 eV ==== 
     psi = 0.275*[#   1]+0.275*[#   5]+0.108*[#   3]+0.108*[#   4]+0.108*[#   7]
          +0.108*[#   8]
    |psi|^2 = 0.983
==== e(   2) =   -13.87532 eV ==== 
     psi = 0.179*[#   3]+0.179*[#   4]+0.179*[#   7]+0.179*[#   8]+0.139*[#   1]
          +0.139*[#   5]
    |psi|^2 = 0.995
==== e(   3) =   -12.32916 eV ==== 
     psi = 0.230*[#   3]+0.230*[#   4]+0.230*[#   7]+0.230*[#   8]+0.035*[#   1]
          +0.035*[#   5]
    |psi|^2 = 0.989
==== e(   4) =    -7.99735 eV ==== 
     psi = 0.497*[#   2]+0.497*[#   6]
    |psi|^2 = 0.995
==== e(   5) =    -0.19051 eV ==== 
     psi = 0.488*[#   2]+0.488*[#   6]
    |psi|^2 = 0.977
==== e(   6) =     3.66948 eV ==== 
     psi = 0.003*[#   3]+0.003*[#   4]+0.003*[#   7]+0.003*[#   8]
    |psi|^2 = 0.013
==== e(   7) =     4.52958 eV ==== 

    |psi|^2 = 0.002
==== e(   8) =     6.40710 eV ==== 
     psi = 0.006*[#   1]+0.006*[#   5]+0.002*[#   3]+0.002*[#   4]+0.002*[#   7]
          +0.002*[#   8]
    |psi|^2 = 0.021

 k =   0.2121212121  0.4023956422  0.0000000000
==== e(   1) =   -20.20917 eV ==== 
     psi = 0.270*[#   1]+0.270*[#   5]+0.111*[#   3]+0.111*[#   4]+0.111*[#   7]
          +0.111*[#   8]
    |psi|^2 = 0.984
==== e(   2) =   -14.15036 eV ==== 
     psi = 0.177*[#   3]+0.177*[#   4]+0.177*[#   7]+0.177*[#   8]+0.144*[#   1]
          +0.144*[#   5]
    |psi|^2 = 0.995
==== e(   3) =   -12.52456 eV ==== 
     psi = 0.229*[#   3]+0.229*[#   4]+0.229*[#   7]+0.229*[#   8]+0.036*[#   1]
          +0.036*[#   5]
    |psi|^2 = 0.989
==== e(   4) =    -7.74543 eV ==== 
     psi = 0.498*[#   2]+0.498*[#   6]
    |psi|^2 = 0.995
==== e(   5) =    -0.51741 eV ==== 
     psi = 0.489*[#   2]+0.489*[#   6]
    |psi|^2 = 0.978
==== e(   6) =     3.99471 eV ==== 
     psi = 0.003*[#   3]+0.003*[#   4]+0.003*[#   7]+0.003*[#   8]
    |psi|^2 = 0.011
==== e(   7) =     4.83580 eV ==== 

    |psi|^2 = 0.001
==== e(   8) =     6.72652 eV ==== 
     psi = 0.014*[#   1]+0.014*[#   5]+0.005*[#   3]+0.005*[#   4]+0.005*[#   7]
          +0.005*[#   8]
    |psi|^2 = 0.050

 k =   0.2121212121  0.4198911049  0.0000000000
==== e(   1) =   -19.97074 eV ==== 
     psi = 0.265*[#   1]+0.265*[#   5]+0.114*[#   3]+0.114*[#   4]+0.114*[#   7]
          +0.114*[#   8]
    |psi|^2 = 0.984
==== e(   2) =   -14.44034 eV ==== 
     psi = 0.174*[#   3]+0.174*[#   4]+0.174*[#   7]+0.174*[#   8]+0.149*[#   1]
          +0.149*[#   5]
    |psi|^2 = 0.994
==== e(   3) =   -12.69448 eV ==== 
     psi = 0.229*[#   3]+0.229*[#   4]+0.229*[#   7]+0.229*[#   8]+0.037*[#   1]
          +0.037*[#   5]
    |psi|^2 = 0.989
==== e(   4) =    -7.48785 eV ==== 
     psi = 0.498*[#   2]+0.498*[#   6]
    |psi|^2 = 0.996
==== e(   5) =    -0.84426 eV ==== 
     psi = 0.489*[#   2]+0.489*[#   6]
    |psi|^2 = 0.979
==== e(   6) =     4.33326 eV ==== 
     psi = 0.002*[#   3]+0.002*[#   4]+0.002*[#   7]+0.002*[#   8]
    |psi|^2 = 0.010
==== e(   7) =     5.14862 eV ==== 

    |psi|^2 = 0.001
==== e(   8) =     7.01986 eV ==== 
     psi = 0.069*[#   1]+0.069*[#   5]+0.030*[#   3]+0.030*[#   4]+0.030*[#   7]
          +0.030*[#   8]
    |psi|^2 = 0.258

 k =   0.2121212121  0.4373865676  0.0000000000
==== e(   1) =   -19.72427 eV ==== 
     psi = 0.260*[#   1]+0.260*[#   5]+0.116*[#   3]+0.116*[#   4]+0.116*[#   7]
          +0.116*[#   8]
    |psi|^2 = 0.985
==== e(   2) =   -14.74226 eV ==== 
     psi = 0.172*[#   3]+0.172*[#   4]+0.172*[#   7]+0.172*[#   8]+0.152*[#   1]
          +0.152*[#   5]
    |psi|^2 = 0.994
==== e(   3) =   -12.84020 eV ==== 
     psi = 0.228*[#   3]+0.228*[#   4]+0.228*[#   7]+0.228*[#   8]+0.039*[#   1]
          +0.039*[#   5]
    |psi|^2 = 0.989
==== e(   4) =    -7.22628 eV ==== 
     psi = 0.498*[#   2]+0.498*[#   6]
    |psi|^2 = 0.996
==== e(   5) =    -1.16908 eV ==== 
     psi = 0.490*[#   2]+0.490*[#   6]
    |psi|^2 = 0.979
==== e(   6) =     4.68476 eV ==== 
     psi = 0.002*[#   3]+0.002*[#   4]+0.002*[#   7]+0.002*[#   8]
    |psi|^2 = 0.009
==== e(   7) =     5.46455 eV ==== 

    |psi|^2 = 0.001
==== e(   8) =     7.12276 eV ==== 
     psi = 0.194*[#   1]+0.194*[#   5]+0.081*[#   3]+0.081*[#   4]+0.081*[#   7]
          +0.081*[#   8]
    |psi|^2 = 0.713

 k =   0.2121212121  0.4548820303  0.0000000000
==== e(   1) =   -19.47040 eV ==== 
     psi = 0.256*[#   1]+0.256*[#   5]+0.118*[#   3]+0.118*[#   4]+0.118*[#   7]
          +0.118*[#   8]
    |psi|^2 = 0.986
==== e(   2) =   -15.05246 eV ==== 
     psi = 0.171*[#   3]+0.171*[#   4]+0.171*[#   7]+0.171*[#   8]+0.155*[#   1]
          +0.155*[#   5]
    |psi|^2 = 0.993
==== e(   3) =   -12.96368 eV ==== 
     psi = 0.227*[#   3]+0.227*[#   4]+0.227*[#   7]+0.227*[#   8]+0.040*[#   1]
          +0.040*[#   5]
    |psi|^2 = 0.989
==== e(   4) =    -6.96298 eV ==== 
     psi = 0.498*[#   2]+0.498*[#   6]
    |psi|^2 = 0.996
==== e(   5) =    -1.48925 eV ==== 
     psi = 0.490*[#   2]+0.490*[#   6]
    |psi|^2 = 0.979
==== e(   6) =     5.04873 eV ==== 
     psi = 0.002*[#   1]+0.002*[#   5]+0.001*[#   3]+0.001*[#   4]+0.001*[#   7]
          +0.001*[#   8]
    |psi|^2 = 0.009
==== e(   7) =     5.77823 eV ==== 

    |psi|^2 = 0.001
==== e(   8) =     7.11037 eV ==== 
     psi = 0.222*[#   1]+0.222*[#   5]+0.084*[#   3]+0.084*[#   4]+0.084*[#   7]
          +0.084*[#   8]
    |psi|^2 = 0.780

 k =   0.2121212121  0.4723774930  0.0000000000
==== e(   1) =   -19.21004 eV ==== 
     psi = 0.252*[#   1]+0.252*[#   5]+0.120*[#   3]+0.120*[#   4]+0.120*[#   7]
          +0.120*[#   8]
    |psi|^2 = 0.986
==== e(   2) =   -15.36709 eV ==== 
     psi = 0.169*[#   3]+0.169*[#   4]+0.169*[#   7]+0.169*[#   8]+0.158*[#   1]
          +0.158*[#   5]
    |psi|^2 = 0.992
==== e(   3) =   -13.06693 eV ==== 
     psi = 0.226*[#   3]+0.226*[#   4]+0.226*[#   7]+0.226*[#   8]+0.042*[#   1]
          +0.042*[#   5]
    |psi|^2 = 0.989
==== e(   4) =    -6.70117 eV ==== 
     psi = 0.498*[#   2]+0.498*[#   6]
    |psi|^2 = 0.996
==== e(   5) =    -1.80123 eV ==== 
     psi = 0.490*[#   2]+0.490*[#   6]
    |psi|^2 = 0.980
==== e(   6) =     5.42445 eV ==== 
     psi = 0.003*[#   1]+0.003*[#   5]+0.001*[#   3]+0.001*[#   4]+0.001*[#   7]
          +0.001*[#   8]
    |psi|^2 = 0.010
==== e(   7) =     6.08138 eV ==== 

    |psi|^2 = 0.002
==== e(   8) =     7.08266 eV ==== 
     psi = 0.233*[#   1]+0.233*[#   5]+0.082*[#   3]+0.082*[#   4]+0.082*[#   7]
          +0.082*[#   8]
    |psi|^2 = 0.793

 k =   0.2121212121  0.4898729557  0.0000000000
==== e(   1) =   -18.94464 eV ==== 
     psi = 0.250*[#   1]+0.250*[#   5]+0.122*[#   3]+0.122*[#   4]+0.122*[#   7]
          +0.122*[#   8]
    |psi|^2 = 0.987
==== e(   2) =   -15.68220 eV ==== 
     psi = 0.168*[#   3]+0.168*[#   4]+0.168*[#   7]+0.168*[#   8]+0.159*[#   1]
          +0.159*[#   5]
    |psi|^2 = 0.991
==== e(   3) =   -13.15172 eV ==== 
     psi = 0.226*[#   3]+0.226*[#   4]+0.226*[#   7]+0.226*[#   8]+0.043*[#   1]
          +0.043*[#   5]
    |psi|^2 = 0.990
==== e(   4) =    -6.44547 eV ==== 
     psi = 0.498*[#   2]+0.498*[#   6]
    |psi|^2 = 0.996
==== e(   5) =    -2.10004 eV ==== 
     psi = 0.490*[#   2]+0.490*[#   6]
    |psi|^2 = 0.980
==== e(   6) =     5.81077 eV ==== 
     psi = 0.005*[#   1]+0.005*[#   5]
    |psi|^2 = 0.013
==== e(   7) =     6.36173 eV ==== 
     psi = 0.001*[#   2]+0.001*[#   6]
    |psi|^2 = 0.003
==== e(   8) =     7.05451 eV ==== 
     psi = 0.239*[#   1]+0.239*[#   5]+0.079*[#   3]+0.079*[#   4]+0.079*[#   7]
          +0.079*[#   8]
    |psi|^2 = 0.796

 k =   0.2121212121  0.5073684184  0.0000000000
==== e(   1) =   -18.67669 eV ==== 
     psi = 0.248*[#   1]+0.248*[#   5]+0.123*[#   3]+0.123*[#   4]+0.123*[#   7]
          +0.123*[#   8]
    |psi|^2 = 0.988
==== e(   2) =   -15.99325 eV ==== 
     psi = 0.168*[#   3]+0.168*[#   4]+0.168*[#   7]+0.168*[#   8]+0.160*[#   1]
          +0.160*[#   5]
    |psi|^2 = 0.990
==== e(   3) =   -13.21946 eV ==== 
     psi = 0.225*[#   3]+0.225*[#   4]+0.225*[#   7]+0.225*[#   8]+0.044*[#   1]
          +0.044*[#   5]
    |psi|^2 = 0.990
==== e(   4) =    -6.20282 eV ==== 
     psi = 0.498*[#   2]+0.498*[#   6]
    |psi|^2 = 0.996
==== e(   5) =    -2.37846 eV ==== 
     psi = 0.490*[#   2]+0.490*[#   6]
    |psi|^2 = 0.980
==== e(   6) =     6.20539 eV ==== 
     psi = 0.009*[#   1]+0.009*[#   5]+0.001*[#   3]+0.001*[#   4]+0.001*[#   7]
          +0.001*[#   8]
    |psi|^2 = 0.023
==== e(   7) =     6.60332 eV ==== 
     psi = 0.002*[#   2]+0.002*[#   6]
    |psi|^2 = 0.004
==== e(   8) =     7.03116 eV ==== 
     psi = 0.242*[#   1]+0.242*[#   5]+0.077*[#   3]+0.077*[#   4]+0.077*[#   7]
          +0.077*[#   8]
    |psi|^2 = 0.790

 k =   0.2121212121  0.5248638811  0.0000000000
==== e(   1) =   -18.41110 eV ==== 
     psi = 0.249*[#   1]+0.249*[#   5]+0.123*[#   3]+0.123*[#   4]+0.123*[#   7]
          +0.123*[#   8]
    |psi|^2 = 0.989
==== e(   2) =   -16.29381 eV ==== 
     psi = 0.168*[#   3]+0.168*[#   4]+0.168*[#   7]+0.168*[#   8]+0.158*[#   1]
          +0.158*[#   5]
    |psi|^2 = 0.989
==== e(   3) =   -13.27119 eV ==== 
     psi = 0.225*[#   3]+0.225*[#   4]+0.225*[#   7]+0.225*[#   8]+0.045*[#   1]
          +0.045*[#   5]
    |psi|^2 = 0.990
==== e(   4) =    -5.98364 eV ==== 
     psi = 0.498*[#   2]+0.498*[#   6]
    |psi|^2 = 0.997
==== e(   5) =    -2.62577 eV ==== 
     psi = 0.490*[#   2]+0.490*[#   6]
    |psi|^2 = 0.979
==== e(   6) =     6.60070 eV ==== 
     psi = 0.023*[#   1]+0.023*[#   5]+0.004*[#   3]+0.004*[#   4]+0.004*[#   7]
          +0.004*[#   8]
    |psi|^2 = 0.064
==== e(   7) =     6.79085 eV ==== 
     psi = 0.003*[#   2]+0.003*[#   6]
    |psi|^2 = 0.006
==== e(   8) =     7.02025 eV ==== 
     psi = 0.232*[#   1]+0.232*[#   5]+0.072*[#   3]+0.072*[#   4]+0.072*[#   7]
          +0.072*[#   8]
    |psi|^2 = 0.753

 k =   0.2121212121  0.5423593438  0.0000000000
==== e(   1) =   -18.15918 eV ==== 
     psi = 0.254*[#   1]+0.254*[#   5]+0.121*[#   3]+0.121*[#   4]+0.121*[#   7]
          +0.121*[#   8]
    |psi|^2 = 0.991
==== e(   2) =   -16.57146 eV ==== 
     psi = 0.171*[#   3]+0.171*[#   4]+0.171*[#   7]+0.171*[#   8]+0.153*[#   1]
          +0.153*[#   5]
    |psi|^2 = 0.988
==== e(   3) =   -13.30765 eV ==== 
     psi = 0.225*[#   3]+0.225*[#   4]+0.225*[#   7]+0.225*[#   8]+0.045*[#   1]
          +0.045*[#   5]
    |psi|^2 = 0.990
==== e(   4) =    -5.80319 eV ==== 
     psi = 0.498*[#   2]+0.498*[#   6]
    |psi|^2 = 0.997
==== e(   5) =    -2.82649 eV ==== 
     psi = 0.490*[#   2]+0.490*[#   6]
    |psi|^2 = 0.979
==== e(   6) =     6.90954 eV ==== 
     psi = 0.180*[#   1]+0.180*[#   5]+0.047*[#   3]+0.047*[#   4]+0.047*[#   7]
          +0.047*[#   8]
    |psi|^2 = 0.547
==== e(   7) =     6.91753 eV ==== 
     psi = 0.004*[#   2]+0.004*[#   6]
    |psi|^2 = 0.008
==== e(   8) =     7.10675 eV ==== 
     psi = 0.081*[#   1]+0.081*[#   5]+0.029*[#   3]+0.029*[#   4]+0.029*[#   7]
          +0.029*[#   8]
    |psi|^2 = 0.276

 k =   0.2121212121  0.5598548065  0.0000000000
==== e(   1) =   -17.95102 eV ==== 
     psi = 0.265*[#   1]+0.265*[#   5]+0.116*[#   3]+0.116*[#   4]+0.116*[#   7]
          +0.116*[#   8]
    |psi|^2 = 0.992
==== e(   2) =   -16.79535 eV ==== 
     psi = 0.176*[#   3]+0.176*[#   4]+0.176*[#   7]+0.176*[#   8]+0.142*[#   1]
          +0.142*[#   5]
    |psi|^2 = 0.986
==== e(   3) =   -13.32935 eV ==== 
     psi = 0.225*[#   3]+0.225*[#   4]+0.225*[#   7]+0.225*[#   8]+0.046*[#   1]
          +0.046*[#   5]
    |psi|^2 = 0.990
==== e(   4) =    -5.68142 eV ==== 
     psi = 0.499*[#   2]+0.499*[#   6]
    |psi|^2 = 0.997
==== e(   5) =    -2.96049 eV ==== 
     psi = 0.489*[#   2]+0.489*[#   6]
    |psi|^2 = 0.979
==== e(   6) =     6.95116 eV ==== 
     psi = 0.254*[#   1]+0.254*[#   5]+0.070*[#   3]+0.070*[#   4]+0.070*[#   7]
          +0.070*[#   8]
    |psi|^2 = 0.789
==== e(   7) =     6.98774 eV ==== 
     psi = 0.005*[#   2]+0.005*[#   6]
    |psi|^2 = 0.009
==== e(   8) =     7.46426 eV ==== 
     psi = 0.013*[#   1]+0.013*[#   5]+0.005*[#   3]+0.005*[#   4]+0.005*[#   7]
          +0.005*[#   8]
    |psi|^2 = 0.045

 k =   0.2121212121  0.5773502692  0.0000000000
==== e(   1) =   -17.86038 eV ==== 
     psi = 0.273*[#   1]+0.273*[#   5]+0.112*[#   3]+0.112*[#   4]+0.112*[#   7]
          +0.112*[#   8]
    |psi|^2 = 0.993
==== e(   2) =   -16.89127 eV ==== 
     psi = 0.180*[#   3]+0.180*[#   4]+0.180*[#   7]+0.180*[#   8]+0.133*[#   1]
          +0.133*[#   5]
    |psi|^2 = 0.985
==== e(   3) =   -13.33655 eV ==== 
     psi = 0.224*[#   3]+0.224*[#   4]+0.224*[#   7]+0.224*[#   8]+0.046*[#   1]
          +0.046*[#   5]
    |psi|^2 = 0.990
==== e(   4) =    -5.63794 eV ==== 
     psi = 0.499*[#   2]+0.499*[#   6]
    |psi|^2 = 0.997
==== e(   5) =    -3.00807 eV ==== 
     psi = 0.489*[#   2]+0.489*[#   6]
    |psi|^2 = 0.979
==== e(   6) =     6.95291 eV ==== 
     psi = 0.257*[#   1]+0.257*[#   5]+0.072*[#   3]+0.072*[#   4]+0.072*[#   7]
          +0.072*[#   8]
    |psi|^2 = 0.801
==== e(   7) =     7.00987 eV ==== 
     psi = 0.005*[#   2]+0.005*[#   6]
    |psi|^2 = 0.010
==== e(   8) =     7.77066 eV ==== 
     psi = 0.020*[#   1]+0.020*[#   5]+0.005*[#   3]+0.005*[#   4]+0.005*[#   7]
          +0.005*[#   8]
    |psi|^2 = 0.061

 k =   0.2272727273  0.3936479108  0.0000000000
==== e(   1) =   -20.21429 eV ==== 
     psi = 0.270*[#   1]+0.270*[#   5]+0.111*[#   3]+0.111*[#   4]+0.111*[#   7]
          +0.111*[#   8]
    |psi|^2 = 0.984
==== e(   2) =   -14.10663 eV ==== 
     psi = 0.176*[#   3]+0.176*[#   4]+0.176*[#   7]+0.176*[#   8]+0.146*[#   1]
          +0.146*[#   5]
    |psi|^2 = 0.995
==== e(   3) =   -12.56754 eV ==== 
     psi = 0.230*[#   3]+0.230*[#   4]+0.230*[#   7]+0.230*[#   8]+0.035*[#   1]
          +0.035*[#   5]
    |psi|^2 = 0.988
==== e(   4) =    -7.74989 eV ==== 
     psi = 0.498*[#   2]+0.498*[#   6]
    |psi|^2 = 0.995
==== e(   5) =    -0.50422 eV ==== 
     psi = 0.489*[#   2]+0.489*[#   6]
    |psi|^2 = 0.978
==== e(   6) =     3.98753 eV ==== 
     psi = 0.003*[#   3]+0.003*[#   4]+0.003*[#   7]+0.003*[#   8]
    |psi|^2 = 0.011
==== e(   7) =     4.82697 eV ==== 

    |psi|^2 = 0.001
==== e(   8) =     6.72684 eV ==== 
     psi = 0.008*[#   1]+0.008*[#   5]+0.003*[#   3]+0.003*[#   4]+0.003*[#   7]
          +0.003*[#   8]
    |psi|^2 = 0.028

 k =   0.2272727273  0.4111433735  0.0000000000
==== e(   1) =   -19.98088 eV ==== 
     psi = 0.265*[#   1]+0.265*[#   5]+0.114*[#   3]+0.114*[#   4]+0.114*[#   7]
          +0.114*[#   8]
    |psi|^2 = 0.984
==== e(   2) =   -14.35477 eV ==== 
     psi = 0.173*[#   3]+0.173*[#   4]+0.173*[#   7]+0.173*[#   8]+0.151*[#   1]
          +0.151*[#   5]
    |psi|^2 = 0.995
==== e(   3) =   -12.77998 eV ==== 
     psi = 0.229*[#   3]+0.229*[#   4]+0.229*[#   7]+0.229*[#   8]+0.035*[#   1]
          +0.035*[#   5]
    |psi|^2 = 0.988
==== e(   4) =    -7.49595 eV ==== 
     psi = 0.498*[#   2]+0.498*[#   6]
    |psi|^2 = 0.996
==== e(   5) =    -0.81927 eV ==== 
     psi = 0.490*[#   2]+0.490*[#   6]
    |psi|^2 = 0.980
==== e(   6) =     4.31892 eV ==== 
     psi = 0.002*[#   3]+0.002*[#   4]+0.002*[#   7]+0.002*[#   8]
    |psi|^2 = 0.010
==== e(   7) =     5.13039 eV ==== 

    |psi|^2 = 0.001
==== e(   8) =     7.05431 eV ==== 
     psi = 0.014*[#   1]+0.014*[#   5]+0.006*[#   3]+0.006*[#   4]+0.006*[#   7]
          +0.006*[#   8]
    |psi|^2 = 0.051

 k =   0.2272727273  0.4286388362  0.0000000000
==== e(   1) =   -19.73929 eV ==== 
     psi = 0.260*[#   1]+0.260*[#   5]+0.116*[#   3]+0.116*[#   4]+0.116*[#   7]
          +0.116*[#   8]
    |psi|^2 = 0.985
==== e(   2) =   -14.61985 eV ==== 
     psi = 0.171*[#   3]+0.171*[#   4]+0.171*[#   7]+0.171*[#   8]+0.156*[#   1]
          +0.156*[#   5]
    |psi|^2 = 0.994
==== e(   3) =   -12.96453 eV ==== 
     psi = 0.229*[#   3]+0.229*[#   4]+0.229*[#   7]+0.229*[#   8]+0.036*[#   1]
          +0.036*[#   5]
    |psi|^2 = 0.988
==== e(   4) =    -7.23689 eV ==== 
     psi = 0.498*[#   2]+0.498*[#   6]
    |psi|^2 = 0.996
==== e(   5) =    -1.13416 eV ==== 
     psi = 0.490*[#   2]+0.490*[#   6]
    |psi|^2 = 0.981
==== e(   6) =     4.66333 eV ==== 
     psi = 0.002*[#   3]+0.002*[#   4]+0.002*[#   7]+0.002*[#   8]
    |psi|^2 = 0.009
==== e(   7) =     5.43600 eV ==== 

    |psi|^2 = 0.000
==== e(   8) =     7.36586 eV ==== 
     psi = 0.052*[#   1]+0.052*[#   5]+0.023*[#   3]+0.023*[#   4]+0.023*[#   7]
          +0.023*[#   8]
    |psi|^2 = 0.196

 k =   0.2272727273  0.4461342989  0.0000000000
==== e(   1) =   -19.49007 eV ==== 
     psi = 0.256*[#   1]+0.256*[#   5]+0.118*[#   3]+0.118*[#   4]+0.118*[#   7]
          +0.118*[#   8]
    |psi|^2 = 0.986
==== e(   2) =   -14.89983 eV ==== 
     psi = 0.169*[#   3]+0.169*[#   4]+0.169*[#   7]+0.169*[#   8]+0.159*[#   1]
          +0.159*[#   5]
    |psi|^2 = 0.994
==== e(   3) =   -13.12146 eV ==== 
     psi = 0.228*[#   3]+0.228*[#   4]+0.228*[#   7]+0.228*[#   8]+0.037*[#   1]
          +0.037*[#   5]
    |psi|^2 = 0.988
==== e(   4) =    -6.97451 eV ==== 
     psi = 0.498*[#   2]+0.498*[#   6]
    |psi|^2 = 0.996
==== e(   5) =    -1.44692 eV ==== 
     psi = 0.491*[#   2]+0.491*[#   6]
    |psi|^2 = 0.981
==== e(   6) =     5.02030 eV ==== 
     psi = 0.001*[#   1]+0.001*[#   3]+0.001*[#   4]+0.001*[#   5]+0.001*[#   7]
          +0.001*[#   8]
    |psi|^2 = 0.008
==== e(   7) =     5.73788 eV ==== 

    |psi|^2 = 0.000
==== e(   8) =     7.51098 eV ==== 
     psi = 0.179*[#   1]+0.179*[#   5]+0.076*[#   3]+0.076*[#   4]+0.076*[#   7]
          +0.076*[#   8]
    |psi|^2 = 0.664

 k =   0.2272727273  0.4636297616  0.0000000000
==== e(   1) =   -19.23397 eV ==== 
     psi = 0.252*[#   1]+0.252*[#   5]+0.121*[#   3]+0.121*[#   4]+0.121*[#   7]
          +0.121*[#   8]
    |psi|^2 = 0.986
==== e(   2) =   -15.19118 eV ==== 
     psi = 0.167*[#   3]+0.167*[#   4]+0.167*[#   7]+0.167*[#   8]+0.162*[#   1]
          +0.162*[#   5]
    |psi|^2 = 0.993
==== e(   3) =   -13.25251 eV ==== 
     psi = 0.228*[#   3]+0.228*[#   4]+0.228*[#   7]+0.228*[#   8]+0.039*[#   1]
          +0.039*[#   5]
    |psi|^2 = 0.988
==== e(   4) =    -6.71131 eV ==== 
     psi = 0.498*[#   2]+0.498*[#   6]
    |psi|^2 = 0.996
==== e(   5) =    -1.75485 eV ==== 
     psi = 0.491*[#   2]+0.491*[#   6]
    |psi|^2 = 0.982
==== e(   6) =     5.38920 eV ==== 
     psi = 0.002*[#   1]+0.002*[#   5]+0.001*[#   3]+0.001*[#   4]+0.001*[#   7]
          +0.001*[#   8]
    |psi|^2 = 0.009
==== e(   7) =     6.02697 eV ==== 

    |psi|^2 = 0.001
==== e(   8) =     7.50656 eV ==== 
     psi = 0.214*[#   1]+0.214*[#   5]+0.082*[#   3]+0.082*[#   4]+0.082*[#   7]
          +0.082*[#   8]
    |psi|^2 = 0.757

 k =   0.2272727273  0.4811252243  0.0000000000
==== e(   1) =   -18.97215 eV ==== 
     psi = 0.249*[#   1]+0.249*[#   5]+0.122*[#   3]+0.122*[#   4]+0.122*[#   7]
          +0.122*[#   8]
    |psi|^2 = 0.987
==== e(   2) =   -15.48953 eV ==== 
     psi = 0.166*[#   3]+0.166*[#   4]+0.166*[#   7]+0.166*[#   8]+0.164*[#   1]
          +0.164*[#   5]
    |psi|^2 = 0.992
==== e(   3) =   -13.36002 eV ==== 
     psi = 0.227*[#   3]+0.227*[#   4]+0.227*[#   7]+0.227*[#   8]+0.040*[#   1]
          +0.040*[#   5]
    |psi|^2 = 0.988
==== e(   4) =    -6.45086 eV ==== 
     psi = 0.498*[#   2]+0.498*[#   6]
    |psi|^2 = 0.996
==== e(   5) =    -2.05417 eV ==== 
     psi = 0.491*[#   2]+0.491*[#   6]
    |psi|^2 = 0.982
==== e(   6) =     5.76913 eV ==== 
     psi = 0.004*[#   1]+0.004*[#   5]
    |psi|^2 = 0.011
==== e(   7) =     6.29019 eV ==== 

    |psi|^2 = 0.002
==== e(   8) =     7.48006 eV ==== 
     psi = 0.226*[#   1]+0.226*[#   5]+0.080*[#   3]+0.080*[#   4]+0.080*[#   7]
          +0.080*[#   8]
    |psi|^2 = 0.773

 k =   0.2272727273  0.4986206870  0.0000000000
==== e(   1) =   -18.70646 eV ==== 
     psi = 0.247*[#   1]+0.247*[#   5]+0.124*[#   3]+0.124*[#   4]+0.124*[#   7]
          +0.124*[#   8]
    |psi|^2 = 0.988
==== e(   2) =   -15.79004 eV ==== 
     psi = 0.165*[#   3]+0.165*[#   4]+0.165*[#   7]+0.165*[#   8]+0.165*[#   1]
          +0.165*[#   5]
    |psi|^2 = 0.991
==== e(   3) =   -13.44628 eV ==== 
     psi = 0.226*[#   3]+0.226*[#   4]+0.226*[#   7]+0.226*[#   8]+0.042*[#   1]
          +0.042*[#   5]
    |psi|^2 = 0.989
==== e(   4) =    -6.19852 eV ==== 
     psi = 0.498*[#   2]+0.498*[#   6]
    |psi|^2 = 0.996
==== e(   5) =    -2.33932 eV ==== 
     psi = 0.491*[#   2]+0.491*[#   6]
    |psi|^2 = 0.982
==== e(   6) =     6.15863 eV ==== 
     psi = 0.006*[#   1]+0.006*[#   5]+0.001*[#   3]+0.001*[#   4]+0.001*[#   7]
          +0.001*[#   8]
    |psi|^2 = 0.016
==== e(   7) =     6.51167 eV ==== 
     psi = 0.001*[#   2]+0.001*[#   6]
    |psi|^2 = 0.003
==== e(   8) =     7.45246 eV ==== 
     psi = 0.232*[#   1]+0.232*[#   5]+0.078*[#   3]+0.078*[#   4]+0.078*[#   7]
          +0.078*[#   8]
    |psi|^2 = 0.776

 k =   0.2272727273  0.5161161497  0.0000000000
==== e(   1) =   -18.44028 eV ==== 
     psi = 0.246*[#   1]+0.246*[#   5]+0.124*[#   3]+0.124*[#   4]+0.124*[#   7]
          +0.124*[#   8]
    |psi|^2 = 0.989
==== e(   2) =   -16.08683 eV ==== 
     psi = 0.165*[#   3]+0.165*[#   4]+0.165*[#   7]+0.165*[#   8]+0.164*[#   1]
          +0.164*[#   5]
    |psi|^2 = 0.990
==== e(   3) =   -13.51321 eV ==== 
     psi = 0.226*[#   3]+0.226*[#   4]+0.226*[#   7]+0.226*[#   8]+0.043*[#   1]
          +0.043*[#   5]
    |psi|^2 = 0.989
==== e(   4) =    -5.96249 eV ==== 
     psi = 0.498*[#   2]+0.498*[#   6]
    |psi|^2 = 0.996
==== e(   5) =    -2.60189 eV ==== 
     psi = 0.491*[#   2]+0.491*[#   6]
    |psi|^2 = 0.982
==== e(   6) =     6.55503 eV ==== 
     psi = 0.010*[#   1]+0.010*[#   5]+0.002*[#   3]+0.002*[#   4]+0.002*[#   7]
          +0.002*[#   8]
    |psi|^2 = 0.027
==== e(   7) =     6.67858 eV ==== 
     psi = 0.002*[#   2]+0.002*[#   6]
    |psi|^2 = 0.004
==== e(   8) =     7.42978 eV ==== 
     psi = 0.234*[#   1]+0.234*[#   5]+0.075*[#   3]+0.075*[#   4]+0.075*[#   7]
          +0.075*[#   8]
    |psi|^2 = 0.770

 k =   0.2272727273  0.5336116124  0.0000000000
==== e(   1) =   -18.18077 eV ==== 
     psi = 0.248*[#   1]+0.248*[#   5]+0.123*[#   3]+0.123*[#   4]+0.123*[#   7]
          +0.123*[#   8]
    |psi|^2 = 0.990
==== e(   2) =   -16.37084 eV ==== 
     psi = 0.167*[#   3]+0.167*[#   4]+0.167*[#   7]+0.167*[#   8]+0.162*[#   1]
          +0.162*[#   5]
    |psi|^2 = 0.989
==== e(   3) =   -13.56224 eV ==== 
     psi = 0.225*[#   3]+0.225*[#   4]+0.225*[#   7]+0.225*[#   8]+0.044*[#   1]
          +0.044*[#   5]
    |psi|^2 = 0.989
==== e(   4) =    -5.75547 eV ==== 
     psi = 0.498*[#   2]+0.498*[#   6]
    |psi|^2 = 0.997
==== e(   5) =    -2.82899 eV ==== 
     psi = 0.491*[#   2]+0.491*[#   6]
    |psi|^2 = 0.982
==== e(   6) =     6.78899 eV ==== 
     psi = 0.003*[#   2]+0.003*[#   6]
    |psi|^2 = 0.006
==== e(   7) =     6.95091 eV ==== 
     psi = 0.023*[#   1]+0.023*[#   5]+0.005*[#   3]+0.005*[#   4]+0.005*[#   7]
          +0.005*[#   8]
    |psi|^2 = 0.065
==== e(   8) =     7.41856 eV ==== 
     psi = 0.227*[#   1]+0.227*[#   5]+0.071*[#   3]+0.071*[#   4]+0.071*[#   7]
          +0.071*[#   8]
    |psi|^2 = 0.739

 k =   0.2272727273  0.5511070751  0.0000000000
==== e(   1) =   -17.94575 eV ==== 
     psi = 0.255*[#   1]+0.255*[#   5]+0.120*[#   3]+0.120*[#   4]+0.120*[#   7]
          +0.120*[#   8]
    |psi|^2 = 0.992
==== e(   2) =   -16.62289 eV ==== 
     psi = 0.170*[#   3]+0.170*[#   4]+0.170*[#   7]+0.170*[#   8]+0.154*[#   1]
          +0.154*[#   5]
    |psi|^2 = 0.988
==== e(   3) =   -13.59440 eV ==== 
     psi = 0.225*[#   3]+0.225*[#   4]+0.225*[#   7]+0.225*[#   8]+0.045*[#   1]
          +0.045*[#   5]
    |psi|^2 = 0.989
==== e(   4) =    -5.59612 eV ==== 
     psi = 0.498*[#   2]+0.498*[#   6]
    |psi|^2 = 0.997
==== e(   5) =    -3.00181 eV ==== 
     psi = 0.491*[#   2]+0.491*[#   6]
    |psi|^2 = 0.982
==== e(   6) =     6.85207 eV ==== 
     psi = 0.003*[#   2]+0.003*[#   6]
    |psi|^2 = 0.007
==== e(   7) =     7.28411 eV ==== 
     psi = 0.143*[#   1]+0.143*[#   5]+0.038*[#   3]+0.038*[#   4]+0.038*[#   7]
          +0.038*[#   8]
    |psi|^2 = 0.438
==== e(   8) =     7.47617 eV ==== 
     psi = 0.112*[#   1]+0.112*[#   5]+0.038*[#   3]+0.038*[#   4]+0.038*[#   7]
          +0.038*[#   8]
    |psi|^2 = 0.376

 k =   0.2272727273  0.5686025378  0.0000000000
==== e(   1) =   -17.78415 eV ==== 
     psi = 0.266*[#   1]+0.266*[#   5]+0.115*[#   3]+0.115*[#   4]+0.115*[#   7]
          +0.115*[#   8]
    |psi|^2 = 0.993
==== e(   2) =   -16.79322 eV ==== 
     psi = 0.175*[#   3]+0.175*[#   4]+0.175*[#   7]+0.175*[#   8]+0.143*[#   1]
          +0.143*[#   5]
    |psi|^2 = 0.986
==== e(   3) =   -13.61033 eV ==== 
     psi = 0.225*[#   3]+0.225*[#   4]+0.225*[#   7]+0.225*[#   8]+0.045*[#   1]
          +0.045*[#   5]
    |psi|^2 = 0.989
==== e(   4) =    -5.50747 eV ==== 
     psi = 0.498*[#   2]+0.498*[#   6]
    |psi|^2 = 0.997
==== e(   5) =    -3.09723 eV ==== 
     psi = 0.491*[#   2]+0.491*[#   6]
    |psi|^2 = 0.982
==== e(   6) =     6.87988 eV ==== 
     psi = 0.004*[#   2]+0.004*[#   6]
    |psi|^2 = 0.007
==== e(   7) =     7.35009 eV ==== 
     psi = 0.244*[#   1]+0.244*[#   5]+0.070*[#   3]+0.070*[#   4]+0.070*[#   7]
          +0.070*[#   8]
    |psi|^2 = 0.768
==== e(   8) =     7.78452 eV ==== 
     psi = 0.020*[#   1]+0.020*[#   5]+0.007*[#   3]+0.007*[#   4]+0.007*[#   7]
          +0.007*[#   8]
    |psi|^2 = 0.067

 k =   0.2424242424  0.4198911049  0.0000000000
==== e(   1) =   -19.74430 eV ==== 
     psi = 0.260*[#   1]+0.260*[#   5]+0.116*[#   3]+0.116*[#   4]+0.116*[#   7]
          +0.116*[#   8]
    |psi|^2 = 0.985
==== e(   2) =   -14.57445 eV ==== 
     psi = 0.170*[#   3]+0.170*[#   4]+0.170*[#   7]+0.170*[#   8]+0.157*[#   1]
          +0.157*[#   5]
    |psi|^2 = 0.995
==== e(   3) =   -13.01062 eV ==== 
     psi = 0.230*[#   3]+0.230*[#   4]+0.230*[#   7]+0.230*[#   8]+0.035*[#   1]
          +0.035*[#   5]
    |psi|^2 = 0.988
==== e(   4) =    -7.24045 eV ==== 
     psi = 0.498*[#   2]+0.498*[#   6]
    |psi|^2 = 0.996
==== e(   5) =    -1.12235 eV ==== 
     psi = 0.491*[#   2]+0.491*[#   6]
    |psi|^2 = 0.981
==== e(   6) =     4.65617 eV ==== 
     psi = 0.002*[#   3]+0.002*[#   4]+0.002*[#   7]+0.002*[#   8]
    |psi|^2 = 0.009
==== e(   7) =     5.42641 eV ==== 

    |psi|^2 = 0.000
==== e(   8) =     7.38911 eV ==== 
     psi = 0.018*[#   1]+0.018*[#   5]+0.008*[#   3]+0.008*[#   4]+0.008*[#   7]
          +0.008*[#   8]
    |psi|^2 = 0.070

 k =   0.2424242424  0.4373865676  0.0000000000
==== e(   1) =   -19.49992 eV ==== 
     psi = 0.256*[#   1]+0.256*[#   5]+0.118*[#   3]+0.118*[#   4]+0.118*[#   7]
          +0.118*[#   8]
    |psi|^2 = 0.986
==== e(   2) =   -14.81150 eV ==== 
     psi = 0.167*[#   3]+0.167*[#   4]+0.167*[#   7]+0.167*[#   8]+0.163*[#   1]
          +0.163*[#   5]
    |psi|^2 = 0.995
==== e(   3) =   -13.21251 eV ==== 
     psi = 0.230*[#   3]+0.230*[#   4]+0.230*[#   7]+0.230*[#   8]+0.034*[#   1]
          +0.034*[#   5]
    |psi|^2 = 0.988
==== e(   4) =    -6.98034 eV ==== 
     psi = 0.498*[#   2]+0.498*[#   6]
    |psi|^2 = 0.996
==== e(   5) =    -1.42525 eV ==== 
     psi = 0.491*[#   2]+0.491*[#   6]
    |psi|^2 = 0.982
==== e(   6) =     5.00603 eV ==== 
     psi = 0.001*[#   1]+0.001*[#   3]+0.001*[#   4]+0.001*[#   5]+0.001*[#   7]
          +0.001*[#   8]
    |psi|^2 = 0.008
==== e(   7) =     5.71744 eV ==== 

    |psi|^2 = 0.000
==== e(   8) =     7.71187 eV ==== 
     psi = 0.046*[#   1]+0.046*[#   5]+0.022*[#   3]+0.022*[#   4]+0.022*[#   7]
          +0.022*[#   8]
    |psi|^2 = 0.181

 k =   0.2424242424  0.4548820303  0.0000000000
==== e(   1) =   -19.24839 eV ==== 
     psi = 0.252*[#   1]+0.252*[#   5]+0.121*[#   3]+0.121*[#   4]+0.121*[#   7]
          +0.121*[#   8]
    |psi|^2 = 0.986
==== e(   2) =   -15.06571 eV ==== 
     psi = 0.167*[#   1]+0.167*[#   5]+0.165*[#   3]+0.165*[#   4]+0.165*[#   7]
          +0.165*[#   8]
    |psi|^2 = 0.994
==== e(   3) =   -13.38402 eV ==== 
     psi = 0.229*[#   3]+0.229*[#   4]+0.229*[#   7]+0.229*[#   8]+0.035*[#   1]
          +0.035*[#   5]
    |psi|^2 = 0.987
==== e(   4) =    -6.71756 eV ==== 
     psi = 0.498*[#   2]+0.498*[#   6]
    |psi|^2 = 0.996
==== e(   5) =    -1.72603 eV ==== 
     psi = 0.492*[#   2]+0.492*[#   6]
    |psi|^2 = 0.983
==== e(   6) =     5.36792 eV ==== 
     psi = 0.002*[#   1]+0.002*[#   5]+0.001*[#   3]+0.001*[#   4]+0.001*[#   7]
          +0.001*[#   8]
    |psi|^2 = 0.009
==== e(   7) =     5.99364 eV ==== 

    |psi|^2 = 0.000
==== e(   8) =     7.89015 eV ==== 
     psi = 0.163*[#   1]+0.163*[#   5]+0.072*[#   3]+0.072*[#   4]+0.072*[#   7]
          +0.072*[#   8]
    |psi|^2 = 0.613

 k =   0.2424242424  0.4723774930  0.0000000000
==== e(   1) =   -18.99064 eV ==== 
     psi = 0.248*[#   1]+0.248*[#   5]+0.123*[#   3]+0.123*[#   4]+0.123*[#   7]
          +0.123*[#   8]
    |psi|^2 = 0.987
==== e(   2) =   -15.33444 eV ==== 
     psi = 0.170*[#   1]+0.170*[#   5]+0.163*[#   3]+0.163*[#   4]+0.163*[#   7]
          +0.163*[#   8]
    |psi|^2 = 0.994
==== e(   3) =   -13.52587 eV ==== 
     psi = 0.229*[#   3]+0.229*[#   4]+0.229*[#   7]+0.229*[#   8]+0.036*[#   1]
          +0.036*[#   5]
    |psi|^2 = 0.987
==== e(   4) =    -6.45482 eV ==== 
     psi = 0.498*[#   2]+0.498*[#   6]
    |psi|^2 = 0.996
==== e(   5) =    -2.02195 eV ==== 
     psi = 0.492*[#   2]+0.492*[#   6]
    |psi|^2 = 0.984
==== e(   6) =     5.74100 eV ==== 
     psi = 0.003*[#   1]+0.003*[#   5]
    |psi|^2 = 0.010
==== e(   7) =     6.24109 eV ==== 

    |psi|^2 = 0.001
==== e(   8) =     7.89284 eV ==== 
     psi = 0.206*[#   1]+0.206*[#   5]+0.080*[#   3]+0.080*[#   4]+0.080*[#   7]
          +0.080*[#   8]
    |psi|^2 = 0.731

 k =   0.2424242424  0.4898729557  0.0000000000
==== e(   1) =   -18.72810 eV ==== 
     psi = 0.245*[#   1]+0.245*[#   5]+0.124*[#   3]+0.124*[#   4]+0.124*[#   7]
          +0.124*[#   8]
    |psi|^2 = 0.988
==== e(   2) =   -15.61326 eV ==== 
     psi = 0.172*[#   1]+0.172*[#   5]+0.162*[#   3]+0.162*[#   4]+0.162*[#   7]
          +0.162*[#   8]
    |psi|^2 = 0.993
==== e(   3) =   -13.64022 eV ==== 
     psi = 0.228*[#   3]+0.228*[#   4]+0.228*[#   7]+0.228*[#   8]+0.038*[#   1]
          +0.038*[#   5]
    |psi|^2 = 0.987
==== e(   4) =    -6.19610 eV ==== 
     psi = 0.498*[#   2]+0.498*[#   6]
    |psi|^2 = 0.996
==== e(   5) =    -2.30896 eV ==== 
     psi = 0.492*[#   2]+0.492*[#   6]
    |psi|^2 = 0.985
==== e(   6) =     6.12406 eV ==== 
     psi = 0.005*[#   1]+0.005*[#   5]+0.001*[#   3]+0.001*[#   4]+0.001*[#   7]
          +0.001*[#   8]
    |psi|^2 = 0.014
==== e(   7) =     6.44375 eV ==== 

    |psi|^2 = 0.001
==== e(   8) =     7.86594 eV ==== 
     psi = 0.219*[#   1]+0.219*[#   5]+0.078*[#   3]+0.078*[#   4]+0.078*[#   7]
          +0.078*[#   8]
    |psi|^2 = 0.749

 k =   0.2424242424  0.5073684184  0.0000000000
==== e(   1) =   -18.46321 eV ==== 
     psi = 0.244*[#   1]+0.244*[#   5]+0.125*[#   3]+0.125*[#   4]+0.125*[#   7]
          +0.125*[#   8]
    |psi|^2 = 0.989
==== e(   2) =   -15.89642 eV ==== 
     psi = 0.172*[#   1]+0.172*[#   5]+0.162*[#   3]+0.162*[#   4]+0.162*[#   7]
          +0.162*[#   8]
    |psi|^2 = 0.992
==== e(   3) =   -13.72972 eV ==== 
     psi = 0.227*[#   3]+0.227*[#   4]+0.227*[#   7]+0.227*[#   8]+0.039*[#   1]
          +0.039*[#   5]
    |psi|^2 = 0.988
==== e(   4) =    -5.94757 eV ==== 
     psi = 0.498*[#   2]+0.498*[#   6]
    |psi|^2 = 0.996
==== e(   5) =    -2.58081 eV ==== 
     psi = 0.492*[#   2]+0.492*[#   6]
    |psi|^2 = 0.985
==== e(   6) =     6.51516 eV ==== 
     psi = 0.007*[#   1]+0.007*[#   5]+0.001*[#   3]+0.001*[#   4]+0.001*[#   7]
          +0.001*[#   8]
    |psi|^2 = 0.020
==== e(   7) =     6.59059 eV ==== 
     psi = 0.001*[#   2]+0.001*[#   6]
    |psi|^2 = 0.003
==== e(   8) =     7.83783 eV ==== 
     psi = 0.224*[#   1]+0.224*[#   5]+0.076*[#   3]+0.076*[#   4]+0.076*[#   7]
          +0.076*[#   8]
    |psi|^2 = 0.752

 k =   0.2424242424  0.5248638811  0.0000000000
==== e(   1) =   -18.20064 eV ==== 
     psi = 0.244*[#   1]+0.244*[#   5]+0.126*[#   3]+0.126*[#   4]+0.126*[#   7]
          +0.126*[#   8]
    |psi|^2 = 0.990
==== e(   2) =   -16.17624 eV ==== 
     psi = 0.171*[#   1]+0.171*[#   5]+0.162*[#   3]+0.162*[#   4]+0.162*[#   7]
          +0.162*[#   8]
    |psi|^2 = 0.991
==== e(   3) =   -13.79682 eV ==== 
     psi = 0.227*[#   3]+0.227*[#   4]+0.227*[#   7]+0.227*[#   8]+0.041*[#   1]
          +0.041*[#   5]
    |psi|^2 = 0.988
==== e(   4) =    -5.71910 eV ==== 
     psi = 0.498*[#   2]+0.498*[#   6]
    |psi|^2 = 0.996
==== e(   5) =    -2.82755 eV ==== 
     psi = 0.492*[#   2]+0.492*[#   6]
    |psi|^2 = 0.985
==== e(   6) =     6.68327 eV ==== 
     psi = 0.002*[#   2]+0.002*[#   6]
    |psi|^2 = 0.004
==== e(   7) =     6.91082 eV ==== 
     psi = 0.012*[#   1]+0.012*[#   5]+0.002*[#   3]+0.002*[#   4]+0.002*[#   7]
          +0.002*[#   8]
    |psi|^2 = 0.034
==== e(   8) =     7.81510 eV ==== 
     psi = 0.226*[#   1]+0.226*[#   5]+0.073*[#   3]+0.073*[#   4]+0.073*[#   7]
          +0.073*[#   8]
    |psi|^2 = 0.746

 k =   0.2424242424  0.5423593438  0.0000000000
==== e(   1) =   -17.95112 eV ==== 
     psi = 0.247*[#   1]+0.247*[#   5]+0.124*[#   3]+0.124*[#   4]+0.124*[#   7]
          +0.124*[#   8]
    |psi|^2 = 0.991
==== e(   2) =   -16.43969 eV ==== 
     psi = 0.166*[#   1]+0.166*[#   5]+0.164*[#   3]+0.164*[#   4]+0.164*[#   7]
          +0.164*[#   8]
    |psi|^2 = 0.989
==== e(   3) =   -13.84343 eV ==== 
     psi = 0.226*[#   3]+0.226*[#   4]+0.226*[#   7]+0.226*[#   8]+0.042*[#   1]
          +0.042*[#   5]
    |psi|^2 = 0.988
==== e(   4) =    -5.52648 eV ==== 
     psi = 0.498*[#   2]+0.498*[#   6]
    |psi|^2 = 0.996
==== e(   5) =    -3.03328 eV ==== 
     psi = 0.492*[#   2]+0.492*[#   6]
    |psi|^2 = 0.985
==== e(   6) =     6.73441 eV ==== 
     psi = 0.002*[#   2]+0.002*[#   6]
    |psi|^2 = 0.005
==== e(   7) =     7.30265 eV ==== 
     psi = 0.026*[#   1]+0.026*[#   5]+0.006*[#   3]+0.006*[#   4]+0.006*[#   7]
          +0.006*[#   8]
    |psi|^2 = 0.074
==== e(   8) =     7.80306 eV ==== 
     psi = 0.219*[#   1]+0.219*[#   5]+0.070*[#   3]+0.070*[#   4]+0.070*[#   7]
          +0.070*[#   8]
    |psi|^2 = 0.716

 k =   0.2424242424  0.5598548065  0.0000000000
==== e(   1) =   -17.74365 eV ==== 
     psi = 0.256*[#   1]+0.256*[#   5]+0.120*[#   3]+0.120*[#   4]+0.120*[#   7]
          +0.120*[#   8]
    |psi|^2 = 0.993
==== e(   2) =   -16.65615 eV ==== 
     psi = 0.168*[#   3]+0.168*[#   4]+0.168*[#   7]+0.168*[#   8]+0.157*[#   1]
          +0.157*[#   5]
    |psi|^2 = 0.988
==== e(   3) =   -13.87088 eV ==== 
     psi = 0.226*[#   3]+0.226*[#   4]+0.226*[#   7]+0.226*[#   8]+0.042*[#   1]
          +0.042*[#   5]
    |psi|^2 = 0.988
==== e(   4) =    -5.39295 eV ==== 
     psi = 0.498*[#   2]+0.498*[#   6]
    |psi|^2 = 0.997
==== e(   5) =    -3.17472 eV ==== 
     psi = 0.492*[#   2]+0.492*[#   6]
    |psi|^2 = 0.985
==== e(   6) =     6.75850 eV ==== 
     psi = 0.003*[#   2]+0.003*[#   6]
    |psi|^2 = 0.005
==== e(   7) =     7.64247 eV ==== 
     psi = 0.117*[#   1]+0.117*[#   5]+0.031*[#   3]+0.031*[#   4]+0.031*[#   7]
          +0.031*[#   8]
    |psi|^2 = 0.359
==== e(   8) =     7.83723 eV ==== 
     psi = 0.135*[#   1]+0.135*[#   5]+0.044*[#   3]+0.044*[#   4]+0.044*[#   7]
          +0.044*[#   8]
    |psi|^2 = 0.446

 k =   0.2424242424  0.5773502692  0.0000000000
==== e(   1) =   -17.65234 eV ==== 
     psi = 0.263*[#   1]+0.263*[#   5]+0.117*[#   3]+0.117*[#   4]+0.117*[#   7]
          +0.117*[#   8]
    |psi|^2 = 0.994
==== e(   2) =   -16.75056 eV ==== 
     psi = 0.172*[#   3]+0.172*[#   4]+0.172*[#   7]+0.172*[#   8]+0.150*[#   1]
          +0.150*[#   5]
    |psi|^2 = 0.987
==== e(   3) =   -13.87994 eV ==== 
     psi = 0.226*[#   3]+0.226*[#   4]+0.226*[#   7]+0.226*[#   8]+0.042*[#   1]
          +0.042*[#   5]
    |psi|^2 = 0.988
==== e(   4) =    -5.34432 eV ==== 
     psi = 0.498*[#   2]+0.498*[#   6]
    |psi|^2 = 0.997
==== e(   5) =    -3.22599 eV ==== 
     psi = 0.492*[#   2]+0.492*[#   6]
    |psi|^2 = 0.985
==== e(   6) =     6.76541 eV ==== 
     psi = 0.003*[#   2]+0.003*[#   6]
    |psi|^2 = 0.005
==== e(   7) =     7.72776 eV ==== 
     psi = 0.232*[#   1]+0.232*[#   5]+0.068*[#   3]+0.068*[#   4]+0.068*[#   7]
          +0.068*[#   8]
    |psi|^2 = 0.733
==== e(   8) =     8.00827 eV ==== 
     psi = 0.029*[#   1]+0.029*[#   5]+0.008*[#   3]+0.008*[#   4]+0.008*[#   7]
          +0.008*[#   8]
    |psi|^2 = 0.092

 k =   0.2575757576  0.4461342989  0.0000000000
==== e(   1) =   -19.25320 eV ==== 
     psi = 0.252*[#   1]+0.252*[#   5]+0.121*[#   3]+0.121*[#   4]+0.121*[#   7]
          +0.121*[#   8]
    |psi|^2 = 0.986
==== e(   2) =   -15.01901 eV ==== 
     psi = 0.169*[#   1]+0.169*[#   5]+0.164*[#   3]+0.164*[#   4]+0.164*[#   7]
          +0.164*[#   8]
    |psi|^2 = 0.995
==== e(   3) =   -13.43278 eV ==== 
     psi = 0.230*[#   3]+0.230*[#   4]+0.230*[#   7]+0.230*[#   8]+0.033*[#   1]
          +0.033*[#   5]
    |psi|^2 = 0.987
==== e(   4) =    -6.71968 eV ==== 
     psi = 0.498*[#   2]+0.498*[#   6]
    |psi|^2 = 0.996
==== e(   5) =    -1.71625 eV ==== 
     psi = 0.492*[#   2]+0.492*[#   6]
    |psi|^2 = 0.984
==== e(   6) =     5.36081 eV ==== 
     psi = 0.002*[#   1]+0.002*[#   5]+0.001*[#   3]+0.001*[#   4]+0.001*[#   7]
          +0.001*[#   8]
    |psi|^2 = 0.009
==== e(   7) =     5.98241 eV ==== 

    |psi|^2 = 0.000
==== e(   8) =     7.99424 eV ==== 

    |psi|^2 = 0.001

 k =   0.2575757576  0.4636297616  0.0000000000
==== e(   1) =   -18.99992 eV ==== 
     psi = 0.248*[#   1]+0.248*[#   5]+0.123*[#   3]+0.123*[#   4]+0.123*[#   7]
          +0.123*[#   8]
    |psi|^2 = 0.987
==== e(   2) =   -15.24430 eV ==== 
     psi = 0.175*[#   1]+0.175*[#   5]+0.161*[#   3]+0.161*[#   4]+0.161*[#   7]
          +0.161*[#   8]
    |psi|^2 = 0.994
==== e(   3) =   -13.62148 eV ==== 
     psi = 0.231*[#   3]+0.231*[#   4]+0.231*[#   7]+0.231*[#   8]+0.032*[#   1]
          +0.032*[#   5]
    |psi|^2 = 0.987
==== e(   4) =    -6.45691 eV ==== 
     psi = 0.498*[#   2]+0.498*[#   6]
    |psi|^2 = 0.996
==== e(   5) =    -2.00533 eV ==== 
     psi = 0.493*[#   2]+0.493*[#   6]
    |psi|^2 = 0.985
==== e(   6) =     5.72686 eV ==== 
     psi = 0.003*[#   1]+0.003*[#   5]+0.001*[#   3]+0.001*[#   4]+0.001*[#   7]
          +0.001*[#   8]
    |psi|^2 = 0.010
==== e(   7) =     6.21609 eV ==== 

    |psi|^2 = 0.000
==== e(   8) =     8.09498 eV ==== 

    |psi|^2 = 0.001

 k =   0.2575757576  0.4811252243  0.0000000000
==== e(   1) =   -18.74123 eV ==== 
     psi = 0.245*[#   1]+0.245*[#   5]+0.125*[#   3]+0.125*[#   4]+0.125*[#   7]
          +0.125*[#   8]
    |psi|^2 = 0.988
==== e(   2) =   -15.48657 eV ==== 
     psi = 0.178*[#   1]+0.178*[#   5]+0.159*[#   3]+0.159*[#   4]+0.159*[#   7]
          +0.159*[#   8]
    |psi|^2 = 0.994
==== e(   3) =   -13.77731 eV ==== 
     psi = 0.230*[#   3]+0.230*[#   4]+0.230*[#   7]+0.230*[#   8]+0.032*[#   1]
          +0.032*[#   5]
    |psi|^2 = 0.986
==== e(   4) =    -6.19491 eV ==== 
     psi = 0.498*[#   2]+0.498*[#   6]
    |psi|^2 = 0.996
==== e(   5) =    -2.28974 eV ==== 
     psi = 0.493*[#   2]+0.493*[#   6]
    |psi|^2 = 0.986
==== e(   6) =     6.10307 eV ==== 
     psi = 0.004*[#   1]+0.004*[#   5]+0.001*[#   3]+0.001*[#   4]+0.001*[#   7]
          +0.001*[#   8]
    |psi|^2 = 0.013
==== e(   7) =     6.40194 eV ==== 

    |psi|^2 = 0.001
==== e(   8) =     8.22655 eV ==== 

    |psi|^2 = 0.001

 k =   0.2575757576  0.4986206870  0.0000000000
==== e(   1) =   -18.47893 eV ==== 
     psi = 0.242*[#   1]+0.242*[#   5]+0.126*[#   3]+0.126*[#   4]+0.126*[#   7]
          +0.126*[#   8]
    |psi|^2 = 0.989
==== e(   2) =   -15.74213 eV ==== 
     psi = 0.180*[#   1]+0.180*[#   5]+0.158*[#   3]+0.158*[#   4]+0.158*[#   7]
          +0.158*[#   8]
    |psi|^2 = 0.993
==== e(   3) =   -13.90138 eV ==== 
     psi = 0.230*[#   3]+0.230*[#   4]+0.230*[#   7]+0.230*[#   8]+0.033*[#   1]
          +0.033*[#   5]
    |psi|^2 = 0.986
==== e(   4) =    -5.93811 eV ==== 
     psi = 0.498*[#   2]+0.498*[#   6]
    |psi|^2 = 0.996
==== e(   5) =    -2.56516 eV ==== 
     psi = 0.493*[#   2]+0.493*[#   6]
    |psi|^2 = 0.987
==== e(   6) =     6.48770 eV ==== 
     psi = 0.007*[#   1]+0.007*[#   5]+0.001*[#   3]+0.001*[#   4]+0.001*[#   7]
          +0.001*[#   8]
    |psi|^2 = 0.018
==== e(   7) =     6.53003 eV ==== 

    |psi|^2 = 0.001
==== e(   8) =     8.22571 eV ==== 
     psi = 0.212*[#   1]+0.212*[#   5]+0.074*[#   3]+0.074*[#   4]+0.074*[#   7]
          +0.074*[#   8]
    |psi|^2 = 0.721

 k =   0.2575757576  0.5161161497  0.0000000000
==== e(   1) =   -18.21622 eV ==== 
     psi = 0.241*[#   1]+0.241*[#   5]+0.127*[#   3]+0.127*[#   4]+0.127*[#   7]
          +0.127*[#   8]
    |psi|^2 = 0.989
==== e(   2) =   -16.00463 eV ==== 
     psi = 0.180*[#   1]+0.180*[#   5]+0.158*[#   3]+0.158*[#   4]+0.158*[#   7]
          +0.158*[#   8]
    |psi|^2 = 0.992
==== e(   3) =   -13.99619 eV ==== 
     psi = 0.229*[#   3]+0.229*[#   4]+0.229*[#   7]+0.229*[#   8]+0.034*[#   1]
          +0.034*[#   5]
    |psi|^2 = 0.986
==== e(   4) =    -5.69362 eV ==== 
     psi = 0.498*[#   2]+0.498*[#   6]
    |psi|^2 = 0.996
==== e(   5) =    -2.82452 eV ==== 
     psi = 0.493*[#   2]+0.493*[#   6]
    |psi|^2 = 0.987
==== e(   6) =     6.60468 eV ==== 
     psi = 0.001*[#   2]+0.001*[#   6]
    |psi|^2 = 0.002
==== e(   7) =     6.87802 eV ==== 
     psi = 0.010*[#   1]+0.010*[#   5]+0.002*[#   3]+0.002*[#   4]+0.002*[#   7]
          +0.002*[#   8]
    |psi|^2 = 0.028
==== e(   8) =     8.19526 eV ==== 
     psi = 0.216*[#   1]+0.216*[#   5]+0.072*[#   3]+0.072*[#   4]+0.072*[#   7]
          +0.072*[#   8]
    |psi|^2 = 0.722

 k =   0.2575757576  0.5336116124  0.0000000000
==== e(   1) =   -17.95974 eV ==== 
     psi = 0.242*[#   1]+0.242*[#   5]+0.127*[#   3]+0.127*[#   4]+0.127*[#   7]
          +0.127*[#   8]
    |psi|^2 = 0.991
==== e(   2) =   -16.26417 eV ==== 
     psi = 0.178*[#   1]+0.178*[#   5]+0.159*[#   3]+0.159*[#   4]+0.159*[#   7]
          +0.159*[#   8]
    |psi|^2 = 0.991
==== e(   3) =   -14.06451 eV ==== 
     psi = 0.229*[#   3]+0.229*[#   4]+0.229*[#   7]+0.229*[#   8]+0.036*[#   1]
          +0.036*[#   5]
    |psi|^2 = 0.986
==== e(   4) =    -5.47349 eV ==== 
     psi = 0.498*[#   2]+0.498*[#   6]
    |psi|^2 = 0.996
==== e(   5) =    -3.05578 eV ==== 
     psi = 0.494*[#   2]+0.494*[#   6]
    |psi|^2 = 0.987
==== e(   6) =     6.64120 eV ==== 
     psi = 0.001*[#   2]+0.001*[#   6]
    |psi|^2 = 0.003
==== e(   7) =     7.26911 eV ==== 
     psi = 0.016*[#   1]+0.016*[#   5]+0.004*[#   3]+0.004*[#   4]+0.004*[#   7]
          +0.004*[#   8]
    |psi|^2 = 0.047
==== e(   8) =     8.17065 eV ==== 
     psi = 0.216*[#   1]+0.216*[#   5]+0.070*[#   3]+0.070*[#   4]+0.070*[#   7]
          +0.070*[#   8]
    |psi|^2 = 0.713

 k =   0.2575757576  0.5511070751  0.0000000000
==== e(   1) =   -17.72608 eV ==== 
     psi = 0.247*[#   1]+0.247*[#   5]+0.124*[#   3]+0.124*[#   4]+0.124*[#   7]
          +0.124*[#   8]
    |psi|^2 = 0.992
==== e(   2) =   -16.50141 eV ==== 
     psi = 0.173*[#   1]+0.173*[#   5]+0.161*[#   3]+0.161*[#   4]+0.161*[#   7]
          +0.161*[#   8]
    |psi|^2 = 0.990
==== e(   3) =   -14.10870 eV ==== 
     psi = 0.228*[#   3]+0.228*[#   4]+0.228*[#   7]+0.228*[#   8]+0.037*[#   1]
          +0.037*[#   5]
    |psi|^2 = 0.986
==== e(   4) =    -5.29803 eV ==== 
     psi = 0.498*[#   2]+0.498*[#   6]
    |psi|^2 = 0.996
==== e(   5) =    -3.23867 eV ==== 
     psi = 0.494*[#   2]+0.494*[#   6]
    |psi|^2 = 0.987
==== e(   6) =     6.65597 eV ==== 
     psi = 0.002*[#   2]+0.002*[#   6]
    |psi|^2 = 0.003
==== e(   7) =     7.64998 eV ==== 
     psi = 0.031*[#   1]+0.031*[#   5]+0.008*[#   3]+0.008*[#   4]+0.008*[#   7]
          +0.008*[#   8]
    |psi|^2 = 0.093
==== e(   8) =     8.15306 eV ==== 
     psi = 0.208*[#   1]+0.208*[#   5]+0.066*[#   3]+0.066*[#   4]+0.066*[#   7]
          +0.066*[#   8]
    |psi|^2 = 0.679

 k =   0.2575757576  0.5686025378  0.0000000000
==== e(   1) =   -17.56298 eV ==== 
     psi = 0.256*[#   1]+0.256*[#   5]+0.121*[#   3]+0.121*[#   4]+0.121*[#   7]
          +0.121*[#   8]
    |psi|^2 = 0.993
==== e(   2) =   -16.66677 eV ==== 
     psi = 0.165*[#   3]+0.165*[#   4]+0.165*[#   7]+0.165*[#   8]+0.164*[#   1]
          +0.164*[#   5]
    |psi|^2 = 0.989
==== e(   3) =   -14.13039 eV ==== 
     psi = 0.228*[#   3]+0.228*[#   4]+0.228*[#   7]+0.228*[#   8]+0.037*[#   1]
          +0.037*[#   5]
    |psi|^2 = 0.986
==== e(   4) =    -5.19686 eV ==== 
     psi = 0.498*[#   2]+0.498*[#   6]
    |psi|^2 = 0.996
==== e(   5) =    -3.34356 eV ==== 
     psi = 0.493*[#   2]+0.493*[#   6]
    |psi|^2 = 0.987
==== e(   6) =     6.66055 eV ==== 
     psi = 0.002*[#   2]+0.002*[#   6]
    |psi|^2 = 0.004
==== e(   7) =     7.97851 eV ==== 
     psi = 0.101*[#   1]+0.101*[#   5]+0.028*[#   3]+0.028*[#   4]+0.028*[#   7]
          +0.028*[#   8]
    |psi|^2 = 0.313
==== e(   8) =     8.13885 eV ==== 
     psi = 0.141*[#   1]+0.141*[#   5]+0.044*[#   3]+0.044*[#   4]+0.044*[#   7]
          +0.044*[#   8]
    |psi|^2 = 0.456

 k =   0.2727272727  0.4723774930  0.0000000000
==== e(   1) =   -18.74563 eV ==== 
     psi = 0.244*[#   1]+0.244*[#   5]+0.125*[#   3]+0.125*[#   4]+0.125*[#   7]
          +0.125*[#   8]
    |psi|^2 = 0.988
==== e(   2) =   -15.43929 eV ==== 
     psi = 0.181*[#   1]+0.181*[#   5]+0.158*[#   3]+0.158*[#   4]+0.158*[#   7]
          +0.158*[#   8]
    |psi|^2 = 0.994
==== e(   3) =   -13.82809 eV ==== 
     psi = 0.232*[#   3]+0.232*[#   4]+0.232*[#   7]+0.232*[#   8]+0.030*[#   1]
          +0.030*[#   5]
    |psi|^2 = 0.986
==== e(   4) =    -6.19456 eV ==== 
     psi = 0.498*[#   2]+0.498*[#   6]
    |psi|^2 = 0.996
==== e(   5) =    -2.28316 eV ==== 
     psi = 0.493*[#   2]+0.493*[#   6]
    |psi|^2 = 0.986
==== e(   6) =     6.09604 eV ==== 
     psi = 0.004*[#   1]+0.004*[#   5]+0.001*[#   3]+0.001*[#   4]+0.001*[#   7]
          +0.001*[#   8]
    |psi|^2 = 0.013
==== e(   7) =     6.38783 eV ==== 

    |psi|^2 = 0.000
==== e(   8) =     8.21593 eV ==== 

    |psi|^2 = 0.001

 k =   0.2727272727  0.4898729557  0.0000000000
==== e(   1) =   -18.48691 eV ==== 
     psi = 0.242*[#   1]+0.242*[#   5]+0.126*[#   3]+0.126*[#   4]+0.126*[#   7]
          +0.126*[#   8]
    |psi|^2 = 0.988
==== e(   2) =   -15.65214 eV ==== 
     psi = 0.186*[#   1]+0.186*[#   5]+0.155*[#   3]+0.155*[#   4]+0.155*[#   7]
          +0.155*[#   8]
    |psi|^2 = 0.994
==== e(   3) =   -14.00007 eV ==== 
     psi = 0.232*[#   3]+0.232*[#   4]+0.232*[#   7]+0.232*[#   8]+0.028*[#   1]
          +0.028*[#   5]
    |psi|^2 = 0.985
==== e(   4) =    -5.93353 eV ==== 
     psi = 0.498*[#   2]+0.498*[#   6]
    |psi|^2 = 0.996
==== e(   5) =    -2.55683 eV ==== 
     psi = 0.494*[#   2]+0.494*[#   6]
    |psi|^2 = 0.988
==== e(   6) =     6.47382 eV ==== 
     psi = 0.006*[#   1]+0.006*[#   5]+0.001*[#   3]+0.001*[#   4]+0.001*[#   7]
          +0.001*[#   8]
    |psi|^2 = 0.018
==== e(   7) =     6.49917 eV ==== 

    |psi|^2 = 0.001
==== e(   8) =     8.39865 eV ==== 

    |psi|^2 = 0.001

 k =   0.2727272727  0.5073684184  0.0000000000
==== e(   1) =   -18.22606 eV ==== 
     psi = 0.240*[#   1]+0.240*[#   5]+0.128*[#   3]+0.128*[#   4]+0.128*[#   7]
          +0.128*[#   8]
    |psi|^2 = 0.989
==== e(   2) =   -15.88083 eV ==== 
     psi = 0.189*[#   1]+0.189*[#   5]+0.154*[#   3]+0.154*[#   4]+0.154*[#   7]
          +0.154*[#   8]
    |psi|^2 = 0.994
==== e(   3) =   -14.13639 eV ==== 
     psi = 0.233*[#   3]+0.233*[#   4]+0.233*[#   7]+0.233*[#   8]+0.028*[#   1]
          +0.028*[#   5]
    |psi|^2 = 0.985
==== e(   4) =    -5.67855 eV ==== 
     psi = 0.498*[#   2]+0.498*[#   6]
    |psi|^2 = 0.996
==== e(   5) =    -2.82184 eV ==== 
     psi = 0.494*[#   2]+0.494*[#   6]
    |psi|^2 = 0.988
==== e(   6) =     6.55630 eV ==== 

    |psi|^2 = 0.001
==== e(   7) =     6.85771 eV ==== 
     psi = 0.009*[#   1]+0.009*[#   5]+0.002*[#   3]+0.002*[#   4]+0.002*[#   7]
          +0.002*[#   8]
    |psi|^2 = 0.026
==== e(   8) =     8.53363 eV ==== 
     psi = 0.207*[#   1]+0.207*[#   5]+0.069*[#   3]+0.069*[#   4]+0.069*[#   7]
          +0.069*[#   8]
    |psi|^2 = 0.691

 k =   0.2727272727  0.5248638811  0.0000000000
==== e(   1) =   -17.96732 eV ==== 
     psi = 0.239*[#   1]+0.239*[#   5]+0.128*[#   3]+0.128*[#   4]+0.128*[#   7]
          +0.128*[#   8]
    |psi|^2 = 0.990
==== e(   2) =   -16.11916 eV ==== 
     psi = 0.190*[#   1]+0.190*[#   5]+0.153*[#   3]+0.153*[#   4]+0.153*[#   7]
          +0.153*[#   8]
    |psi|^2 = 0.993
==== e(   3) =   -14.23841 eV ==== 
     psi = 0.232*[#   3]+0.232*[#   4]+0.232*[#   7]+0.232*[#   8]+0.028*[#   1]
          +0.028*[#   5]
    |psi|^2 = 0.985
==== e(   4) =    -5.43784 eV ==== 
     psi = 0.498*[#   2]+0.498*[#   6]
    |psi|^2 = 0.996
==== e(   5) =    -3.07018 eV ==== 
     psi = 0.494*[#   2]+0.494*[#   6]
    |psi|^2 = 0.989
==== e(   6) =     6.57679 eV ==== 

    |psi|^2 = 0.002
==== e(   7) =     7.24357 eV ==== 
     psi = 0.014*[#   1]+0.014*[#   5]+0.003*[#   3]+0.003*[#   4]+0.003*[#   7]
          +0.003*[#   8]
    |psi|^2 = 0.040
==== e(   8) =     8.49847 eV ==== 
     psi = 0.207*[#   1]+0.207*[#   5]+0.067*[#   3]+0.067*[#   4]+0.067*[#   7]
          +0.067*[#   8]
    |psi|^2 = 0.683

 k =   0.2727272727  0.5423593438  0.0000000000
==== e(   1) =   -17.72023 eV ==== 
     psi = 0.241*[#   1]+0.241*[#   5]+0.128*[#   3]+0.128*[#   4]+0.128*[#   7]
          +0.128*[#   8]
    |psi|^2 = 0.991
==== e(   2) =   -16.35459 eV ==== 
     psi = 0.188*[#   1]+0.188*[#   5]+0.154*[#   3]+0.154*[#   4]+0.154*[#   7]
          +0.154*[#   8]
    |psi|^2 = 0.992
==== e(   3) =   -14.30867 eV ==== 
     psi = 0.232*[#   3]+0.232*[#   4]+0.232*[#   7]+0.232*[#   8]+0.029*[#   1]
          +0.029*[#   5]
    |psi|^2 = 0.985
==== e(   4) =    -5.22650 eV ==== 
     psi = 0.498*[#   2]+0.498*[#   6]
    |psi|^2 = 0.996
==== e(   5) =    -3.28687 eV ==== 
     psi = 0.495*[#   2]+0.495*[#   6]
    |psi|^2 = 0.989
==== e(   6) =     6.57877 eV ==== 

    |psi|^2 = 0.002
==== e(   7) =     7.62389 eV ==== 
     psi = 0.023*[#   1]+0.023*[#   5]+0.005*[#   3]+0.005*[#   4]+0.005*[#   7]
          +0.005*[#   8]
    |psi|^2 = 0.067
==== e(   8) =     8.46624 eV ==== 
     psi = 0.202*[#   1]+0.202*[#   5]+0.064*[#   3]+0.064*[#   4]+0.064*[#   7]
          +0.064*[#   8]
    |psi|^2 = 0.662

 k =   0.2727272727  0.5598548065  0.0000000000
==== e(   1) =   -17.51145 eV ==== 
     psi = 0.246*[#   1]+0.246*[#   5]+0.125*[#   3]+0.125*[#   4]+0.125*[#   7]
          +0.125*[#   8]
    |psi|^2 = 0.993
==== e(   2) =   -16.55766 eV ==== 
     psi = 0.181*[#   1]+0.181*[#   5]+0.157*[#   3]+0.157*[#   4]+0.157*[#   7]
          +0.157*[#   8]
    |psi|^2 = 0.991
==== e(   3) =   -14.34968 eV ==== 
     psi = 0.232*[#   3]+0.232*[#   4]+0.232*[#   7]+0.232*[#   8]+0.029*[#   1]
          +0.029*[#   5]
    |psi|^2 = 0.985
==== e(   4) =    -5.07196 eV ==== 
     psi = 0.498*[#   2]+0.498*[#   6]
    |psi|^2 = 0.996
==== e(   5) =    -3.44458 eV ==== 
     psi = 0.495*[#   2]+0.495*[#   6]
    |psi|^2 = 0.989
==== e(   6) =     6.57519 eV ==== 
     psi = 0.001*[#   2]+0.001*[#   6]
    |psi|^2 = 0.002
==== e(   7) =     7.98221 eV ==== 
     psi = 0.040*[#   1]+0.040*[#   5]+0.011*[#   3]+0.011*[#   4]+0.011*[#   7]
          +0.011*[#   8]
    |psi|^2 = 0.124
==== e(   8) =     8.41987 eV ==== 
     psi = 0.182*[#   1]+0.182*[#   5]+0.056*[#   3]+0.056*[#   4]+0.056*[#   7]
          +0.056*[#   8]
    |psi|^2 = 0.588

 k =   0.2727272727  0.5773502692  0.0000000000
==== e(   1) =   -17.41685 eV ==== 
     psi = 0.252*[#   1]+0.252*[#   5]+0.122*[#   3]+0.122*[#   4]+0.122*[#   7]
          +0.122*[#   8]
    |psi|^2 = 0.994
==== e(   2) =   -16.65057 eV ==== 
     psi = 0.176*[#   1]+0.176*[#   5]+0.160*[#   3]+0.160*[#   4]+0.160*[#   7]
          +0.160*[#   8]
    |psi|^2 = 0.990
==== e(   3) =   -14.36315 eV ==== 
     psi = 0.232*[#   3]+0.232*[#   4]+0.232*[#   7]+0.232*[#   8]+0.030*[#   1]
          +0.030*[#   5]
    |psi|^2 = 0.985
==== e(   4) =    -5.01309 eV ==== 
     psi = 0.498*[#   2]+0.498*[#   6]
    |psi|^2 = 0.996
==== e(   5) =    -3.50450 eV ==== 
     psi = 0.495*[#   2]+0.495*[#   6]
    |psi|^2 = 0.989
==== e(   6) =     6.57325 eV ==== 
     psi = 0.001*[#   2]+0.001*[#   6]
    |psi|^2 = 0.002
==== e(   7) =     8.24997 eV ==== 
     psi = 0.044*[#   1]+0.044*[#   5]+0.013*[#   3]+0.013*[#   4]+0.013*[#   7]
          +0.013*[#   8]
    |psi|^2 = 0.142
==== e(   8) =     8.30229 eV ==== 
     psi = 0.159*[#   1]+0.159*[#   5]+0.046*[#   3]+0.046*[#   4]+0.046*[#   7]
          +0.046*[#   8]
    |psi|^2 = 0.501

 k =   0.2878787879  0.4986206870  0.0000000000
==== e(   1) =   -18.22941 eV ==== 
     psi = 0.239*[#   1]+0.239*[#   5]+0.128*[#   3]+0.128*[#   4]+0.128*[#   7]
          +0.128*[#   8]
    |psi|^2 = 0.989
==== e(   2) =   -15.83451 eV ==== 
     psi = 0.193*[#   1]+0.193*[#   5]+0.152*[#   3]+0.152*[#   4]+0.152*[#   7]
          +0.152*[#   8]
    |psi|^2 = 0.994
==== e(   3) =   -14.18813 eV ==== 
     psi = 0.234*[#   3]+0.234*[#   4]+0.234*[#   7]+0.234*[#   8]+0.024*[#   1]
          +0.024*[#   5]
    |psi|^2 = 0.985
==== e(   4) =    -5.67357 eV ==== 
     psi = 0.498*[#   2]+0.498*[#   6]
    |psi|^2 = 0.996
==== e(   5) =    -2.82081 eV ==== 
     psi = 0.494*[#   2]+0.494*[#   6]
    |psi|^2 = 0.989
==== e(   6) =     6.53996 eV ==== 

    |psi|^2 = 0.001
==== e(   7) =     6.85087 eV ==== 
     psi = 0.009*[#   1]+0.009*[#   5]+0.002*[#   3]+0.002*[#   4]+0.002*[#   7]
          +0.002*[#   8]
    |psi|^2 = 0.025
==== e(   8) =     8.64227 eV ==== 

    |psi|^2 = 0.001

 k =   0.2878787879  0.5161161497  0.0000000000
==== e(   1) =   -17.97160 eV ==== 
     psi = 0.237*[#   1]+0.237*[#   5]+0.129*[#   3]+0.129*[#   4]+0.129*[#   7]
          +0.129*[#   8]
    |psi|^2 = 0.990
==== e(   2) =   -16.03396 eV ==== 
     psi = 0.198*[#   1]+0.198*[#   5]+0.149*[#   3]+0.149*[#   4]+0.149*[#   7]
          +0.149*[#   8]
    |psi|^2 = 0.994
==== e(   3) =   -14.33767 eV ==== 
     psi = 0.235*[#   3]+0.235*[#   4]+0.235*[#   7]+0.235*[#   8]+0.022*[#   1]
          +0.022*[#   5]
    |psi|^2 = 0.984
==== e(   4) =    -5.41992 eV ==== 
     psi = 0.498*[#   2]+0.498*[#   6]
    |psi|^2 = 0.996
==== e(   5) =    -3.07718 eV ==== 
     psi = 0.495*[#   2]+0.495*[#   6]
    |psi|^2 = 0.990
==== e(   6) =     6.54391 eV ==== 

    |psi|^2 = 0.001
==== e(   7) =     7.23038 eV ==== 
     psi = 0.013*[#   1]+0.013*[#   5]+0.003*[#   3]+0.003*[#   4]+0.003*[#   7]
          +0.003*[#   8]
    |psi|^2 = 0.038
==== e(   8) =     8.73670 eV ==== 
     psi = 0.202*[#   1]+0.202*[#   5]+0.062*[#   3]+0.062*[#   4]+0.062*[#   7]
          +0.062*[#   8]
    |psi|^2 = 0.652

 k =   0.2878787879  0.5336116124  0.0000000000
==== e(   1) =   -17.71908 eV ==== 
     psi = 0.237*[#   1]+0.237*[#   5]+0.129*[#   3]+0.129*[#   4]+0.129*[#   7]
          +0.129*[#   8]
    |psi|^2 = 0.991
==== e(   2) =   -16.24532 eV ==== 
     psi = 0.200*[#   1]+0.200*[#   5]+0.148*[#   3]+0.148*[#   4]+0.148*[#   7]
          +0.148*[#   8]
    |psi|^2 = 0.993
==== e(   3) =   -14.44768 eV ==== 
     psi = 0.236*[#   3]+0.236*[#   4]+0.236*[#   7]+0.236*[#   8]+0.020*[#   1]
          +0.020*[#   5]
    |psi|^2 = 0.984
==== e(   4) =    -5.18186 eV ==== 
     psi = 0.498*[#   2]+0.498*[#   6]
    |psi|^2 = 0.996
==== e(   5) =    -3.31700 eV ==== 
     psi = 0.495*[#   2]+0.495*[#   6]
    |psi|^2 = 0.990
==== e(   6) =     6.53094 eV ==== 

    |psi|^2 = 0.001
==== e(   7) =     7.60580 eV ==== 
     psi = 0.020*[#   1]+0.020*[#   5]+0.005*[#   3]+0.005*[#   4]+0.005*[#   7]
          +0.005*[#   8]
    |psi|^2 = 0.060
==== e(   8) =     8.70153 eV ==== 
     psi = 0.191*[#   1]+0.191*[#   5]+0.059*[#   3]+0.059*[#   4]+0.059*[#   7]
          +0.059*[#   8]
    |psi|^2 = 0.619

 k =   0.2878787879  0.5511070751  0.0000000000
==== e(   1) =   -17.48574 eV ==== 
     psi = 0.239*[#   1]+0.239*[#   5]+0.128*[#   3]+0.128*[#   4]+0.128*[#   7]
          +0.128*[#   8]
    |psi|^2 = 0.992
==== e(   2) =   -16.45313 eV ==== 
     psi = 0.199*[#   1]+0.199*[#   5]+0.149*[#   3]+0.149*[#   4]+0.149*[#   7]
          +0.149*[#   8]
    |psi|^2 = 0.992
==== e(   3) =   -14.51933 eV ==== 
     psi = 0.236*[#   3]+0.236*[#   4]+0.236*[#   7]+0.236*[#   8]+0.020*[#   1]
          +0.020*[#   5]
    |psi|^2 = 0.984
==== e(   4) =    -4.97895 eV ==== 
     psi = 0.498*[#   2]+0.498*[#   6]
    |psi|^2 = 0.996
==== e(   5) =    -3.52095 eV ==== 
     psi = 0.495*[#   2]+0.495*[#   6]
    |psi|^2 = 0.991
==== e(   6) =     6.51538 eV ==== 

    |psi|^2 = 0.001
==== e(   7) =     7.96476 eV ==== 
     psi = 0.033*[#   1]+0.033*[#   5]+0.009*[#   3]+0.009*[#   4]+0.009*[#   7]
          +0.009*[#   8]
    |psi|^2 = 0.101
==== e(   8) =     8.64909 eV ==== 
     psi = 0.173*[#   1]+0.173*[#   5]+0.053*[#   3]+0.053*[#   4]+0.053*[#   7]
          +0.053*[#   8]
    |psi|^2 = 0.559

 k =   0.2878787879  0.5686025378  0.0000000000
==== e(   1) =   -17.31606 eV ==== 
     psi = 0.245*[#   1]+0.245*[#   5]+0.126*[#   3]+0.126*[#   4]+0.126*[#   7]
          +0.126*[#   8]
    |psi|^2 = 0.993
==== e(   2) =   -16.61075 eV ==== 
     psi = 0.193*[#   1]+0.193*[#   5]+0.151*[#   3]+0.151*[#   4]+0.151*[#   7]
          +0.151*[#   8]
    |psi|^2 = 0.991
==== e(   3) =   -14.55452 eV ==== 
     psi = 0.236*[#   3]+0.236*[#   4]+0.236*[#   7]+0.236*[#   8]+0.020*[#   1]
          +0.020*[#   5]
    |psi|^2 = 0.984
==== e(   4) =    -4.85150 eV ==== 
     psi = 0.498*[#   2]+0.498*[#   6]
    |psi|^2 = 0.996
==== e(   5) =    -3.64887 eV ==== 
     psi = 0.495*[#   2]+0.495*[#   6]
    |psi|^2 = 0.991
==== e(   6) =     6.50568 eV ==== 

    |psi|^2 = 0.001
==== e(   7) =     8.27802 eV ==== 
     psi = 0.054*[#   1]+0.054*[#   5]+0.016*[#   3]+0.016*[#   4]+0.016*[#   7]
          +0.016*[#   8]
    |psi|^2 = 0.170
==== e(   8) =     8.53959 eV ==== 
     psi = 0.134*[#   1]+0.134*[#   5]+0.040*[#   3]+0.040*[#   4]+0.040*[#   7]
          +0.040*[#   8]
    |psi|^2 = 0.426

 k =   0.3030303030  0.5248638811  0.0000000000
==== e(   1) =   -17.71906 eV ==== 
     psi = 0.236*[#   1]+0.236*[#   5]+0.130*[#   3]+0.130*[#   4]+0.130*[#   7]
          +0.130*[#   8]
    |psi|^2 = 0.991
==== e(   2) =   -16.20404 eV ==== 
     psi = 0.205*[#   1]+0.205*[#   5]+0.146*[#   3]+0.146*[#   4]+0.146*[#   7]
          +0.146*[#   8]
    |psi|^2 = 0.994
==== e(   3) =   -14.49855 eV ==== 
     psi = 0.238*[#   3]+0.238*[#   4]+0.238*[#   7]+0.238*[#   8]+0.016*[#   1]
          +0.016*[#   5]
    |psi|^2 = 0.983
==== e(   4) =    -5.16666 eV ==== 
     psi = 0.498*[#   2]+0.498*[#   6]
    |psi|^2 = 0.995
==== e(   5) =    -3.32727 eV ==== 
     psi = 0.495*[#   2]+0.495*[#   6]
    |psi|^2 = 0.991
==== e(   6) =     6.51476 eV ==== 

    |psi|^2 = 0.001
==== e(   7) =     7.59955 eV ==== 
     psi = 0.020*[#   1]+0.020*[#   5]+0.005*[#   3]+0.005*[#   4]+0.005*[#   7]
          +0.005*[#   8]
    |psi|^2 = 0.059
==== e(   8) =     8.79543 eV ==== 
     psi = 0.184*[#   1]+0.184*[#   5]+0.056*[#   3]+0.056*[#   4]+0.056*[#   7]
          +0.056*[#   8]
    |psi|^2 = 0.591

 k =   0.3030303030  0.5423593438  0.0000000000
==== e(   1) =   -17.47548 eV ==== 
     psi = 0.236*[#   1]+0.236*[#   5]+0.130*[#   3]+0.130*[#   4]+0.130*[#   7]
          +0.130*[#   8]
    |psi|^2 = 0.992
==== e(   2) =   -16.38791 eV ==== 
     psi = 0.210*[#   1]+0.210*[#   5]+0.144*[#   3]+0.144*[#   4]+0.144*[#   7]
          +0.144*[#   8]
    |psi|^2 = 0.994
==== e(   3) =   -14.61462 eV ==== 
     psi = 0.239*[#   3]+0.239*[#   4]+0.239*[#   7]+0.239*[#   8]+0.012*[#   1]
          +0.012*[#   5]
    |psi|^2 = 0.983
==== e(   4) =    -4.92849 eV ==== 
     psi = 0.498*[#   2]+0.498*[#   6]
    |psi|^2 = 0.995
==== e(   5) =    -3.56286 eV ==== 
     psi = 0.496*[#   2]+0.496*[#   6]
    |psi|^2 = 0.992
==== e(   6) =     6.48465 eV ==== 

    |psi|^2 = 0.001
==== e(   7) =     7.95427 eV ==== 
     psi = 0.031*[#   1]+0.031*[#   5]+0.008*[#   3]+0.008*[#   4]+0.008*[#   7]
          +0.008*[#   8]
    |psi|^2 = 0.095
==== e(   8) =     8.77615 eV ==== 
     psi = 0.165*[#   1]+0.165*[#   5]+0.050*[#   3]+0.050*[#   4]+0.050*[#   7]
          +0.050*[#   8]
    |psi|^2 = 0.531

 k =   0.3030303030  0.5598548065  0.0000000000
==== e(   1) =   -17.26100 eV ==== 
     psi = 0.238*[#   1]+0.238*[#   5]+0.129*[#   3]+0.129*[#   4]+0.129*[#   7]
          +0.129*[#   8]
    |psi|^2 = 0.993
==== e(   2) =   -16.56677 eV ==== 
     psi = 0.210*[#   1]+0.210*[#   5]+0.143*[#   3]+0.143*[#   4]+0.143*[#   7]
          +0.143*[#   8]
    |psi|^2 = 0.993
==== e(   3) =   -14.68420 eV ==== 
     psi = 0.240*[#   3]+0.240*[#   4]+0.240*[#   7]+0.240*[#   8]+0.010*[#   1]
          +0.010*[#   5]
    |psi|^2 = 0.982
==== e(   4) =    -4.73163 eV ==== 
     psi = 0.498*[#   2]+0.498*[#   6]
    |psi|^2 = 0.995
==== e(   5) =    -3.75803 eV ==== 
     psi = 0.496*[#   2]+0.496*[#   6]
    |psi|^2 = 0.992
==== e(   6) =     6.46325 eV ==== 

    |psi|^2 = 0.000
==== e(   7) =     8.27311 eV ==== 
     psi = 0.050*[#   1]+0.050*[#   5]+0.014*[#   3]+0.014*[#   4]+0.014*[#   7]
          +0.014*[#   8]
    |psi|^2 = 0.157
==== e(   8) =     8.70844 eV ==== 
     psi = 0.139*[#   1]+0.139*[#   5]+0.042*[#   3]+0.042*[#   4]+0.042*[#   7]
          +0.042*[#   8]
    |psi|^2 = 0.447

 k =   0.3030303030  0.5773502692  0.0000000000
==== e(   1) =   -17.15407 eV ==== 
     psi = 0.241*[#   1]+0.241*[#   5]+0.128*[#   3]+0.128*[#   4]+0.128*[#   7]
          +0.128*[#   8]
    |psi|^2 = 0.994
==== e(   2) =   -16.66192 eV ==== 
     psi = 0.208*[#   1]+0.208*[#   5]+0.144*[#   3]+0.144*[#   4]+0.144*[#   7]
          +0.144*[#   8]
    |psi|^2 = 0.993
==== e(   3) =   -14.70732 eV ==== 
     psi = 0.241*[#   3]+0.241*[#   4]+0.241*[#   7]+0.241*[#   8]+0.010*[#   1]
          +0.010*[#   5]
    |psi|^2 = 0.982
==== e(   4) =    -4.64491 eV ==== 
     psi = 0.498*[#   2]+0.498*[#   6]
    |psi|^2 = 0.995
==== e(   5) =    -3.84417 eV ==== 
     psi = 0.496*[#   2]+0.496*[#   6]
    |psi|^2 = 0.992
==== e(   6) =     6.45559 eV ==== 

    |psi|^2 = 0.000
==== e(   7) =     8.47555 eV ==== 
     psi = 0.067*[#   1]+0.067*[#   5]+0.021*[#   3]+0.021*[#   4]+0.021*[#   7]
          +0.021*[#   8]
    |psi|^2 = 0.218
==== e(   8) =     8.60588 eV ==== 
     psi = 0.115*[#   1]+0.115*[#   5]+0.034*[#   3]+0.034*[#   4]+0.034*[#   7]
          +0.034*[#   8]
    |psi|^2 = 0.366

 k =   0.3181818182  0.5511070751  0.0000000000
==== e(   1) =   -17.24407 eV ==== 
     psi = 0.235*[#   1]+0.235*[#   5]+0.131*[#   3]+0.131*[#   4]+0.131*[#   7]
          +0.131*[#   8]
    |psi|^2 = 0.993
==== e(   2) =   -16.54739 eV ==== 
     psi = 0.217*[#   1]+0.217*[#   5]+0.140*[#   3]+0.140*[#   4]+0.140*[#   7]
          +0.140*[#   8]
    |psi|^2 = 0.994
==== e(   3) =   -14.73075 eV ==== 
     psi = 0.242*[#   3]+0.242*[#   4]+0.242*[#   7]+0.242*[#   8]+0.006*[#   1]
          +0.006*[#   5]
    |psi|^2 = 0.982
==== e(   4) =    -4.68506 eV ==== 
     psi = 0.497*[#   2]+0.497*[#   6]
    |psi|^2 = 0.995
==== e(   5) =    -3.80097 eV ==== 
     psi = 0.496*[#   2]+0.496*[#   6]
    |psi|^2 = 0.993
==== e(   6) =     6.44880 eV ==== 

    |psi|^2 = 0.000
==== e(   7) =     8.27008 eV ==== 
     psi = 0.048*[#   1]+0.048*[#   5]+0.014*[#   3]+0.014*[#   4]+0.014*[#   7]
          +0.014*[#   8]
    |psi|^2 = 0.153
==== e(   8) =     8.76888 eV ==== 
     psi = 0.142*[#   1]+0.142*[#   5]+0.044*[#   3]+0.044*[#   4]+0.044*[#   7]
          +0.044*[#   8]
    |psi|^2 = 0.459

 k =   0.3181818182  0.5686025378  0.0000000000
==== e(   1) =   -17.05180 eV ==== 
     psi = 0.235*[#   1]+0.235*[#   5]+0.131*[#   3]+0.131*[#   4]+0.131*[#   7]
          +0.131*[#   8]
    |psi|^2 = 0.993
==== e(   2) =   -16.70238 eV ==== 
     psi = 0.221*[#   1]+0.221*[#   5]+0.138*[#   3]+0.138*[#   4]+0.138*[#   7]
          +0.138*[#   8]
    |psi|^2 = 0.994
==== e(   3) =   -14.79021 eV ==== 
     psi = 0.244*[#   3]+0.244*[#   4]+0.244*[#   7]+0.244*[#   8]+0.003*[#   1]
          +0.003*[#   5]
    |psi|^2 = 0.981
==== e(   4) =    -4.48528 eV ==== 
     psi = 0.497*[#   2]+0.497*[#   6]
    |psi|^2 = 0.995
==== e(   5) =    -3.99800 eV ==== 
     psi = 0.497*[#   2]+0.497*[#   6]
    |psi|^2 = 0.993
==== e(   6) =     6.42951 eV ==== 

    |psi|^2 = 0.000
==== e(   7) =     8.51660 eV ==== 
     psi = 0.074*[#   1]+0.074*[#   5]+0.023*[#   3]+0.023*[#   4]+0.023*[#   7]
          +0.023*[#   8]
    |psi|^2 = 0.240
==== e(   8) =     8.70695 eV ==== 
     psi = 0.119*[#   1]+0.119*[#   5]+0.037*[#   3]+0.037*[#   4]+0.037*[#   7]
          +0.037*[#   8]
    |psi|^2 = 0.384

 k =   0.3333333333  0.5773502692  0.0000000000
==== e(   1) =   -16.86416 eV ==== 
     psi = 0.229*[#   1]+0.229*[#   5]+0.134*[#   3]+0.134*[#   4]+0.134*[#   7]
          +0.134*[#   8]
    |psi|^2 = 0.994
==== e(   2) =   -16.86416 eV ==== 
     psi = 0.229*[#   1]+0.229*[#   5]+0.134*[#   3]+0.134*[#   4]+0.134*[#   7]
          +0.134*[#   8]
    |psi|^2 = 0.994
==== e(   3) =   -14.82689 eV ==== 
     psi = 0.245*[#   3]+0.245*[#   4]+0.245*[#   7]+0.245*[#   8]
    |psi|^2 = 0.981
==== e(   4) =    -4.24055 eV ==== 
     psi = 0.497*[#   2]+0.497*[#   6]
    |psi|^2 = 0.994
==== e(   5) =    -4.24055 eV ==== 
     psi = 0.497*[#   2]+0.497*[#   6]
    |psi|^2 = 0.994
==== e(   6) =     6.41788 eV ==== 

    |psi|^2 = 0.000
==== e(   7) =     8.65770 eV ==== 
     psi = 0.101*[#   1]+0.101*[#   5]+0.031*[#   3]+0.031*[#   4]+0.031*[#   7]
          +0.031*[#   8]
    |psi|^2 = 0.327
==== e(   8) =     8.65770 eV ==== 
     psi = 0.101*[#   1]+0.101*[#   5]+0.031*[#   3]+0.031*[#   4]+0.031*[#   7]
          +0.031*[#   8]
    |psi|^2 = 0.327

Lowdin Charges: 

     Atom #   1: total charge =   3.9565, s =  0.8873, 
     Atom #   1: total charge =   3.9565, p =  3.0693, pz=  0.9868, px=  1.0412, py=  1.0412, 
     Atom #   2: total charge =   3.9565, s =  0.8873, 
     Atom #   2: total charge =   3.9565, p =  3.0693, pz=  0.9868, px=  1.0412, py=  1.0412, 
     Spilling Parameter:   0.0109

     PROJWFC      :      0.69s CPU      0.77s WALL


   This run was terminated on:  15: 7:12  27Aug2026            

=------------------------------------------------------------------------------=
   JOB DONE.
=------------------------------------------------------------------------------=
Note: The following floating-point exceptions are signalling: IEEE_INVALID_FLAG
Note: The following floating-point exceptions are signalling: IEEE_INVALID_FLAG
Note: The following floating-point exceptions are signalling: IEEE_INVALID_FLAG
Note: The following floating-point exceptions are signalling: IEEE_INVALID_FLAG
